Index,demand
0,0.046555664
1,0.037800465
2,-0.006263584
3,0.020797178
4,0.051931303
5,0.0011293665
6,0.05144542
7,0.1025847
8,0.043517683
9,0.06545132
10,0.04027173
11,0.24015981
12,0.23090994
13,0.021519132
14,0.111339815
15,0.027031146
16,0.15796705
17,0.05685679
18,0.102888525
19,0.051787734
20,0.013145208
21,0.002656877
22,0.08758992
23,0.06876254
24,0.4492609
25,0.10397664
26,0.033979323
27,0.07532474
28,0.038234595
29,0.009985924
30,0.024138838
31,0.026701517
32,0.03839838
33,0.124398075
34,0.25567585
35,0.40586978
36,0.045599703
37,0.04266894
38,0.06360911
39,0.123625614
40,0.009360567
41,0.0060257986
42,0.019049905
43,0.046312705
44,0.032944303
45,0.06511071
46,0.055192947
47,0.4045938
48,0.1235645
49,0.12116517
50,0.28687313
51,0.049576048
52,0.023194477
53,0.15898186
54,0.02157259
55,0.046402033
56,0.11720061
57,0.020398028
58,0.039665703
59,0.03528567
60,0.030114673
61,0.08456142
62,0.10914399
63,0.045980193
64,0.04016887
65,0.3936655
66,0.036284544
67,0.051307548
68,0.04149391
69,0.058802877
70,0.03409805
71,0.037611682
72,0.005809419
73,0.056925517
74,0.06278456
75,0.031328123
76,0.05961949
77,0.119455144
78,0.1798542
79,0.03668774
80,0.04328083
81,0.015086487
82,0.01671169
83,0.11551686
84,0.09174142
85,0.054534968
86,0.13295607
87,0.44435897
88,0.07859768
89,0.029799722
90,0.016554236
91,0.039862715
92,0.09912177
93,0.11935741
94,0.1746796
95,0.021691263
96,0.04183941
97,0.044135723
98,0.013354018
99,0.01255016
100,0.031339124
101,0.030941077
102,0.03898445
103,0.113142945
104,0.053608723
105,0.04730424
106,0.04230661
107,0.09362961
108,0.49292532
109,0.023002118
110,0.023494244
111,0.02480042
112,0.046405327
113,0.052370742
114,0.029620573
115,0.10860334
116,0.16526651
117,0.09548227
118,0.09164657
119,0.058740642
120,0.039909985
121,0.030763172
122,0.032831382
123,0.040159903
124,0.005777903
125,0.050076343
126,0.06260914
127,0.23599538
128,0.018032499
129,0.045592062
130,0.0319815
131,0.022067897
132,0.01744838
133,0.02800358
134,0.036727645
135,0.028918661
136,0.074914634
137,0.15259519
138,0.2508504
139,0.043818068
140,0.04228602
141,0.09476258
142,0.083485305
143,0.016721599
144,0.06683695
145,0.018542647
146,0.011517093
147,0.030002087
148,0.13789
149,0.025977023
150,0.02507805
151,0.032779295
152,0.06907645
153,0.07725872
154,0.15681589
155,0.120374665
156,0.23062664
157,0.06951033
158,0.047972277
159,0.021653399
160,0.0557812
161,0.046213597
162,0.06390734
163,0.034633826
164,0.6535408
165,0.13970742
166,0.02101142
167,0.13032266
168,0.057431918
169,0.045777325
170,0.021418132
171,0.021301702
172,0.010741092
173,0.03621064
174,0.021248236
175,0.021620005
176,0.07984007
177,0.050097782
178,0.084415175
179,0.07066095
180,0.11824302
181,0.24153373
182,0.38666525
183,0.07620122
184,0.023943491
185,0.08938987
186,0.018789455
187,0.054296266
188,0.009492062
189,0.05617566
190,0.051442098
191,0.13742574
192,0.07013307
193,0.100721315
194,0.050416045
195,0.06988907
196,0.020613045
197,0.021726996
198,0.10719153
199,0.029984243
200,0.063990295
201,0.03547544
202,0.012385033
203,0.024809718
204,0.04555265
205,0.06206601
206,0.08935725
207,0.14274988
208,0.13068256
209,0.17198667
210,0.110167384
211,0.121182956
212,0.013863556
213,0.09351257
214,0.06483901
215,0.007929258
216,0.04565623
217,0.10805369
218,0.03241822
219,0.024802439
220,0.05206323
221,0.036735784
222,0.01216495
223,0.054925196
224,0.09504942
225,0.040854614
226,0.061867025
227,0.022483647
228,0.030111149
229,0.0665036
230,0.042125758
231,0.031459555
232,0.06769767
233,0.14982565
234,0.32071584
235,0.14324047
236,0.118016265
237,0.06668608
238,0.092995584
239,0.08101701
240,0.09290505
241,0.056423876
242,0.018659368
243,0.26676515
244,0.07082171
245,0.08867662
246,0.04869507
247,0.08921322
248,0.017279923
249,0.02834177
250,0.012211993
251,0.024035841
252,0.022771738
253,0.051226072
254,0.11339608
255,0.070516944
256,0.0483085
257,0.13335745
258,0.23291284
259,0.11520538
260,0.019381955
261,0.23896015
262,0.06892681
263,0.3926939
264,0.17393602
265,0.078484684
266,0.022437282
267,0.045784704
268,0.03472825
269,0.096766114
270,0.2549962
271,0.047810316
272,0.4290985
273,0.09770216
274,0.07844129
275,0.018080749
276,0.0249357
277,0.068652734
278,0.076366164
279,0.017145962
280,0.14782625
281,0.2553043
282,0.14747334
283,0.10252803
284,0.03865382
285,0.14575805
286,0.19111957
287,0.25535738
288,0.061881997
289,0.052562483
290,0.022779532
291,0.0685367
292,0.43068257
293,0.053810105
294,0.05083016
295,0.28579956
296,0.2529346
297,0.016517438
298,0.019505665
299,0.05071221
300,0.0666348
301,0.14156586
302,0.24130565
303,0.13419992
304,0.114768654
305,0.27509665
306,0.24402532
307,0.154714
308,0.25866026
309,0.39122692
310,0.08282713
311,0.018458173
312,0.041019604
313,0.080366574
314,0.059256803
315,0.19168423
316,0.68018645
317,0.0072399676
318,0.055915136
319,0.39093962
320,0.015561774
321,0.046211746
322,0.2758811
323,0.017398737
324,0.05047235
325,0.08922364
326,0.022756346
327,0.047933348
328,0.16034992
329,0.0541092
330,0.10402199
331,0.1721164
332,0.15228394
333,0.24354115
334,0.28010854
335,0.14181249
336,0.031764258
337,0.26096252
338,0.23800313
339,0.1310481
340,0.730697
341,0.44057482
342,0.27487957
343,0.025021158
344,0.11023922
345,0.052339073
346,0.034981094
347,0.015897036
348,0.01834996
349,0.06380127
350,0.010020778
351,0.014318645
352,0.036115736
353,0.06194185
354,0.12408567
355,0.123174414
356,0.13598305
357,0.09102607
358,0.13789427
359,0.13168983
360,0.028107285
361,0.12480632
362,0.2636751
363,0.0217527
364,0.082193
365,0.63318205
366,0.90087444
367,0.3948854
368,0.0052043498
369,0.02898477
370,0.019358225
371,0.045414492
372,0.28489178
373,0.087122425
374,0.02108255
375,0.056303058
376,0.025994882
377,0.0590708
378,0.0754201
379,0.060350426
380,0.015901543
381,0.2851342
382,0.018254533
383,0.042332303
384,0.13770762
385,0.12669793
386,0.06332377
387,0.05269348
388,0.09280375
389,0.092557065
390,0.019895375
391,0.13702649
392,0.095343925
393,0.10785312
394,0.67578936
395,0.8867192
396,0.47048554
397,0.06842077
398,0.03289373
399,0.11884008
400,0.10081913
401,0.25683567
402,0.051544636
403,0.07523928
404,0.021784581
405,0.040135793
406,0.13325906
407,0.250214
408,0.05631561
409,0.55062115
410,0.2667095
411,0.16760316
412,0.17027473
413,0.10694609
414,0.07038938
415,0.13490103
416,0.0409543
417,0.03520858
418,0.029107012
419,0.12544164
420,0.112568304
421,0.05459877
422,0.10337736
423,0.028613374
424,0.71923286
425,0.93951255
426,0.874313
427,0.07159263
428,0.04499846
429,0.24104849
430,0.15739715
431,0.03161003
432,0.009612888
433,0.02076438
434,0.019934759
435,0.06828405
436,0.13654774
437,0.05988161
438,0.3910271
439,0.52766836
440,0.08067851
441,0.12705876
442,0.13804713
443,0.26948962
444,0.078375384
445,0.24747923
446,0.082341485
447,0.041266255
448,0.08783669
449,0.109134205
450,0.09945499
451,0.047115274
452,0.028942652
453,0.29050636
454,0.384309
455,0.16564935
456,0.06559481
457,0.03425018
458,0.24732906
459,0.07265767
460,0.27694783
461,0.025327466
462,0.04553935
463,0.056228768
464,0.021137059
465,0.02392947
466,0.047143526
467,0.047574945
468,0.25544086
469,0.7873012
470,0.43095046
471,0.4213227
472,0.1231634
473,0.17792597
474,0.2537814
475,0.4412099
476,0.07859567
477,0.03332379
478,0.052041475
479,0.036100835
480,0.24564227
481,0.17246972
482,0.047559418
483,0.28426245
484,0.27136177
485,0.2608805
486,1.0190909
487,0.10714429
488,0.019248217
489,0.14051265
490,0.24354291
491,0.019111946
492,0.06869043
493,0.41826317
494,0.0067622736
495,0.07062736
496,0.041456014
497,0.045270972
498,0.057271015
499,0.24770388
500,0.4210313
501,0.38821775
502,0.51660573
503,0.43162218
504,0.17611814
505,0.1689243
506,0.2456401
507,0.013387315
508,0.028588831
509,0.17214721
510,0.07544717
511,0.052669328
512,0.17613646
513,0.18566646
514,0.5076495
515,0.17822987
516,0.004485704
517,0.07755701
518,0.12475396
519,0.074652724
520,0.046135724
521,0.011190034
522,0.01115454
523,0.018244475
524,0.032623123
525,0.066527136
526,0.10865459
527,0.12909922
528,0.1465698
529,0.4090324
530,0.82635283
531,0.44575715
532,0.4154006
533,0.60828227
534,0.099263825
535,0.02242095
536,0.059710607
537,0.07048561
538,0.13350233
539,0.18968415
540,0.059391383
541,0.0285137
542,0.05342196
543,0.14081632
544,0.020298213
545,0.007142946
546,0.047381327
547,0.13076316
548,0.023127764
549,0.015282571
550,0.0400545
551,0.020514816
552,0.013594247
553,0.035683922
554,0.114304624
555,0.06891756
556,0.093646675
557,0.24391034
558,0.44582087
559,0.3613488
560,0.69410676
561,0.64335424
562,0.41162106
563,0.11693221
564,0.04497759
565,0.01973097
566,0.055976864
567,0.124772586
568,0.019154921
569,0.03172604
570,0.42920402
571,0.05130568
572,0.020898037
573,0.066517144
574,0.034429833
575,0.08552665
576,0.06183776
577,0.052377347
578,0.01968886
579,0.04613796
580,0.017442815
581,0.01888436
582,0.03324734
583,0.11504328
584,0.13500436
585,0.5076314
586,0.375382
587,0.240143
588,0.8456427
589,0.40622005
590,0.45453998
591,0.111238874
592,0.0466952
593,0.0333599
594,0.039742965
595,0.05516922
596,0.059806738
597,0.039022896
598,0.054891206
599,0.42848185
600,0.09520951
601,0.26343858
602,0.040622663
603,0.09800351
604,0.11667747
605,0.13643248
606,0.26389807
607,0.044950057
608,0.032515496
609,0.05196094
610,0.18282422
611,0.48038882
612,0.3956029
613,0.30280164
614,0.13933712
615,0.39509782
616,0.18446109
617,0.059535053
618,0.021323562
619,0.07293713
620,0.026968554
621,0.11767803
622,0.25509614
623,0.042815242
624,0.29529333
625,0.03777525
626,0.06894566
627,0.18691966
628,0.056775965
629,0.014703311
630,0.14166883
631,0.15997177
632,0.04161151
633,0.23653245
634,0.25976074
635,0.0741353
636,0.08175429
637,0.025749952
638,0.09664165
639,0.08517127
640,0.06042962
641,0.13203925
642,0.23923934
643,0.038058806
644,0.032609727
645,0.011763908
646,0.14793491
647,0.01280351
648,0.0148535
649,0.096509896
650,0.039607253
651,0.037590887
652,0.1458682
653,0.03953976
654,0.059657425
655,0.010463148
656,0.06813214
657,0.17595544
658,0.37055543
659,0.36771557
660,0.032950856
661,0.018113077
662,0.020662084
663,0.04289564
664,0.058350258
665,0.023025945
666,0.0642254
667,0.12338151
668,0.014634848
669,0.030308634
670,0.016849339
671,0.017553143
672,0.087955914
673,0.124558836
674,0.2809041
675,0.016398758
676,0.023320384
677,0.08295908
678,0.08012466
679,0.1168521
680,0.2778321
681,0.032372884
682,0.013366751
683,0.0138389245
684,0.10322485
685,0.036740076
686,0.017852738
687,0.08403533
688,0.12751117
689,0.04967251
690,0.021035217
691,0.010433413
692,0.284655
693,0.020566642
694,0.033595257
695,0.2391676
696,0.074732155
697,0.056013305
698,0.019366764
699,0.029955454
700,0.07209023
701,0.36233038
702,0.03362761
703,0.01990392
704,0.032215036
705,0.04473249
706,0.06521088
707,0.14325653
708,0.07222436
709,0.17571577
710,0.10442933
711,0.029777445
712,0.045788683
713,0.03717981
714,0.027872726
715,0.18326017
716,0.020253345
717,0.024125129
718,0.07103384
719,0.022845834
720,0.13414785
721,0.054833975
722,0.014417939
723,0.28500667
724,0.62792474
725,0.26601046
726,0.018523172
727,0.08233012
728,0.04269776
729,0.097146355
730,0.0686161
731,0.098900765
732,0.787647
733,0.08718364
734,0.015061989
735,0.08972251
736,0.07920785
737,0.045950726
738,0.15088546
739,0.45849606
740,0.07800007
741,0.13542432
742,0.028639749
743,0.01903344
744,0.025300287
745,0.11036346
746,0.03162178
747,0.008511052
748,0.026837893
749,0.056755338
750,0.03923934
751,0.021526672
752,0.045249786
753,0.018082924
754,0.07702229
755,0.032725524
756,0.038061507
757,0.017216973
758,0.035175763
759,0.08110675
760,0.12796107
761,0.020920373
762,0.077412635
763,0.43047905
764,0.057308607
765,0.092036836
766,0.036517754
767,0.04964791
768,0.053518955
769,0.1713435
770,0.029302843
771,0.018117778
772,0.014425069
773,0.05438518
774,0.09610032
775,0.022853307
776,0.22631475
777,0.041296624
778,0.024870299
779,0.049349524
780,0.29193735
781,0.02656389
782,0.020721197
783,0.02523315
784,0.051364604
785,0.03858321
786,0.26203114
787,0.06678711
788,0.006674364
789,0.020304717
790,0.057694614
791,0.11564557
792,0.11074157
793,0.095912956
794,0.0781751
795,0.027632765
796,0.05012081
797,0.07699185
798,0.2545115
799,0.10180144
800,0.010916896
801,0.037000593
802,0.021209002
803,0.0166132
804,0.019635327
805,0.0123190805
806,0.019104004
807,0.00816153
808,0.02227991
809,0.016873442
810,0.014112368
811,0.024250068
812,0.05563947
813,0.053893812
814,0.13674094
815,0.00692714
816,0.0117364675
817,0.1124812
818,0.14856479
819,-0.0016508028
820,0.03143225
821,0.014450736
822,0.020636275
823,0.03137973
824,0.005570017
825,0.017578475
826,0.0056713894
827,0.016876109
828,0.008198157
829,0.0061420277
830,0.056858167
831,0.04186448
832,0.016854756
833,0.015056767
834,0.00937859
835,0.014652438
836,0.012615442
837,0.07029436
838,0.032643393
839,0.050704066
840,0.009937376
841,0.027114026
842,0.012277111
843,0.08773381
844,0.015506744
845,0.013752349
846,0.010400556
847,0.08823121
848,0.060472477
849,0.057681195
850,0.05880087
851,0.0059747472
852,0.09222615
853,0.022651002
854,0.012328021
855,0.038974967
856,0.0632368
857,0.09597101
858,0.040186785
859,0.036360107
860,0.023095794
861,0.025207892
862,0.009604745
863,0.016554296
864,0.013438076
865,0.013043195
866,0.025017433
867,0.012763649
868,0.014745198
869,0.055855017
870,0.031225242
871,0.1409254
872,0.021157853
873,0.027474262
874,0.016500354
875,0.01521194
876,0.020520069
877,0.04905696
878,0.021943092
879,0.01567258
880,0.023039117
881,0.0120594725
882,0.012468785
883,0.03621956
884,0.07060028
885,0.01697436
886,0.08516727
887,0.027542152
888,0.0609475
889,0.035445977
890,0.02529519
891,0.027529217
892,0.05048853
893,0.014376655
894,0.02849885
895,0.040706333
896,0.056119688
897,0.08372653
898,0.038590923
899,0.0474579
900,0.073126994
901,0.12028689
902,0.24024367
903,0.020503677
904,0.018594526
905,0.13090834
906,0.038541492
907,0.3648078
908,0.03005334
909,0.12047676
910,0.049485654
911,0.0066535547
912,0.015858375
913,0.22771972
914,0.061365087
915,0.4942893
916,0.13248894
917,0.03095524
918,0.06313772
919,0.031928256
920,0.026546597
921,0.031697135
922,0.016245022
923,0.016744561
924,0.12470755
925,0.052853905
926,0.11050244
927,0.40987852
928,0.032951266
929,0.022820666
930,0.024052672
931,0.06028734
932,0.10976206
933,0.019553557
934,0.040355388
935,0.032944303
936,0.059141327
937,0.06926735
938,0.43422726
939,0.12715706
940,0.12227656
941,0.2739838
942,0.04675843
943,0.50926614
944,0.018294849
945,0.05099143
946,0.10802605
947,0.034166086
948,0.04073595
949,0.041366607
950,0.024380028
951,0.09621532
952,0.11982755
953,0.04049743
954,0.035223
955,0.038629767
956,0.27806842
957,0.03583277
958,0.030959472
959,0.048140094
960,0.040180463
961,0.057930283
962,0.033242844
963,0.0410271
964,0.062335107
965,0.08151697
966,0.032054104
967,0.06402387
968,0.112458766
969,0.17713486
970,0.014317177
971,0.0035486147
972,0.0153533295
973,0.099789985
974,0.20499745
975,0.015799172
976,0.06793791
977,0.13962986
978,0.27741995
979,0.07101406
980,0.028773881
981,0.024064384
982,0.016994528
983,0.007621996
984,0.050362125
985,0.012547381
986,0.093487896
987,0.22571322
988,0.26069975
989,0.0414417
990,0.043158952
991,0.014138468
992,0.009943701
993,0.030255787
994,0.0390342
995,0.13131559
996,0.017954782
997,0.04363734
998,0.044158958
999,0.037253816
1000,0.090299994
1001,0.5303484
1002,0.0075980276
1003,0.015853956
1004,0.021310516
1005,0.025744975
1006,0.051452488
1007,0.05665141
1008,0.025217116
1009,0.12256087
1010,0.16503006
1011,0.081339695
1012,0.08295693
1013,0.057933223
1014,0.010606013
1015,0.029787622
1016,0.032846395
1017,0.040645614
1018,0.0037959963
1019,0.057905782
1020,0.06640843
1021,0.23591405
1022,0.016954802
1023,0.04557254
1024,0.034014013
1025,0.024056442
1026,0.01734788
1027,0.029273868
1028,0.038946
1029,0.026721366
1030,0.083531536
1031,0.14750919
1032,0.17052558
1033,0.04724031
1034,0.04428298
1035,0.049182374
1036,0.093755364
1037,0.08138753
1038,0.018081062
1039,0.062600784
1040,0.017708875
1041,0.024853796
1042,0.1372979
1043,0.025694758
1044,0.026498675
1045,0.030883417
1046,0.07032876
1047,0.07740363
1048,0.23379436
1049,0.22423294
1050,0.22584859
1051,0.07230323
1052,0.049052052
1053,0.019699417
1054,0.051551495
1055,0.04876556
1056,0.066496685
1057,0.04020963
1058,0.63056785
1059,0.1408011
1060,0.018309973
1061,0.12509638
1062,0.05913463
1063,0.050575305
1064,0.023435302
1065,0.018308163
1066,0.012127526
1067,0.033662565
1068,0.03122221
1069,0.010187924
1070,0.021978274
1071,0.025951743
1072,0.06782547
1073,0.051313747
1074,0.09130631
1075,0.0696536
1076,0.115804754
1077,0.13903089
1078,0.3703478
1079,0.06642006
1080,0.027329102
1081,0.085125275
1082,0.019905739
1083,0.050051082
1084,0.027930997
1085,0.062999494
1086,0.06154078
1087,0.1383193
1088,0.058805995
1089,0.11551878
1090,0.052514695
1091,0.07340374
1092,0.036070332
1093,0.022618592
1094,0.0180993
1095,0.11470375
1096,0.015703663
1097,0.031503573
1098,0.06960757
1099,0.03193023
1100,0.014352344
1101,0.013705403
1102,0.023904756
1103,0.04145645
1104,0.059067026
1105,0.09735377
1106,0.14662993
1107,0.13721897
1108,0.16920014
1109,0.110192135
1110,0.13739441
1111,0.013948895
1112,0.09595783
1113,0.014143452
1114,0.06090915
1115,0.010586806
1116,0.04080863
1117,0.09925655
1118,0.0349941
1119,0.024079755
1120,0.049068738
1121,0.03635053
1122,0.01117532
1123,0.054565072
1124,0.08925638
1125,0.037902404
1126,0.056717824
1127,0.024345227
1128,0.03248388
1129,0.061721798
1130,0.016672663
1131,0.042945806
1132,0.03194076
1133,0.07258793
1134,0.14841886
1135,0.52785933
1136,0.12941836
1137,0.12902147
1138,0.0669976
1139,0.09703284
1140,0.07437495
1141,0.08770673
1142,0.05664767
1143,0.012345813
1144,0.022308275
1145,0.2666159
1146,0.07986824
1147,0.09557016
1148,0.062434457
1149,0.089757636
1150,0.016186155
1151,0.028697193
1152,0.010982111
1153,0.024928123
1154,0.04978912
1155,0.110283196
1156,0.06712213
1157,0.047622666
1158,0.13871539
1159,0.60613674
1160,0.112842806
1161,0.016369395
1162,0.23210531
1163,0.06877489
1164,0.25453916
1165,0.2606596
1166,0.07449097
1167,0.041662276
1168,0.034446966
1169,0.10404373
1170,0.24686852
1171,0.046926156
1172,0.25040144
1173,0.10138118
1174,0.08311178
1175,0.014444254
1176,0.01263199
1177,0.018554546
1178,0.02591192
1179,0.061396185
1180,0.086612836
1181,0.017294578
1182,0.17354132
1183,0.15342176
1184,0.12508078
1185,0.1058832
1186,0.03690884
1187,0.14086682
1188,0.24559918
1189,0.26159278
1190,0.060540013
1191,0.011337839
1192,0.05327782
1193,0.022120886
1194,0.06376675
1195,0.47284898
1196,0.05302223
1197,0.043953635
1198,0.2698293
1199,0.24943405
1200,0.019058555
1201,0.011985682
1202,0.04934638
1203,0.06413469
1204,0.14079784
1205,0.16795596
1206,0.12768087
1207,0.11028142
1208,0.28405547
1209,0.26255053
1210,0.13888638
1211,0.25326246
1212,0.40090182
1213,0.084070556
1214,0.019814752
1215,0.042146895
1216,0.1017656
1217,0.048698094
1218,0.2002368
1219,0.7349805
1220,0.009261429
1221,0.057737544
1222,0.39382902
1223,0.019584842
1224,0.0489362
1225,0.27160296
1226,0.020015664
1227,0.017952949
1228,0.051104885
1229,0.09011216
1230,0.022809543
1231,0.047933348
1232,0.0077355877
1233,0.16756864
1234,0.054424655
1235,0.10015317
1236,0.16418844
1237,0.1567934
1238,0.24386507
1239,0.36271578
1240,0.27136776
1241,0.03268136
1242,0.23942286
1243,0.23713934
1244,0.12228977
1245,0.7377624
1246,0.43239126
1247,0.27212498
1248,0.010283627
1249,0.025850639
1250,0.11544627
1251,0.063911274
1252,0.039321594
1253,0.023355797
1254,0.01337035
1255,0.061934676
1256,0.013889477
1257,0.039625075
1258,0.068997815
1259,0.12416315
1260,0.1256277
1261,0.13878167
1262,0.09688831
1263,0.13758966
1264,0.12198763
1265,0.02655293
1266,0.12642278
1267,0.25864598
1268,0.022138692
1269,0.06844068
1270,0.6555909
1271,0.8879109
1272,0.39666352
1273,0.0055195615
1274,0.032839693
1275,0.019140638
1276,0.042806383
1277,0.2976073
1278,0.083160445
1279,0.022525072
1280,0.066054225
1281,0.011254422
1282,0.05902814
1283,0.07711508
1284,0.057858348
1285,0.015510932
1286,0.28180394
1287,0.020610847
1288,0.04506152
1289,0.13941789
1290,0.12674263
1291,0.06371269
1292,0.04849334
1293,0.096329235
1294,0.09048685
1295,0.02449172
1296,0.11803121
1297,0.0862209
1298,0.11464839
1299,0.6575693
1300,0.81539154
1301,0.438736
1302,0.018459938
1303,0.067517765
1304,0.033832185
1305,0.24778822
1306,0.11339587
1307,0.19585538
1308,0.047579344
1309,0.07531126
1310,0.025098987
1311,0.049824275
1312,0.13256815
1313,0.24902457
1314,0.06204458
1315,0.50440896
1316,0.26010525
1317,0.168591
1318,0.17288017
1319,0.1054492
1320,0.0716676
1321,0.13495122
1322,0.045934215
1323,0.03320133
1324,0.029590577
1325,0.1117913
1326,0.12310934
1327,0.057987917
1328,0.10255875
1329,0.026836455
1330,0.75444835
1331,1.0084962
1332,0.7971589
1333,0.042165082
1334,0.23840669
1335,0.26080942
1336,0.032540873
1337,0.022491097
1338,0.018376112
1339,0.06570342
1340,0.12542538
1341,0.05934858
1342,0.41154543
1343,0.53630227
1344,0.078650996
1345,0.13948384
1346,0.14546803
1347,0.17570855
1348,0.08697241
1349,0.39718574
1350,0.10351056
1351,0.04069033
1352,0.10064373
1353,0.11380275
1354,0.10838781
1355,0.04695807
1356,0.36255184
1357,0.38002607
1358,0.17550802
1359,0.06700363
1360,0.03075461
1361,0.12954979
1362,0.010377325
1363,0.078599915
1364,0.18765816
1365,0.026689753
1366,0.03868986
1367,0.057182316
1368,0.021547712
1369,0.024477988
1370,0.046319902
1371,0.05180849
1372,0.40990514
1373,0.77988666
1374,0.44208637
1375,0.2851534
1376,0.11245687
1377,0.18291053
1378,0.2446593
1379,0.4993106
1380,0.07640964
1381,0.03468074
1382,0.043302916
1383,0.029286668
1384,0.13781455
1385,0.2624992
1386,0.050905872
1387,0.2897187
1388,0.26019734
1389,0.2657701
1390,1.0237324
1391,0.10079174
1392,0.020007528
1393,0.13306606
1394,0.17439353
1395,0.021319963
1396,0.06869043
1397,0.45001668
1398,0.07201489
1399,0.04338257
1400,0.042415295
1401,0.052708782
1402,0.16213292
1403,0.41684017
1404,0.26847798
1405,0.5074609
1406,0.45973545
1407,0.18377855
1408,0.24012256
1409,0.24270684
1410,0.0240568
1411,0.17007734
1412,0.08037366
1413,0.052127216
1414,0.26624197
1415,0.24945197
1416,0.060211558
1417,0.50857407
1418,0.2601991
1419,0.003389798
1420,0.08144779
1421,0.11555673
1422,0.080002435
1423,0.04709563
1424,0.010267094
1425,0.010658085
1426,0.017885521
1427,0.031601246
1428,0.06609784
1429,0.12276961
1430,0.12697071
1431,0.15528202
1432,0.41998953
1433,0.77481234
1434,0.4619185
1435,0.42666945
1436,0.52959424
1437,0.10189094
1438,0.022979505
1439,0.056807
1440,0.073730856
1441,0.14934912
1442,0.19031815
1443,0.06006278
1444,0.029965691
1445,0.060571313
1446,0.14958687
1447,0.0219777
1448,0.050046284
1449,0.12768264
1450,0.017122127
1451,0.038504064
1452,0.020681158
1453,0.025086612
1454,0.013040595
1455,0.034246247
1456,0.09668133
1457,0.06508483
1458,0.0997421
1459,0.2530418
1460,0.2793041
1461,0.35562995
1462,0.73983574
1463,0.63952774
1464,0.42868304
1465,0.10986168
1466,0.042764343
1467,0.018112347
1468,0.059113923
1469,0.117643654
1470,0.018715188
1471,0.03492972
1472,0.43525538
1473,0.053783458
1474,0.021380149
1475,0.06827947
1476,0.048333257
1477,0.08258588
1478,0.05541385
1479,0.052010532
1480,0.018350959
1481,0.048596244
1482,0.028625213
1483,0.10972866
1484,0.13588652
1485,0.55906755
1486,0.38288605
1487,0.2538003
1488,0.79700816
1489,0.39860827
1490,0.4945201
1491,0.111226775
1492,0.048161246
1493,0.032241113
1494,0.037387207
1495,0.052343924
1496,0.05951125
1497,0.038743723
1498,0.05328781
1499,0.44075823
1500,0.09462385
1501,0.37901977
1502,0.03753535
1503,0.106554024
1504,0.11609284
1505,0.117253795
1506,0.18379089
1507,0.042522557
1508,0.052215043
1509,0.2679513
1510,0.52109873
1511,0.42484906
1512,0.38653034
1513,0.13503169
1514,0.4116327
1515,0.1686658
1516,0.06477137
1517,0.022358872
1518,0.0622004
1519,0.028438702
1520,0.12375426
1521,0.2674111
1522,0.049955234
1523,0.28402376
1524,0.039453853
1525,0.07575522
1526,0.17070693
1527,0.05033276
1528,0.015140235
1529,0.13787106
1530,0.16920346
1531,0.037701674
1532,0.24143541
1533,0.17903756
1534,0.08421001
1535,0.09252419
1536,0.033335626
1537,0.08639092
1538,0.07710704
1539,0.059146218
1540,0.13275312
1541,0.2325055
1542,0.042681456
1543,0.03854085
1544,0.13808699
1545,0.015907913
1546,0.015822202
1547,0.103962146
1548,0.040211607
1549,0.03953835
1550,0.14687064
1551,0.038087454
1552,0.0672682
1553,0.009670049
1554,0.064831
1555,0.17368127
1556,0.36470327
1557,0.2397761
1558,0.044933267
1559,0.022074372
1560,0.05630987
1561,0.017815717
1562,0.07206236
1563,0.14251462
1564,0.014833838
1565,0.033253103
1566,0.014023975
1567,0.033275537
1568,0.040188126
1569,0.08221646
1570,0.1153449
1571,0.29764086
1572,0.014705017
1573,0.020430975
1574,0.07586433
1575,0.07811174
1576,0.12399198
1577,0.26548958
1578,0.026458971
1579,0.013565861
1580,0.013983235
1581,0.10964161
1582,0.03289434
1583,0.017590329
1584,0.07535522
1585,0.12844914
1586,0.048064265
1587,0.014626518
1588,0.015631072
1589,0.19574639
1590,0.012437969
1591,0.018814184
1592,0.028476082
1593,0.14288402
1594,0.075555824
1595,0.050429095
1596,0.019323118
1597,0.03170827
1598,0.07521955
1599,0.3031055
1600,0.026527733
1601,0.01445464
1602,0.03878246
1603,0.047478314
1604,0.055594027
1605,0.14990006
1606,0.072387606
1607,0.19040449
1608,0.09597079
1609,0.027977504
1610,0.019764632
1611,0.046261046
1612,0.03562086
1613,0.26278284
1614,0.018998869
1615,0.02435451
1616,0.07861102
1617,0.024211489
1618,0.13450868
1619,0.05627455
1620,0.008236922
1621,0.016085029
1622,0.28422844
1623,0.63038176
1624,0.14560294
1625,0.028249033
1626,0.08891511
1627,0.04724395
1628,0.033691674
1629,0.098038524
1630,0.069738805
1631,0.08947491
1632,0.6850131
1633,0.07625073
1634,0.016334243
1635,0.08941215
1636,0.08020134
1637,0.04263462
1638,0.14446504
1639,0.45856568
1640,0.07516166
1641,0.14782703
1642,0.029260904
1643,0.018958375
1644,0.022245787
1645,0.023912534
1646,0.103585504
1647,0.031370346
1648,0.026766464
1649,0.060209725
1650,0.03713741
1651,0.03209472
1652,0.04911754
1653,0.016959168
1654,0.020321906
1655,0.08369463
1656,0.032246336
1657,0.017702326
1658,0.036900476
1659,0.07903984
1660,0.12142103
1661,0.021718033
1662,0.07631695
1663,0.44118237
1664,0.06617771
1665,0.09398781
1666,0.040556192
1667,0.050966527
1668,0.060087893
1669,0.017329328
1670,0.021205135
1671,0.28075457
1672,0.030874014
1673,0.01827307
1674,0.0506685
1675,0.080979995
1676,0.028822385
1677,0.0124304965
1678,0.22505715
1679,0.0487415
1680,0.032718938
1681,0.052148968
1682,0.3937286
1683,0.021986678
1684,0.0103702545
1685,0.02073013
1686,0.013940081
1687,0.05339247
1688,0.011039689
1689,0.036879282
1690,0.11713899
1691,0.06254823
1692,0.005408153
1693,0.019248918
1694,0.020495094
1695,0.051554218
1696,0.2256903
1697,0.10314125
1698,0.08043648
1699,0.09486406
1700,0.027806804
1701,0.052685216
1702,0.019229665
1703,0.06941998
1704,0.24083608
1705,0.09550733
1706,0.010250501
1707,0.040921036
1708,0.013850622
1709,0.018183783
1710,0.019391067
1711,0.014157616
1712,0.019947685
1713,0.008296169
1714,0.016697168
1715,0.024169415
1716,0.052316125
1717,0.051880654
1718,0.15264247
1719,0.0056199953
1720,0.013816752
1721,0.123253085
1722,0.010053925
1723,0.18661745
1724,0.013852857
1725,0.031273756
1726,0.020149194
1727,0.025222957
1728,0.008295216
1729,0.018799216
1730,0.02141121
1731,0.010244034
1732,0.009562485
1733,0.055695433
1734,0.040993992
1735,0.016123481
1736,0.050093714
1737,0.016670488
1738,0.006824225
1739,0.013908692
1740,0.009298608
1741,0.07186058
1742,0.024421126
1743,0.058404125
1744,0.010511927
1745,0.014024831
1746,0.031045347
1747,0.011536069
1748,0.011813939
1749,0.01729016
1750,0.07967447
1751,0.013251372
1752,0.014631785
1753,0.01426775
1754,0.10032435
1755,0.051166616
1756,0.051561046
1757,0.057204533
1758,0.007418342
1759,0.109457955
1760,0.02427034
1761,0.012369491
1762,0.05404502
1763,0.017714582
1764,0.049798872
1765,0.09408515
1766,0.019648895
1767,0.039057482
1768,0.03324859
1769,0.025808297
1770,0.02515117
1771,0.008801691
1772,0.013987802
1773,0.012804799
1774,0.009424128
1775,0.0124507025
1776,0.02921234
1777,0.011601463
1778,0.012173697
1779,0.019409783
1780,0.069791846
1781,0.028404959
1782,0.008613639
1783,0.14836383
1784,0.029426806
1785,0.017203018
1786,0.034837384
1787,0.0057756975
1788,0.01946637
1789,0.058211025
1790,0.01940047
1791,0.016009748
1792,0.023516066
1793,0.026263028
1794,0.013512075
1795,0.03252714
1796,0.034087073
1797,0.09224323
1798,0.008618273
1799,0.01750853
1800,0.08771225
1801,0.019463912
1802,0.030644909
1803,0.027158096
1804,0.035291504
1805,0.020089552
1806,0.050988384
1807,0.009957954
1808,0.0292916
1809,0.03699694
1810,0.03238741
1811,0.07701284
1812,0.044651516
1813,0.027503684
1814,0.05564471
1815,0.045641903
1816,0.25348386
1817,0.25196025
1818,0.12748569
1819,0.042844046
1820,0.12808299
1821,0.06663382
1822,0.11844954
1823,0.049442537
1824,0.01677268
1825,0.01971215
1826,0.107603
1827,0.043496188
1828,0.52089226
1829,0.10984959
1830,0.028066657
1831,0.07270667
1832,0.044732656
1833,0.0052856654
1834,0.0073511973
1835,0.025220275
1836,0.028933793
1837,0.031769123
1838,0.017346554
1839,0.017616719
1840,0.09124412
1841,0.039556887
1842,0.24927461
1843,0.42472216
1844,0.042261172
1845,0.06341722
1846,0.09910823
1847,0.009157658
1848,0.0063844547
1849,0.057542127
1850,0.051036593
1851,0.07796729
1852,0.43601513
1853,0.12564157
1854,0.13843748
1855,0.4865617
1856,0.05264407
1857,0.47279438
1858,0.023685113
1859,0.05624976
1860,0.107931465
1861,0.025776155
1862,0.041081004
1863,0.037475582
1864,0.025854535
1865,0.028682813
1866,0.080157705
1867,0.11248573
1868,0.046321955
1869,0.053189144
1870,0.27801073
1871,0.03214243
1872,0.049384743
1873,0.036429565
1874,0.05564502
1875,0.028919004
1876,0.03453305
1877,0.048332784
1878,0.03398971
1879,0.11204706
1880,0.026268527
1881,0.18259385
1882,0.009759232
1883,0.039830238
1884,0.01687546
1885,0.10071848
1886,0.09142494
1887,0.0636883
1888,0.14730021
1889,0.4335183
1890,0.003903769
1891,0.07313746
1892,0.028169647
1893,0.025464073
1894,0.017262481
1895,0.043189213
1896,0.005791098
1897,0.080319524
1898,0.09533196
1899,0.11849398
1900,0.2746672
1901,0.018496513
1902,0.03462502
1903,0.04409478
1904,0.03178612
1905,0.04088892
1906,0.12985429
1907,0.022565119
1908,0.047511354
1909,0.037141442
1910,0.04929265
1911,0.09167223
1912,0.48514625
1913,0.028941259
1914,0.020919047
1915,0.02404692
1916,0.048732992
1917,0.05591312
1918,0.024614945
1919,0.116958916
1920,0.17471594
1921,0.09152309
1922,0.07653348
1923,0.05667392
1924,0.0048180223
1925,0.0344141
1926,0.030643083
1927,0.04023911
1928,0.047313437
1929,0.067540996
1930,0.23885304
1931,0.015197702
1932,0.044501636
1933,0.034433905
1934,0.020270348
1935,0.016981222
1936,0.028743125
1937,0.04193441
1938,0.028187983
1939,0.08321045
1940,0.14917542
1941,0.40540504
1942,0.04229298
1943,0.04868129
1944,0.047772028
1945,0.09115048
1946,0.082626015
1947,0.017400563
1948,0.048188783
1949,0.020055637
1950,0.026250906
1951,0.12689757
1952,0.027546719
1953,0.027138665
1954,0.032816388
1955,0.079224445
1956,0.076979615
1957,0.23258999
1958,0.13470411
1959,0.13892797
1960,0.07078756
1961,0.046476584
1962,0.02081298
1963,0.056047197
1964,0.044608712
1965,0.060020197
1966,0.0380791
1967,0.6159245
1968,0.25376797
1969,0.01977221
1970,0.14169325
1971,0.05204946
1972,0.046926524
1973,0.020997189
1974,0.01856912
1975,0.009719536
1976,0.030488014
1977,0.031374834
1978,0.021586224
1979,0.02481521
1980,0.075153604
1981,0.044624895
1982,0.10225372
1983,0.07153743
1984,0.12188013
1985,0.22868901
1986,0.26722372
1987,0.07720776
1988,0.025777414
1989,0.0831521
1990,0.018969283
1991,0.005558528
1992,0.028890707
1993,0.057585783
1994,0.06352184
1995,0.12835836
1996,0.060825706
1997,0.1144284
1998,0.046321094
1999,0.0709812
2000,0.03701883
2001,0.01997716
2002,0.020009078
2003,0.10346472
2004,0.012391977
2005,0.061575633
2006,0.036842346
2007,0.011901259
2008,0.024502255
2009,0.044717878
2010,0.057072762
2011,0.08681301
2012,0.14325179
2013,0.13143358
2014,0.24281943
2015,0.112783715
2016,0.13281237
2017,0.013993181
2018,0.093402475
2019,0.014052749
2020,0.05527929
2021,0.04100353
2022,0.10171905
2023,0.033057168
2024,0.022594646
2025,0.04808997
2026,0.047504198
2027,0.015426762
2028,0.060201675
2029,0.09227052
2030,0.037136212
2031,0.063518606
2032,0.024284512
2033,0.026373364
2034,0.0703172
2035,0.017231457
2036,0.044119917
2037,0.042897515
2038,0.068983264
2039,0.15671845
2040,0.59112066
2041,0.12975673
2042,0.13000149
2043,0.06785015
2044,0.09365062
2045,0.0817204
2046,0.09219056
2047,0.06074046
2048,0.009022549
2049,0.020187773
2050,0.394014
2051,0.07561129
2052,0.09196096
2053,0.05221973
2054,0.08624188
2055,0.017946944
2056,0.02474244
2057,0.023270965
2058,0.052871175
2059,0.110283196
2060,0.07199207
2061,0.04786776
2062,0.13500383
2063,0.55461395
2064,0.111580975
2065,0.019056998
2066,0.13201776
2067,0.068501174
2068,0.24947321
2069,0.26665938
2070,0.07801787
2071,0.04562835
2072,0.032298766
2073,0.11282771
2074,0.15846731
2075,0.04415494
2076,0.24526057
2077,0.1043619
2078,0.09545971
2079,0.01593063
2080,0.019954726
2081,0.025020108
2082,0.06797874
2083,0.078724675
2084,0.017869107
2085,0.15014562
2086,0.1509111
2087,0.12964608
2088,0.10454892
2089,0.043487743
2090,0.12664828
2091,0.1953035
2092,0.25862715
2093,0.061447937
2094,0.011111863
2095,0.048667457
2096,0.025777906
2097,0.06564267
2098,0.47319144
2099,0.05146137
2100,0.049845107
2101,0.2817642
2102,0.24969983
2103,0.020639777
2104,0.014097057
2105,0.013606526
2106,0.04529833
2107,0.07119919
2108,0.14807962
2109,0.17348278
2110,0.12978664
2111,0.11200117
2112,0.2737199
2113,0.16696724
2114,0.1600161
2115,0.1837996
2116,0.26826483
2117,0.07544661
2118,0.042908665
2119,0.09508951
2120,0.054167334
2121,0.18774772
2122,0.69601935
2123,0.009318225
2124,0.0064766705
2125,0.05635601
2126,0.40887716
2127,0.047645636
2128,0.2631361
2129,0.019340038
2130,0.052713443
2131,0.095846
2132,0.022922926
2133,0.046413597
2134,0.15682971
2135,0.051697265
2136,0.098760255
2137,0.2645471
2138,0.15673402
2139,0.18493584
2140,0.36731234
2141,0.1384937
2142,0.028576411
2143,0.26294354
2144,0.10646543
2145,0.123119645
2146,0.76800644
2147,0.40497956
2148,0.29796672
2149,0.0071291775
2150,0.024740554
2151,0.121645905
2152,0.019337527
2153,0.05826757
2154,0.037888963
2155,0.021388717
2156,0.014634788
2157,0.062277894
2158,0.010288902
2159,0.015557043
2160,0.03453571
2161,0.06259692
2162,0.12335366
2163,0.12230691
2164,0.1237048
2165,0.096214704
2166,0.23836046
2167,0.22733337
2168,0.0286647
2169,0.12016722
2170,0.26946822
2171,0.019043148
2172,0.06680614
2173,0.67431647
2174,0.8971626
2175,0.40676755
2176,0.0054713935
2177,0.026981547
2178,0.016453065
2179,0.042265847
2180,0.2830129
2181,0.08265287
2182,0.021105364
2183,0.010511413
2184,0.05724256
2185,0.08073679
2186,0.06070719
2187,0.01547838
2188,0.2911426
2189,0.02012495
2190,0.03441529
2191,0.14138868
2192,0.12751839
2193,0.06289863
2194,0.04172966
2195,0.08709441
2196,0.08981366
2197,0.025264002
2198,0.12602556
2199,0.08493342
2200,0.11032099
2201,0.68136173
2202,0.8663959
2203,0.42491865
2204,0.017066188
2205,0.07318166
2206,0.033649776
2207,0.011473589
2208,0.10853909
2209,0.10845485
2210,0.19161639
2211,0.047906883
2212,0.072730705
2213,0.021201804
2214,0.047501456
2215,0.12443742
2216,0.25929973
2217,0.08683959
2218,0.5162662
2219,0.2685356
2220,0.2618529
2221,0.17479825
2222,0.100675285
2223,0.071010835
2224,0.14309105
2225,0.043103684
2226,0.036795698
2227,0.030116245
2228,0.10870329
2229,0.13126175
2230,0.047462683
2231,0.098568924
2232,0.027277172
2233,0.7364929
2234,0.97063637
2235,0.88121706
2236,0.051604602
2237,0.048546426
2238,0.2589956
2239,0.17560545
2240,0.032273114
2241,0.009883553
2242,0.0205101
2243,0.019543707
2244,0.066271186
2245,0.1276471
2246,0.059949916
2247,0.39321914
2248,0.4733862
2249,0.08290412
2250,0.13175306
2251,0.12245995
2252,0.18699309
2253,0.08535714
2254,0.38808772
2255,0.10218218
2256,0.04188824
2257,0.10942681
2258,0.102762416
2259,0.10757841
2260,0.04933751
2261,0.025143899
2262,0.28350887
2263,0.3818121
2264,0.25504953
2265,0.073207356
2266,0.03594593
2267,0.15334332
2268,0.009579368
2269,0.079538494
2270,0.19105168
2271,0.030928656
2272,0.042388547
2273,0.058557756
2274,0.021262042
2275,0.02807837
2276,0.051271696
2277,0.043186694
2278,0.26548073
2279,0.7744165
2280,0.27434587
2281,0.28547218
2282,0.12623683
2283,0.25121498
2284,0.18162143
2285,0.48734862
2286,0.07935919
2287,0.029024646
2288,0.041736618
2289,0.029716536
2290,0.14803027
2291,0.16656777
2292,0.04960807
2293,0.1950748
2294,0.3783113
2295,0.26702031
2296,0.97091377
2297,0.11232516
2298,0.018521369
2299,0.1353476
2300,0.15025853
2301,0.07489213
2302,0.43465576
2303,0.07815425
2304,0.04207923
2305,0.051380254
2306,0.053949386
2307,0.14586999
2308,0.41772145
2309,0.3898239
2310,0.50794196
2311,0.46413088
2312,0.19190657
2313,0.1447573
2314,0.2438406
2315,0.03170012
2316,0.16230045
2317,0.07870068
2318,0.053752128
2319,0.2603061
2320,0.25002915
2321,0.048575196
2322,0.25960746
2323,0.27031714
2324,0.08365274
2325,0.13021393
2326,0.089085594
2327,0.04721158
2328,0.013148785
2329,0.009980321
2330,0.01778701
2331,0.03319412
2332,0.06789491
2333,0.11436968
2334,0.1215185
2335,0.14587784
2336,0.41547614
2337,0.8363578
2338,0.41885468
2339,0.27141434
2340,0.61323005
2341,0.10238722
2342,0.053937387
2343,0.06478521
2344,0.14055668
2345,0.19084129
2346,0.063099764
2347,0.028885543
2348,0.004897617
2349,0.062156036
2350,0.14417714
2351,0.046934854
2352,0.13234444
2353,0.012744755
2354,0.039988838
2355,0.022254892
2356,0.02276209
2357,0.011910453
2358,0.034774702
2359,0.106210545
2360,0.06766368
2361,0.11044963
2362,0.25284886
2363,0.27944478
2364,0.35960332
2365,0.71189064
2366,0.60213023
2367,0.42714867
2368,0.10633792
2369,0.04171039
2370,0.022712678
2371,0.056725778
2372,0.12030067
2373,0.018094264
2374,0.010564528
2375,0.029446907
2376,0.42735046
2377,0.050168224
2378,0.020256378
2379,0.07769697
2380,0.034429833
2381,0.09031816
2382,0.0550316
2383,0.051182117
2384,0.04666519
2385,0.015364662
2386,0.020054594
2387,0.031892806
2388,0.116791084
2389,0.13802528
2390,0.5493061
2391,0.37407643
2392,0.15884668
2393,0.7428123
2394,0.40211105
2395,0.55876696
2396,0.10574794
2397,0.04990262
2398,0.035526823
2399,0.051402252
2400,0.06033885
2401,0.05669352
2402,0.45756993
2403,0.09246779
2404,0.25424263
2405,0.039128512
2406,0.09108531
2407,0.11110376
2408,0.12353207
2409,0.17955804
2410,0.042221855
2411,0.032247208
2412,0.051363844
2413,0.17491841
2414,0.44174522
2415,0.42402086
2416,0.4239146
2417,0.24764863
2418,0.39552766
2419,0.1877518
2420,0.071180604
2421,0.023088887
2422,0.014093734
2423,0.025799714
2424,0.009498589
2425,0.06564036
2426,0.030457243
2427,0.13669506
2428,0.12116133
2429,0.046934105
2430,0.29655105
2431,0.03886777
2432,0.066239856
2433,0.2570099
2434,0.052039925
2435,0.014038242
2436,0.011446722
2437,0.13358557
2438,0.15441337
2439,0.043066103
2440,0.24064988
2441,0.18212217
2442,0.084830366
2443,0.089986004
2444,0.09481551
2445,0.07252012
2446,0.0557501
2447,0.13118559
2448,0.12144708
2449,0.03944961
2450,0.036547575
2451,0.012408756
2452,0.1364426
2453,0.01464238
2454,0.017131872
2455,0.11782375
2456,0.0065522566
2457,0.043122023
2458,0.042704627
2459,0.15690926
2460,0.03840065
2461,0.06758358
2462,0.010249235
2463,0.06989627
2464,0.17507267
2465,0.3854265
2466,0.37045512
2467,0.035263296
2468,0.06273252
2469,0.020254776
2470,0.06777416
2471,0.11201911
2472,0.014226228
2473,0.04033939
2474,0.016064174
2475,0.029363409
2476,0.01990766
2477,0.01706858
2478,0.03808597
2479,0.09045377
2480,0.12428348
2481,0.3956188
2482,0.015574217
2483,0.07818815
2484,0.071110785
2485,0.115754075
2486,0.25722414
2487,0.031500403
2488,0.015663162
2489,0.09815665
2490,0.01802577
2491,0.08942787
2492,0.22821206
2493,0.04355128
2494,0.014655627
2495,0.022900313
2496,0.00803256
2497,0.2884462
2498,0.034266815
2499,0.01878088
2500,0.030961394
2501,0.14539735
2502,0.069232754
2503,0.049041655
2504,0.020477034
2505,0.031551108
2506,0.0817114
2507,0.17833106
2508,0.029689878
2509,0.020727552
2510,0.034560572
2511,0.041985802
2512,0.06490601
2513,0.16101846
2514,0.07904282
2515,0.24969071
2516,0.09888973
2517,0.027607836
2518,0.043831453
2519,0.03601522
2520,0.026835173
2521,0.1625881
2522,0.021764219
2523,0.024025328
2524,0.089693315
2525,0.024211489
2526,0.14082709
2527,0.055055276
2528,0.014853276
2529,0.27849925
2530,0.6161937
2531,0.14381094
2532,0.024637222
2533,0.0174314
2534,0.08788364
2535,0.03529777
2536,0.026302703
2537,0.09283831
2538,0.06870614
2539,0.095007375
2540,0.77622384
2541,0.07962777
2542,0.015445493
2543,0.09246774
2544,0.0790342
2545,0.022506975
2546,0.04006327
2547,0.15734826
2548,0.46671697
2549,0.07670369
2550,0.13017176
2551,0.030587658
2552,0.022613287
2553,0.024929404
2554,0.09996465
2555,0.03372915
2556,0.027065977
2557,0.0061809495
2558,0.057211112
2559,0.031566054
2560,0.050261017
2561,0.020147622
2562,0.079648376
2563,0.03147142
2564,0.03856581
2565,0.018811382
2566,0.036561854
2567,0.082862645
2568,0.11709783
2569,0.021681406
2570,0.06817207
2571,0.40102574
2572,0.063822806
2573,0.089255966
2574,0.03823186
2575,0.039858792
2576,0.0510322
2577,0.058419313
2578,0.016932175
2579,0.022973858
2580,0.18129745
2581,0.034358874
2582,0.021703102
2583,0.061459024
2584,0.087077275
2585,0.021082528
2586,0.011976741
2587,0.10628652
2588,0.042550698
2589,0.024337254
2590,0.05062517
2591,0.39329576
2592,0.020250805
2593,0.01194305
2594,0.01901669
2595,0.016541936
2596,0.053458955
2597,0.009794325
2598,0.040703215
2599,0.108520836
2600,0.081804104
2601,0.020304061
2602,0.06829761
2603,0.12260957
2604,0.10760402
2605,0.08012781
2606,0.06947531
2607,0.052242033
2608,0.020091966
2609,0.07525205
2610,0.2787619
2611,0.10000783
2612,0.011670023
2613,0.035446633
2614,0.01773417
2615,0.014737904
2616,0.023106411
2617,0.013586678
2618,0.021539524
2619,0.009540394
2620,0.013759859
2621,0.016020007
2622,0.0247387
2623,0.051533453
2624,0.05492267
2625,0.11952227
2626,0.011948943
2627,0.011753634
2628,0.115296975
2629,0.008590758
2630,0.16163719
2631,0.023266047
2632,0.014247738
2633,0.02667974
2634,0.022786058
2635,0.025811978
2636,0.009097815
2637,0.034530137
2638,0.016186543
2639,0.017158173
2640,0.009629585
2641,0.06187947
2642,0.023243263
2643,0.041576464
2644,0.015178703
2645,0.058120634
2646,0.016854383
2647,0.013455756
2648,0.013490096
2649,0.07808041
2650,0.031354595
2651,0.054435298
2652,0.009531967
2653,0.016607448
2654,0.028627314
2655,0.08303489
2656,0.01601439
2657,0.013795018
2658,0.0841448
2659,0.054143466
2660,0.06631202
2661,0.018521175
2662,0.007622771
2663,0.10542489
2664,0.026263736
2665,0.01327166
2666,0.048168153
2667,0.01622548
2668,0.04267855
2669,0.09924528
2670,0.018941619
2671,0.02172339
2672,0.03592471
2673,0.026657104
2674,0.02821698
2675,0.02514647
2676,0.009511016
2677,0.009461544
2678,0.014795698
2679,0.011771701
2680,0.013755076
2681,0.032342564
2682,0.011448652
2683,0.012340322
2684,0.064577684
2685,0.13929223
2686,0.021190017
2687,0.054787688
2688,0.021413676
2689,0.016226158
2690,0.021431617
2691,0.030330822
2692,0.018496357
2693,0.03707384
2694,0.039235294
2695,0.076903254
2696,0.020192645
2697,0.089534305
2698,0.055411737
2699,0.0324367
2700,0.03851353
2701,0.025900975
2702,0.056879595
2703,0.03583763
2704,0.08596293
2705,0.047223542
2706,0.053834975
2707,0.039635163
2708,0.041832138
2709,0.16122445
2710,0.39953387
2711,0.021035373
2712,0.020300709
2713,0.03998109
2714,0.14718953
2715,0.18455213
2716,0.04763524
2717,0.11890817
2718,0.048741978
2719,0.021713644
2720,0.022258379
2721,0.013422325
2722,0.008107789
2723,0.22415343
2724,0.034394518
2725,0.56742746
2726,0.116248205
2727,0.025226586
2728,0.24914208
2729,0.03777443
2730,0.003098935
2731,0.026052445
2732,0.02787833
2733,0.033990134
2734,0.01815267
2735,0.014015496
2736,0.079353146
2737,0.05937231
2738,0.44594172
2739,0.44498113
2740,0.04518569
2741,0.03379003
2742,0.1105035
2743,0.12621504
2744,0.00702177
2745,0.044652
2746,0.0379986
2747,0.061592355
2748,0.03903771
2749,0.28811067
2750,0.120194666
2751,0.41895404
2752,0.4875223
2753,0.07360672
2754,0.27994558
2755,0.0041619763
2756,0.020735405
2757,0.05944746
2758,0.10972946
2759,0.034079734
2760,0.036384385
2761,0.03226231
2762,0.0278714
2763,0.005666122
2764,0.07666074
2765,0.115260586
2766,0.044400834
2767,0.04882162
2768,0.027114488
2769,0.38606423
2770,0.035268344
2771,0.022901379
2772,0.040075894
2773,0.04894955
2774,0.042226057
2775,0.046435196
2776,0.058516458
2777,0.14158385
2778,0.040602006
2779,0.27435607
2780,0.043439265
2781,0.024835885
2782,0.013366103
2783,0.4973885
2784,0.07402801
2785,0.0682375
2786,0.2594758
2787,0.28421786
2788,0.067503616
2789,0.035682287
2790,0.014866509
2791,0.017739333
2792,0.023134828
2793,0.018190064
2794,0.0071042553
2795,0.04116451
2796,0.005201407
2797,0.076371476
2798,0.08112849
2799,0.08815896
2800,0.23268479
2801,0.24797088
2802,0.037864294
2803,0.042833135
2804,0.027132943
2805,0.039844237
2806,0.15428536
2807,0.050366264
2808,0.05290239
2809,0.04024511
2810,0.115038216
2811,0.4856528
2812,0.02358067
2813,0.021007955
2814,0.026206672
2815,0.04708083
2816,0.057813033
2817,0.024531282
2818,0.015504405
2819,0.120886676
2820,0.17055464
2821,0.09292904
2822,0.09490713
2823,0.05721531
2824,0.033204358
2825,0.03104242
2826,0.03927872
2827,0.058291312
2828,0.06569918
2829,0.1226242
2830,0.016848244
2831,0.044012684
2832,0.033526957
2833,0.021148652
2834,0.019311495
2835,0.026129484
2836,0.040791225
2837,0.024112225
2838,0.07494733
2839,0.24852005
2840,0.237874
2841,0.046867847
2842,0.044068184
2843,0.04195456
2844,0.09794359
2845,0.073191434
2846,0.016753674
2847,0.053601984
2848,0.017804168
2849,0.029937416
2850,0.15023284
2851,0.024407797
2852,0.027972966
2853,0.03308238
2854,0.008564591
2855,0.07799443
2856,0.08021265
2857,0.24508092
2858,0.13002318
2859,0.22464004
2860,0.061878107
2861,0.04900561
2862,0.01879263
2863,0.052286617
2864,0.04774088
2865,0.05459039
2866,0.043405637
2867,0.6210004
2868,0.13943686
2869,0.0151122585
2870,0.11789027
2871,0.055719096
2872,0.04781434
2873,0.02091036
2874,0.051068094
2875,0.027712896
2876,0.0097671
2877,0.023359023
2878,0.024003856
2879,0.08195787
2880,0.052527457
2881,0.094507046
2882,0.07208461
2883,0.12558086
2884,0.24214393
2885,0.3697952
2886,0.076598994
2887,0.023602024
2888,0.0757021
2889,0.020383835
2890,0.047951624
2891,0.0051116943
2892,0.021659173
2893,0.05275184
2894,0.06211894
2895,0.1350024
2896,0.059458908
2897,0.12616228
2898,0.042568896
2899,0.06839358
2900,0.033569664
2901,0.022230066
2902,0.018055215
2903,0.110700935
2904,0.012801863
2905,0.024754062
2906,0.06353854
2907,0.036655225
2908,0.013302021
2909,0.024042137
2910,0.047166135
2911,0.06424097
2912,0.09152784
2913,0.14054418
2914,0.14337958
2915,0.24680933
2916,0.116786465
2917,0.12862498
2918,0.015229024
2919,0.09367327
2920,0.05497202
2921,0.042264417
2922,0.10474747
2923,0.031645525
2924,0.049865782
2925,0.030421495
2926,0.052352104
2927,0.08746414
2928,0.039696433
2929,0.05490893
2930,0.021698795
2931,0.023939423
2932,0.018894881
2933,0.07887967
2934,0.018928714
2935,0.044881508
2936,0.047569625
2937,0.06680003
2938,0.16284913
2939,0.56781507
2940,0.12601745
2941,0.22225913
2942,0.069709115
2943,0.096281424
2944,0.070191905
2945,0.09814213
2946,0.057801038
2947,0.011895232
2948,0.010216802
2949,0.015619323
2950,0.26532322
2951,0.07659548
2952,0.086786054
2953,0.05542338
2954,0.0932064
2955,0.016532063
2956,0.03001561
2957,0.010335654
2958,0.021040462
2959,0.045732476
2960,0.1476064
2961,0.07304777
2962,0.052117284
2963,0.12477237
2964,0.55738395
2965,0.11299955
2966,0.016933247
2967,0.13231668
2968,0.06765116
2969,0.25202566
2970,0.17372712
2971,0.07760518
2972,0.02291859
2973,0.04562985
2974,0.09611936
2975,0.23582396
2976,0.05016897
2977,0.2370461
2978,0.10147408
2979,0.08717984
2980,0.014993839
2981,0.011813074
2982,0.021605857
2983,0.025565602
2984,0.06203693
2985,0.0800704
2986,0.018083565
2987,0.13764048
2988,0.24926698
2989,0.13578273
2990,0.10043809
2991,0.038618553
2992,0.11954662
2993,0.17802441
2994,0.24404714
2995,0.060302358
2996,0.010944672
2997,0.05543026
2998,0.019738406
2999,0.06833409
3000,0.4485105
3001,0.056890387
3002,0.049106255
3003,0.39743063
3004,0.24566963
3005,0.009565063
3006,0.015441947
3007,0.012599066
3008,0.04989384
3009,0.06772384
3010,0.15394081
3011,0.23080632
3012,0.1276047
3013,0.11888692
3014,0.2773088
3015,0.24568
3016,0.1480411
3017,0.19592623
3018,0.4211421
3019,0.08694183
3020,0.0036251172
3021,0.017898113
3022,0.04411349
3023,0.08911275
3024,0.050756834
3025,0.18747845
3026,0.726221
3027,0.0042549
3028,0.05335668
3029,0.38281754
3030,0.017609067
3031,0.04834208
3032,0.26205397
3033,0.02021283
3034,0.05706809
3035,0.09506681
3036,0.021437243
3037,0.0560109
3038,0.16317156
3039,0.050369382
3040,0.09915862
3041,0.17658171
3042,0.14528014
3043,0.19941741
3044,0.38974586
3045,0.14701633
3046,0.03018444
3047,0.25204295
3048,0.2416974
3049,0.14127773
3050,0.7432191
3051,0.43180338
3052,0.2723831
3053,0.0065388456
3054,0.025325745
3055,0.107121155
3056,0.01676301
3057,0.06248057
3058,0.02318266
3059,0.0118701905
3060,0.06472734
3061,0.009612076
3062,0.012561224
3063,0.029740013
3064,0.073013864
3065,0.12413506
3066,0.12145765
3067,0.12893336
3068,0.090519026
3069,0.23360285
3070,0.109077014
3071,0.027692169
3072,0.11073364
3073,0.16277143
3074,0.017848939
3075,0.0697116
3076,0.75148904
3077,0.8437724
3078,0.39652652
3079,0.0052617043
3080,0.028955758
3081,0.039455373
3082,0.28347227
3083,0.075867645
3084,0.05841077
3085,0.013104416
3086,0.057710465
3087,0.08784618
3088,0.06473934
3089,0.0150013715
3090,0.26161152
3091,0.025590755
3092,0.03968047
3093,0.13947596
3094,0.12518653
3095,0.065410085
3096,0.053046484
3097,0.09153326
3098,0.22067627
3099,0.023725197
3100,0.12407681
3101,0.09272871
3102,0.09615496
3103,0.746024
3104,0.8502353
3105,0.45814145
3106,0.018832676
3107,0.21607785
3108,0.0073141456
3109,0.12807402
3110,0.10729134
3111,0.24557373
3112,0.046582107
3113,0.07471451
3114,0.02462916
3115,0.06336817
3116,0.12937586
3117,0.23775539
3118,0.11587073
3119,0.5246738
3120,0.25984177
3121,0.16225868
3122,0.15797599
3123,0.100094736
3124,0.07380219
3125,0.13539091
3126,0.040157124
3127,0.033876598
3128,0.111130394
3129,0.1271162
3130,0.05805467
3131,0.089532055
3132,0.7231602
3133,1.0075094
3134,0.8654338
3135,0.054142673
3136,0.05468154
3137,0.13728768
3138,0.014546469
3139,0.1700179
3140,0.028924182
3141,0.02144561
3142,0.021110326
3143,0.06654188
3144,0.12871628
3145,0.05823435
3146,0.3971991
3147,0.45820603
3148,0.080175474
3149,0.13905573
3150,0.13499229
3151,0.16977394
3152,0.070924036
3153,0.23497695
3154,0.10387132
3155,0.036360756
3156,0.09692364
3157,0.10451334
3158,0.10034199
3159,0.051814444
3160,0.27088147
3161,0.40037397
3162,0.25694913
3163,0.0741793
3164,0.034066435
3165,0.1194027
3166,0.012098633
3167,0.082166255
3168,0.18302822
3169,0.02980449
3170,0.042553727
3171,0.05779202
3172,0.022563033
3173,0.02425211
3174,0.047562223
3175,0.048845526
3176,0.2568941
3177,0.79479426
3178,0.25985712
3179,0.28980353
3180,0.116313726
3181,0.17688838
3182,0.17358941
3183,0.4843278
3184,0.07916995
3185,0.032390717
3186,0.039420784
3187,0.028998256
3188,0.13823597
3189,0.16419275
3190,0.06347282
3191,0.2016784
3192,0.38321787
3193,0.25686765
3194,0.98003876
3195,0.22183284
3196,0.01865223
3197,0.13107291
3198,0.16257265
3199,0.016891837
3200,0.06417325
3201,0.2504628
3202,0.07474858
3203,0.043330807
3204,0.04548453
3205,0.05483149
3206,0.25084215
3207,0.42271402
3208,0.29030785
3209,0.5155632
3210,0.31537694
3211,0.16703306
3212,0.15002659
3213,0.24006626
3214,0.012655549
3215,0.02647689
3216,0.15571052
3217,0.075659454
3218,0.052904796
3219,0.17714518
3220,0.25150552
3221,0.044015538
3222,0.51547396
3223,0.26164636
3224,0.083838075
3225,0.11808273
3226,0.08238275
3227,0.046449993
3228,0.011981152
3229,0.03190068
3230,0.06321722
3231,0.13543123
3232,0.12577662
3233,0.14845389
3234,0.27597588
3235,0.8334251
3236,0.4369795
3237,0.39157224
3238,0.59089744
3239,0.106004715
3240,0.06739172
3241,0.08103779
3242,0.1282633
3243,0.24337804
3244,0.065818295
3245,0.025606677
3246,0.06471749
3247,0.14165756
3248,0.12562044
3249,0.02053558
3250,0.016842775
3251,0.04162194
3252,0.019832604
3253,0.02423881
3254,0.014575355
3255,0.03369353
3256,0.091348745
3257,0.066127464
3258,0.0949921
3259,0.18610086
3260,0.2702729
3261,0.3753339
3262,0.7089111
3263,0.66861486
3264,0.26446065
3265,0.103765346
3266,0.043197397
3267,0.019477837
3268,0.05804821
3269,0.11383862
3270,0.018599875
3271,0.009276189
3272,0.025820144
3273,0.44800434
3274,0.052043643
3275,0.019616283
3276,0.066221714
3277,0.035919406
3278,0.09545134
3279,0.057244144
3280,0.0557738
3281,0.020042636
3282,0.04264445
3283,0.017347418
3284,0.02010601
3285,0.03281454
3286,0.11856452
3287,0.13209774
3288,0.5414474
3289,0.38283706
3290,0.1608954
3291,0.780203
3292,0.39691272
3293,0.4535168
3294,0.111877136
3295,0.047969647
3296,0.034230314
3297,0.054641765
3298,0.052332524
3299,0.036717482
3300,0.053029634
3301,0.42970932
3302,0.08757451
3303,0.254256
3304,0.033794265
3305,0.09265166
3306,0.10719516
3307,0.113028616
3308,0.18542813
3309,0.04496456
3310,0.031018049
3311,0.012808897
3312,0.051854618
3313,0.160651
3314,0.43816438
3315,0.43439403
3316,0.4157054
3317,0.15628447
3318,0.40131965
3319,0.15607458
3320,0.0648961
3321,0.029699586
3322,0.015390083
3323,0.026682705
3324,0.013443284
3325,0.057731416
3326,0.12653597
3327,0.12961166
3328,0.028268725
3329,0.20167708
3330,0.038043432
3331,0.078879446
3332,0.25135684
3333,0.045184128
3334,0.010782316
3335,0.014233626
3336,0.13530317
3337,0.1735907
3338,0.038420763
3339,0.13833083
3340,0.26187608
3341,0.07884477
3342,0.08510476
3343,0.029836573
3344,0.08892969
3345,0.07763449
3346,0.04864532
3347,0.13908045
3348,0.112420954
3349,0.040747557
3350,0.033572733
3351,0.009692162
3352,0.13629133
3353,0.014514454
3354,0.09351976
3355,0.03926211
3356,0.04395278
3357,0.2489698
3358,0.03635585
3359,0.064622685
3360,0.06664359
3361,0.17830959
3362,0.39811125
3363,0.38537735
3364,0.049655214
3365,0.013141215
3366,0.015226692
3367,0.032372847
3368,0.054661084
3369,0.0752235
3370,0.11769517
3371,0.013327308
3372,0.032310206
3373,0.014128335
3374,0.027775444
3375,0.020147413
3376,0.038394205
3377,0.095838994
3378,0.112996906
3379,0.3944975
3380,0.014724843
3381,0.023305997
3382,0.077648975
3383,0.08433101
3384,0.111461386
3385,0.26674804
3386,0.02745381
3387,0.012751982
3388,0.011548951
3389,0.10184212
3390,0.030544065
3391,0.018238187
3392,0.084182546
3393,0.14091204
3394,0.049033806
3395,0.022651635
3396,0.008427322
3397,0.28208333
3398,0.015796423
3399,0.031132575
3400,0.15161858
3401,0.085835606
3402,0.053214636
3403,0.020823501
3404,0.027962066
3405,0.078685194
3406,0.26816693
3407,0.031913925
3408,0.021360219
3409,0.031525694
3410,0.043344066
3411,0.059243158
3412,0.17693189
3413,0.07356204
3414,0.1822688
3415,0.10128865
3416,0.027212456
3417,0.019734628
3418,0.043613363
3419,0.038991857
3420,0.024906881
3421,0.17209421
3422,0.017773427
3423,0.08535582
3424,0.021688148
3425,0.12865098
3426,0.056445606
3427,0.011050783
3428,0.013042644
3429,0.26103792
3430,0.57250714
3431,0.25822407
3432,0.03557421
3433,0.08836872
3434,0.042593025
3435,0.024510086
3436,0.09755485
3437,0.069536366
3438,0.09030414
3439,0.7945178
3440,0.07854151
3441,0.08333636
3442,0.08169606
3443,0.037746444
3444,0.15316363
3445,0.47114494
3446,0.07313808
3447,0.13595276
3448,0.026988305
3449,0.024339333
3450,0.10412783
3451,0.029260755
3452,0.02665361
3453,0.006218381
3454,0.057770997
3455,0.040883612
3456,0.047444988
3457,0.012526758
3458,0.01868102
3459,0.08580958
3460,0.03485857
3461,0.03859346
3462,0.03642108
3463,0.088756636
3464,0.13358074
3465,0.021626703
3466,0.068172574
3467,0.4005836
3468,0.05693373
3469,0.086725816
3470,0.041214313
3471,0.037545063
3472,0.056096204
3473,0.058037464
3474,0.019660212
3475,0.27104124
3476,0.030662999
3477,0.0056659207
3478,0.0045637116
3479,0.018975124
3480,0.05327686
3481,0.08034079
3482,0.025392562
3483,0.10156391
3484,0.041759405
3485,0.04836039
3486,0.26788688
3487,0.01921811
3488,0.023657471
3489,0.053226992
3490,0.008606866
3491,0.03322733
3492,0.116647646
3493,0.07082441
3494,0.0058137253
3495,0.018502712
3496,0.02301868
3497,0.0069777668
3498,0.052604385
3499,0.14322746
3500,0.10951635
3501,0.09516541
3502,0.08163753
3503,0.02726297
3504,0.05266465
3505,0.02063106
3506,0.08072601
3507,0.17438495
3508,0.10198215
3509,0.009965703
3510,0.03194915
3511,0.020494267
3512,0.022576615
3513,0.013131604
3514,0.019628532
3515,0.009526558
3516,0.009175673
3517,0.016068839
3518,0.01504875
3519,0.02106072
3520,0.05358205
3521,0.052196927
3522,0.123735085
3523,0.12028494
3524,0.18063124
3525,0.0075177997
3526,0.03021656
3527,0.012913972
3528,0.025349304
3529,0.026926123
3530,0.009251766
3531,0.018699758
3532,0.03177769
3533,0.017612696
3534,0.015196048
3535,0.07859236
3536,0.025744453
3537,0.043546524
3538,0.05594989
3539,0.018732846
3540,0.013971344
3541,0.08871566
3542,0.028767556
3543,0.054338116
3544,0.01345548
3545,0.026036821
3546,0.009127058
3547,0.017756075
3548,0.09725423
3549,0.017221384
3550,0.0034103394
3551,0.012670167
3552,0.12060666
3553,0.054252915
3554,0.06415208
3555,0.06504956
3556,0.016965836
3557,0.11685969
3558,0.022062838
3559,0.012547359
3560,0.0054611713
3561,0.04874225
3562,0.01533822
3563,0.05947915
3564,0.01583261
3565,0.09524946
3566,0.018196166
3567,0.02313438
3568,0.025051877
3569,0.025268711
3570,0.012019277
3571,0.014336571
3572,0.010445692
3573,0.0074126273
3574,0.011458471
3575,0.032049187
3576,0.010351673
3577,0.016134039
3578,0.06590101
3579,0.14781079
3580,0.0212022
3581,0.029401861
3582,0.013145484
3583,0.018748924
3584,0.051467087
3585,0.023194633
3586,0.016893558
3587,0.022623047
3588,0.020329453
3589,0.02980934
3590,0.052750636
3591,0.076181754
3592,0.01837857
3593,0.08731287
3594,0.012575425
3595,0.049536314
3596,0.033816606
3597,0.018225
3598,0.051518906
3599,0.034058627
3600,0.047208056
3601,0.018115118
3602,0.09237167
3603,0.08322975
3604,0.007241942
3605,0.043992363
3606,0.03967658
3607,0.036246445
3608,0.10170049
3609,0.3679048
3610,0.39657417
3611,0.018683769
3612,0.032770786
3613,0.37456045
3614,0.025173627
3615,0.27051646
3616,0.051322225
3617,0.22959948
3618,0.05015059
3619,0.024145164
3620,0.03635002
3621,0.017932095
3622,0.009463012
3623,0.2530094
3624,0.08751152
3625,0.486872
3626,0.12384772
3627,0.100607954
3628,0.042753454
3629,0.021156982
3630,0.035868984
3631,0.030693375
3632,0.018025346
3633,0.017110154
3634,0.100375436
3635,0.079215825
3636,0.42086533
3637,0.425733
3638,0.047199912
3639,0.046364006
3640,0.09813697
3641,0.25928387
3642,0.006575793
3643,0.053020637
3644,0.03895108
3645,0.05619586
3646,0.08436919
3647,0.41734535
3648,0.11937003
3649,0.4399711
3650,0.49346876
3651,0.09567445
3652,0.5171135
3653,0.0031802654
3654,0.054853592
3655,0.24400643
3656,0.035847932
3657,0.041471053
3658,0.034940932
3659,0.025166556
3660,0.029467985
3661,0.086232536
3662,0.12280333
3663,0.048051666
3664,0.032633066
3665,0.05109531
3666,0.26611724
3667,0.04096932
3668,0.027255088
3669,0.05826443
3670,0.04248902
3671,0.050497632
3672,0.031534206
3673,0.04073611
3674,0.057262383
3675,0.08104024
3676,0.031655103
3677,0.068724275
3678,0.14922503
3679,0.030698374
3680,0.26036116
3681,0.04159889
3682,0.0103362575
3683,0.017896391
3684,0.019748986
3685,0.5133327
3686,0.08190202
3687,0.05746277
3688,0.15992115
3689,0.44410178
3690,0.0048240423
3691,0.06894198
3692,0.05096284
3693,0.013821311
3694,0.019356497
3695,0.023500517
3696,0.019267388
3697,0.0063558742
3698,0.042348668
3699,0.00381653
3700,0.08490396
3701,0.08370879
3702,0.09074614
3703,0.24109742
3704,0.2595458
3705,0.032331813
3706,0.040968314
3707,0.025689512
3708,0.027078658
3709,0.041866228
3710,0.14476539
3711,0.019163862
3712,0.046243332
3713,0.048222475
3714,0.12380192
3715,0.48857743
3716,0.024910405
3717,0.023838691
3718,0.038504627
3719,0.07086762
3720,0.023054719
3721,0.109433666
3722,0.17899537
3723,0.09544968
3724,0.089275084
3725,0.055812698
3726,0.038989745
3727,0.030223213
3728,0.031859245
3729,0.043266412
3730,0.05218944
3731,0.068068735
3732,0.23877865
3733,0.0178786
3734,0.051707868
3735,0.03251979
3736,0.022378676
3737,0.018670075
3738,0.024166696
3739,0.038299397
3740,0.025204562
3741,0.07894185
3742,0.17503503
3743,0.25104022
3744,0.049979847
3745,0.042976037
3746,0.04193096
3747,0.10105269
3748,0.08463173
3749,0.016818888
3750,0.07090963
3751,0.019820161
3752,0.022479825
3753,0.15811631
3754,0.02336175
3755,0.025739849
3756,0.03324429
3757,0.076639086
3758,0.076047756
3759,0.15540776
3760,0.1266197
3761,0.13832492
3762,0.07166759
3763,0.05049563
3764,0.019635484
3765,0.05527821
3766,0.041608177
3767,0.06071237
3768,0.04349464
3769,0.6018902
3770,0.14679454
3771,0.019459374
3772,0.015298404
3773,0.11663332
3774,0.058292117
3775,0.04723666
3776,0.018505275
3777,0.018722378
3778,0.04886227
3779,0.011788048
3780,0.023809783
3781,0.02243743
3782,0.090324916
3783,0.048813354
3784,0.092781425
3785,0.06920769
3786,0.12594579
3787,0.24315849
3788,0.3700303
3789,0.07631384
3790,0.025009923
3791,0.08451739
3792,0.02038347
3793,0.051354777
3794,0.054864824
3795,0.056071583
3796,0.1381599
3797,0.06366897
3798,0.11424254
3799,0.05051402
3800,0.06665881
3801,0.020308718
3802,0.0178698
3803,0.11284314
3804,0.01054243
3805,0.027119994
3806,0.07165068
3807,0.012537897
3808,0.023251332
3809,0.04564576
3810,0.060002796
3811,0.09213468
3812,0.14550115
3813,0.1420528
3814,0.2253668
3815,0.10293769
3816,0.14189453
3817,0.01415731
3818,0.1022336
3819,0.053166784
3820,0.044725895
3821,0.10085332
3822,0.030413464
3823,0.021600507
3824,0.047334537
3825,0.04659079
3826,0.01174324
3827,0.046867322
3828,0.08629829
3829,0.035850074
3830,0.056572303
3831,0.024212435
3832,0.025091343
3833,0.072291166
3834,0.018506214
3835,0.04216476
3836,0.035426248
3837,0.069670714
3838,0.14805554
3839,0.49832255
3840,0.13011491
3841,0.12617607
3842,0.066013664
3843,0.09451631
3844,0.08178722
3845,0.10098336
3846,0.051594425
3847,0.00981462
3848,0.007654704
3849,0.017491348
3850,0.2552558
3851,0.08292951
3852,0.088461235
3853,0.05704421
3854,0.10040964
3855,0.016878717
3856,0.028124988
3857,0.0100013465
3858,0.02527447
3859,0.049607553
3860,0.15038404
3861,0.07177816
3862,0.05067539
3863,0.12988433
3864,0.5840965
3865,0.11560604
3866,0.019203052
3867,0.2308783
3868,0.06984236
3869,0.19077308
3870,0.1896989
3871,0.078129455
3872,0.022206217
3873,0.049618497
3874,0.035371337
3875,0.10000569
3876,0.17518315
3877,0.052144602
3878,0.22912678
3879,0.09778409
3880,0.09033911
3881,0.015680455
3882,0.011188559
3883,0.025576524
3884,0.061534256
3885,0.08759653
3886,0.017558001
3887,0.13982806
3888,0.14882362
3889,0.13666487
3890,0.1026252
3891,0.03729747
3892,0.13038048
3893,0.20152885
3894,0.25159475
3895,0.056947574
3896,0.05409882
3897,0.07424285
3898,0.46137884
3899,0.05391008
3900,0.064700775
3901,0.27831346
3902,0.24783796
3903,0.016750775
3904,0.019858263
3905,0.006902769
3906,0.050341833
3907,0.07458608
3908,0.14609168
3909,0.23755345
3910,0.1230792
3911,0.11016929
3912,0.28015038
3913,0.16305512
3914,0.16487664
3915,0.20355058
3916,0.37728065
3917,0.0789826
3918,0.021732956
3919,0.043113258
3920,0.08978771
3921,0.05415358
3922,0.2673957
3923,0.71067464
3924,0.0056335256
3925,0.0572055
3926,0.38076532
3927,0.017103136
3928,0.04754099
3929,0.25854334
3930,0.018591337
3931,0.05450518
3932,0.09801658
3933,0.022470646
3934,0.056871492
3935,0.007570043
3936,0.2873149
3937,0.055621378
3938,0.09898614
3939,0.18859191
3940,0.14355344
3941,0.24504358
3942,0.37591997
3943,0.15088977
3944,0.029531494
3945,0.2529263
3946,0.109771445
3947,0.12164436
3948,0.82454634
3949,0.41104174
3950,0.28879592
3951,0.007217787
3952,0.021993019
3953,0.12584725
3954,0.056573298
3955,0.030517064
3956,0.012061037
3957,0.01761607
3958,0.011489026
3959,0.06949086
3960,0.013102084
3961,0.03506807
3962,0.073180124
3963,0.13551177
3964,0.116043106
3965,0.14105393
3966,0.10001944
3967,0.2425324
3968,0.24638247
3969,0.030094802
3970,0.1359847
3971,0.25738993
3972,0.018760554
3973,0.08023961
3974,0.7926237
3975,0.92818516
3976,0.4275298
3977,0.02777797
3978,0.04429857
3979,0.29336962
3980,0.084582716
3981,0.061475992
3982,0.011792734
3983,0.05792649
3984,0.07695036
3985,0.0647413
3986,0.014586419
3987,0.27861708
3988,0.018644415
3989,0.042484254
3990,0.14689675
3991,0.11941896
3992,0.06656686
3993,0.050342828
3994,0.091174655
3995,0.2204816
3996,0.026126273
3997,0.13119477
3998,0.09216401
3999,0.110221855
4000,0.7574482
4001,0.8450363
4002,0.45498407
4003,0.021850593
4004,0.20981763
4005,0.033958193
4006,0.1341042
4007,0.10968046
4008,0.24892351
4009,0.044400096
4010,0.08827958
4011,0.026763901
4012,0.06068618
4013,0.15838009
4014,0.24089563
4015,0.09763497
4016,0.52029943
4017,0.26262861
4018,0.17065382
4019,0.1686811
4020,0.10493004
4021,0.07152386
4022,0.13605396
4023,0.04622037
4024,0.031755492
4025,0.027861744
4026,0.13296168
4027,0.23138496
4028,0.061194908
4029,0.10151084
4030,0.026266232
4031,0.8373008
4032,0.9307514
4033,0.90648603
4034,0.050715886
4035,0.049938172
4036,0.13911733
4037,0.01735001
4038,0.17093998
4039,0.027274996
4040,0.024410725
4041,0.019001618
4042,0.07290216
4043,0.12932134
4044,0.052116785
4045,0.3854529
4046,0.5436715
4047,0.08328322
4048,0.13913679
4049,0.12005952
4050,0.27106926
4051,0.07937968
4052,0.23870152
4053,0.09679688
4054,0.036158737
4055,0.10749216
4056,0.108290344
4057,0.10028638
4058,0.04960945
4059,0.3777037
4060,0.36843294
4061,0.17263252
4062,0.07677643
4063,0.032681413
4064,0.13958319
4065,0.07704577
4066,0.19424006
4067,0.029343963
4068,0.04036443
4069,0.06080362
4070,0.024682306
4071,0.052636802
4072,0.048212387
4073,0.24963662
4074,0.7619852
4075,0.25951967
4076,0.2810208
4077,0.12859006
4078,0.18824816
4079,0.2511363
4080,0.49863642
4081,0.08150933
4082,0.035876207
4083,0.04041898
4084,0.028224401
4085,0.13709909
4086,0.1662802
4087,0.068980396
4088,0.27839974
4089,0.26934427
4090,0.185096
4091,1.0168668
4092,0.10846231
4093,0.018591456
4094,0.14115778
4095,0.17657599
4096,0.021908425
4097,0.06786037
4098,0.13156587
4099,0.073952526
4100,0.049597766
4101,0.046957344
4102,0.05408807
4103,0.15948388
4104,0.42520636
4105,0.26698625
4106,0.4862126
4107,0.4404348
4108,0.18630934
4109,0.1502366
4110,0.38320133
4111,0.012922421
4112,0.025711544
4113,0.17866254
4114,0.07592075
4115,0.04919458
4116,0.26307237
4117,0.22737086
4118,0.052254926
4119,0.49144384
4120,0.26772562
4121,0.07578264
4122,0.11879693
4123,0.09028313
4124,0.04802167
4125,0.011460394
4126,0.009292521
4127,0.01697322
4128,0.033517558
4129,0.064683214
4130,0.11477542
4131,0.12331614
4132,0.13904043
4133,0.40103126
4134,0.78611934
4135,0.4473316
4136,0.27035972
4137,0.57568806
4138,0.1112602
4139,0.070715114
4140,0.07046875
4141,0.14411056
4142,0.18996641
4143,0.06524084
4144,0.029989026
4145,0.060170263
4146,0.1441395
4147,0.020220347
4148,0.051696196
4149,0.123031855
4150,0.018768653
4151,0.037466332
4152,0.0202194
4153,0.013754949
4154,0.032059506
4155,0.10112877
4156,0.06802663
4157,0.096147746
4158,0.19096625
4159,0.17607433
4160,0.32719594
4161,0.72291416
4162,0.6499326
4163,0.4064813
4164,0.104053855
4165,0.0064669177
4166,0.0427671
4167,0.019039392
4168,0.059633765
4169,0.11679964
4170,0.004992135
4171,0.029842526
4172,0.47555476
4173,0.04858573
4174,0.019120105
4175,0.061236735
4176,0.033826564
4177,0.10576069
4178,0.06286687
4179,0.050994296
4180,0.018200025
4181,0.03386405
4182,0.109265685
4183,0.13923442
4184,0.5752267
4185,0.3937509
4186,0.14360371
4187,0.76427895
4188,0.38267165
4189,0.44389257
4190,0.10859208
4191,0.052042592
4192,0.035570163
4193,0.03417361
4194,0.05041186
4195,0.0539775
4196,0.03650867
4197,0.05104998
4198,0.45304808
4199,0.097079895
4200,0.37203372
4201,0.035077147
4202,0.10446435
4203,0.115835294
4204,0.12010105
4205,0.1708404
4206,0.03871071
4207,0.031543568
4208,0.01122202
4209,0.054190885
4210,0.16657405
4211,0.5131662
4212,0.39489427
4213,0.4071177
4214,0.13518932
4215,0.39770412
4216,0.17578079
4217,0.061501652
4218,0.03539297
4219,0.014244407
4220,0.025433563
4221,0.015629843
4222,0.05969437
4223,0.13817658
4224,0.12701963
4225,0.049671672
4226,0.19827078
4227,0.032615382
4228,0.07321091
4229,0.2542156
4230,0.049991123
4231,0.014078125
4232,0.012868606
4233,0.1362996
4234,0.18337393
4235,0.044808716
4236,0.13682324
4237,0.2611228
4238,0.084797405
4239,0.094262674
4240,0.025267228
4241,0.0901206
4242,0.07699415
4243,0.049174324
4244,0.13131362
4245,0.111843914
4246,0.03990595
4247,0.03647636
4248,0.009353399
4249,0.15519162
4250,0.012558065
4251,0.102206424
4252,0.038201675
4253,0.040936287
4254,0.14513032
4255,0.03859929
4256,0.06669535
4257,0.009889133
4258,0.0724922
4259,0.18405603
4260,0.3660401
4261,0.41963714
4262,0.036789265
4263,0.012535356
4264,0.018386729
4265,0.017727979
4266,0.032866545
4267,0.05554505
4268,0.017950103
4269,0.07208265
4270,0.116407506
4271,0.013181269
4272,0.034381717
4273,0.01426971
4274,0.031939246
4275,0.02152931
4276,0.093856536
4277,0.117632985
4278,0.27820352
4279,0.01716622
4280,0.024751946
4281,0.07726751
4282,0.0803809
4283,0.117692076
4284,0.26605013
4285,0.027539924
4286,0.011841051
4287,0.112029046
4288,0.03634066
4289,0.017491579
4290,0.09058602
4291,0.13102034
4292,0.044257827
4293,0.012500927
4294,0.018722579
4295,0.007991865
4296,0.2615508
4297,0.031035043
4298,0.14671236
4299,0.07465744
4300,0.05153193
4301,0.021323457
4302,0.030216374
4303,0.085815325
4304,0.26573062
4305,0.029349275
4306,0.019500442
4307,0.035597634
4308,0.043891
4309,0.06391774
4310,0.23843092
4311,0.07756042
4312,0.2358374
4313,0.10277246
4314,0.025362916
4315,0.04761729
4316,0.035244953
4317,0.025145106
4318,0.26776293
4319,0.019023225
4320,0.092023514
4321,0.022924237
4322,0.1283443
4323,0.05500906
4324,0.013586372
4325,0.275003
4326,0.32152912
4327,0.13424872
4328,0.020757988
4329,0.08025659
4330,0.039214227
4331,0.031109009
4332,0.10309024
4333,0.07339138
4334,0.087326236
4335,0.7920641
4336,0.079980366
4337,0.0791993
4338,0.07806656
4339,0.038507577
4340,0.14806499
4341,0.47612253
4342,0.07104018
4343,0.13930658
4344,0.025968306
4345,0.022118427
4346,0.012265421
4347,0.029736407
4348,0.10474116
4349,0.0319069
4350,0.028218172
4351,0.0543889
4352,0.04459988
4353,0.019830607
4354,0.050374866
4355,0.019366674
4356,0.10219041
4357,0.037327312
4358,0.0329892
4359,0.07648437
4360,0.11824569
4361,0.020824634
4362,0.06811966
4363,0.44993117
4364,0.05711463
4365,0.09015118
4366,0.040641576
4367,0.03825947
4368,0.05185057
4369,0.05673147
4370,0.022642396
4371,0.4384435
4372,0.032199502
4373,0.004483655
4374,0.017398752
4375,0.056211073
4376,0.087012514
4377,0.023873411
4378,0.11326286
4379,0.043202773
4380,0.024246551
4381,0.0053239986
4382,0.042940464
4383,0.39286026
4384,0.022560753
4385,0.01891905
4386,0.011933953
4387,0.019900404
4388,0.052758567
4389,0.0110691935
4390,0.038443904
4391,0.1382724
4392,0.09113243
4393,0.015726894
4394,0.020987466
4395,0.020942293
4396,0.052951675
4397,0.12700638
4398,0.10721167
4399,0.09408861
4400,0.08155835
4401,0.026519299
4402,0.049321633
4403,0.01990857
4404,0.07765283
4405,0.17444026
4406,0.10468577
4407,0.009557977
4408,0.012840666
4409,0.04090358
4410,0.017633915
4411,0.020272732
4412,0.019472376
4413,0.008562915
4414,0.009539627
4415,0.015942305
4416,0.015650705
4417,0.021739766
4418,0.056880627
4419,0.0529333
4420,0.12487652
4421,0.12043864
4422,0.18772432
4423,0.012544505
4424,0.03312025
4425,0.012778595
4426,0.02679985
4427,0.02697298
4428,0.019475289
4429,0.015856996
4430,0.015885852
4431,0.01068005
4432,0.073944956
4433,0.047433123
4434,0.052943744
4435,0.017023958
4436,0.01830101
4437,0.012707651
4438,0.081351675
4439,0.032320973
4440,0.063193366
4441,0.009000413
4442,0.012763947
4443,0.029099606
4444,0.020599984
4445,0.08701225
4446,0.0136680305
4447,0.010834001
4448,0.117072694
4449,0.05368932
4450,0.07613214
4451,0.06489464
4452,0.106993325
4453,0.02735313
4454,0.013904378
4455,0.007314138
4456,0.054683864
4457,0.016078182
4458,0.06036467
4459,0.0074488074
4460,0.1081688
4461,0.018645085
4462,0.022477023
4463,0.025647737
4464,0.008157313
4465,0.01298549
4466,0.035692174
4467,0.011281177
4468,0.012284152
4469,0.02613096
4470,0.068330266
4471,0.028484754
4472,0.16268626
4473,0.021271326
4474,0.025072537
4475,0.0058999583
4476,0.020085804
4477,0.047355346
4478,0.02196747
4479,0.01517503
4480,0.024904646
4481,0.02538643
4482,0.011544488
4483,0.01076778
4484,0.018317536
4485,0.034239586
4486,0.06734446
4487,0.08595929
4488,0.017563306
4489,0.10363221
4490,0.018450148
4491,0.0073378235
4492,0.044897065
4493,0.012598485
4494,0.052253164
4495,0.014505006
4496,0.056666393
4497,0.03256735
4498,0.03327461
4499,0.046172023
4500,0.029231556
4501,0.081195235
4502,0.06806844
4503,0.043137237
4504,0.041734498
4505,0.05807813
4506,0.05798538
4507,0.25080296
4508,0.39836365
4509,0.024481878
4510,0.03750207
4511,0.26348928
4512,0.02804172
4513,0.17622966
4514,0.046811406
4515,0.17547494
4516,0.051140152
4517,0.018491678
4518,0.012488909
4519,0.032455917
4520,0.23305649
4521,0.073675804
4522,0.4991567
4523,0.14251342
4524,0.09974065
4525,0.03435265
4526,0.024190716
4527,0.029867359
4528,0.036740813
4529,0.019199386
4530,0.01570516
4531,0.23879212
4532,0.054566134
4533,0.4331232
4534,0.43312496
4535,0.042067382
4536,0.038547143
4537,0.11210124
4538,0.13182086
4539,0.0438615
4540,0.040583417
4541,0.059782963
4542,0.0821752
4543,0.41577375
4544,0.2186209
4545,0.17853767
4546,0.46093026
4547,0.1875179
4548,0.47946858
4549,0.05925019
4550,0.25442764
4551,0.030736148
4552,0.040038075
4553,0.03958735
4554,0.021575898
4555,0.029055804
4556,0.21726215
4557,0.11788837
4558,0.049590334
4559,0.044475023
4560,0.04386221
4561,0.17755571
4562,0.03313802
4563,0.057974897
4564,0.044768184
4565,0.05229998
4566,0.028376296
4567,0.041601233
4568,0.0583148
4569,0.069128156
4570,0.033112522
4571,0.05918568
4572,0.2301794
4573,0.0272455
4574,0.2715885
4575,0.042439044
4576,0.026109286
4577,0.0072037205
4578,0.015379056
4579,0.4502033
4580,0.08768449
4581,0.017633632
4582,0.060968723
4583,0.15560052
4584,0.45282552
4585,0.0043632314
4586,0.07888072
4587,0.030664988
4588,0.013822049
4589,0.015373737
4590,0.043203
4591,0.0042742416
4592,0.08012092
4593,0.080799215
4594,0.08991916
4595,0.24025649
4596,0.42840388
4597,0.02255407
4598,0.040258303
4599,0.04474636
4600,0.010288052
4601,0.010054663
4602,0.027888969
4603,0.036914356
4604,0.15793675
4605,0.023187347
4606,0.05060174
4607,0.048834126
4608,0.03688872
4609,0.09409555
4610,0.49393982
4611,0.015103757
4612,0.020315886
4613,0.025628231
4614,0.050323196
4615,0.044034377
4616,0.022391364
4617,0.028550692
4618,0.013892569
4619,0.11030032
4620,0.24956378
4621,0.08483999
4622,0.08477984
4623,0.06144832
4624,0.04257759
4625,0.031797834
4626,0.03174681
4627,0.043141156
4628,0.055919617
4629,0.06772998
4630,0.25163358
4631,0.016543992
4632,0.049112853
4633,0.03030923
4634,0.022066742
4635,0.015425123
4636,0.02488403
4637,0.039516304
4638,0.026702479
4639,0.07664694
4640,0.17387922
4641,0.24045488
4642,0.04739585
4643,0.041806962
4644,0.043802466
4645,0.09274713
4646,0.08033013
4647,0.017743386
4648,0.0696652
4649,0.019290343
4650,0.024885356
4651,0.014438532
4652,0.14484511
4653,0.025949292
4654,0.02668541
4655,0.03163431
4656,0.07421291
4657,0.07833347
4658,0.24725208
4659,0.12877622
4660,0.23136613
4661,0.07449028
4662,0.051854543
4663,0.02112186
4664,0.05386903
4665,0.049216326
4666,0.06951542
4667,0.04044823
4668,0.6178255
4669,0.25844637
4670,0.01814466
4671,0.1322912
4672,0.057605743
4673,0.04805928
4674,0.019392498
4675,0.01779662
4676,0.009583585
4677,0.049796376
4678,0.012937099
4679,0.019788638
4680,0.023774005
4681,0.08717157
4682,0.047431335
4683,0.09233393
4684,0.06822642
4685,0.11824868
4686,0.23496205
4687,0.38060203
4688,0.0747866
4689,0.02653481
4690,0.08572468
4691,0.017387338
4692,0.048788235
4693,0.055709586
4694,0.056269802
4695,0.12767099
4696,0.06361644
4697,0.112040065
4698,0.041725647
4699,0.0701442
4700,0.022523403
4701,0.02127441
4702,0.11940894
4703,0.0127855465
4704,0.030811712
4705,0.058785755
4706,0.035031196
4707,0.01270891
4708,0.022824265
4709,0.044685945
4710,0.060677126
4711,0.093822025
4712,0.14750771
4713,0.14324002
4714,0.22803438
4715,0.1159279
4716,0.1306016
4717,0.016996004
4718,0.10271279
4719,0.014435738
4720,0.055759963
4721,0.043831337
4722,0.11255308
4723,0.03345741
4724,0.021059178
4725,0.049995866
4726,0.04135133
4727,0.009231873
4728,0.04671154
4729,0.09543438
4730,0.032272648
4731,0.059668932
4732,0.0067680776
4733,0.019881122
4734,0.022531338
4735,0.07463814
4736,0.01709596
4737,0.0432511
4738,0.042327113
4739,0.06980447
4740,0.14787526
4741,0.51457024
4742,0.14308321
4743,0.12656634
4744,0.06673199
4745,0.093298
4746,0.07841247
4747,0.09652995
4748,0.05853147
4749,0.011077173
4750,0.02151148
4751,0.2670882
4752,0.07717949
4753,0.08859911
4754,0.057964627
4755,0.09483896
4756,0.017597891
4757,0.024786457
4758,0.0092673
4759,0.021306582
4760,0.024317011
4761,0.05175985
4762,0.14855716
4763,0.07306239
4764,0.056928717
4765,0.13011411
4766,0.58318585
4767,0.11528304
4768,0.2330929
4769,0.062653214
4770,0.24379304
4771,0.18217167
4772,0.075491145
4773,0.042922255
4774,0.03172066
4775,0.10146703
4776,0.2316545
4777,0.05494674
4778,0.17502986
4779,0.11146565
4780,0.087739445
4781,0.01966799
4782,0.024907239
4783,0.06451515
4784,0.08420345
4785,0.020474114
4786,0.1500225
4787,0.1495966
4788,0.12600622
4789,0.1014406
4790,0.03723863
4791,0.11772235
4792,0.19341789
4793,0.25118396
4794,0.065649875
4795,0.053983502
4796,0.018287472
4797,0.0075570866
4798,0.0694031
4799,0.45164827
4800,0.057501286
4801,0.056017954
4802,0.37812448
4803,0.241458
4804,0.015413687
4805,0.022624165
4806,0.04834678
4807,0.06739047
4808,0.16261016
4809,0.23700967
4810,0.12431604
4811,0.11018254
4812,0.27237877
4813,0.17439467
4814,0.15127116
4815,0.20440185
4816,0.27337152
4817,0.08169769
4818,0.04521261
4819,0.09341349
4820,0.055320147
4821,0.27522132
4822,0.7425803
4823,0.0054937154
4824,0.06216846
4825,0.39851153
4826,0.015613608
4827,0.04832254
4828,0.25739297
4829,0.019101694
4830,0.018744007
4831,0.05103756
4832,0.0932568
4833,0.02365572
4834,0.061147
4835,0.28925127
4836,0.05386555
4837,0.10375448
4838,0.18229726
4839,0.16242312
4840,0.19723567
4841,0.36820835
4842,0.25970125
4843,0.15864241
4844,0.23606947
4845,0.13229722
4846,0.7367585
4847,0.43261242
4848,0.28568408
4849,0.0071137175
4850,0.024508126
4851,0.11326756
4852,0.057218175
4853,0.006830886
4854,0.012116231
4855,0.013993032
4856,0.06285409
4857,0.012849405
4858,0.04286037
4859,0.06815519
4860,0.12476653
4861,0.13112928
4862,0.12404635
4863,0.09685167
4864,0.24339214
4865,0.112544745
4866,0.028882727
4867,0.12951836
4868,0.17519318
4869,0.020650737
4870,0.079361305
4871,0.75742793
4872,0.91281974
4873,0.39919087
4874,0.004317589
4875,0.030649759
4876,0.0405312
4877,0.28409997
4878,0.082110964
4879,0.050659563
4880,0.012113854
4881,0.06047487
4882,0.07878045
4883,0.061779946
4884,0.016759247
4885,0.271349
4886,0.020146213
4887,0.03568247
4888,0.14493619
4889,0.12583813
4890,0.06239406
4891,0.05019858
4892,0.09680306
4893,0.22369581
4894,0.024065852
4895,0.13168593
4896,0.08811109
4897,0.11110063
4898,0.8049863
4899,0.88028294
4900,0.4221664
4901,0.019410819
4902,0.08853158
4903,0.03705769
4904,0.008873932
4905,0.14457947
4906,0.109700136
4907,0.24569249
4908,0.04561513
4909,0.07052461
4910,0.025449052
4911,0.060670953
4912,0.1483636
4913,0.15723725
4914,0.11595291
4915,0.46100086
4916,0.2543037
4917,0.165764
4918,0.16549589
4919,0.10244444
4920,0.07348698
4921,0.1443671
4922,0.04549819
4923,0.034144953
4924,0.114259005
4925,0.1307653
4926,0.06010443
4927,0.08808597
4928,0.026428998
4929,0.79651695
4930,0.9595138
4931,0.9210074
4932,0.06601441
4933,0.047443435
4934,0.23422271
4935,0.18705517
4936,0.028633729
4937,0.021273822
4938,0.019649155
4939,0.07067743
4940,0.13602021
4941,0.05697977
4942,0.3964465
4943,0.5593544
4944,0.09237966
4945,0.12757233
4946,0.12325361
4947,0.17922159
4948,0.08194116
4949,0.24115026
4950,0.23673064
4951,0.03560476
4952,0.1099953
4953,0.10242167
4954,0.11047636
4955,0.05177544
4956,0.024894267
4957,0.38408834
4958,0.3707926
4959,0.26281604
4960,0.068929195
4961,0.031381976
4962,0.121885
4963,0.009654537
4964,0.0819016
4965,0.18897763
4966,0.030134782
4967,0.044178117
4968,0.05917166
4969,0.020718679
4970,0.020563848
4971,0.04942188
4972,0.04852622
4973,0.38984975
4974,0.7461112
4975,0.26352745
4976,0.2770748
4977,0.12655243
4978,0.19433999
4979,0.1739263
4980,0.44968727
4981,0.07917486
4982,0.03606558
4983,0.039372038
4984,0.026973605
4985,0.1340034
4986,0.23518798
4987,0.06575915
4988,0.21403354
4989,0.25596237
4990,0.17737973
4991,1.0166731
4992,0.107653946
4993,0.015276343
4994,0.13496502
4995,0.17844102
4996,0.023336537
4997,0.07050417
4998,0.098184474
4999,0.07278894
5000,0.041647173
5001,0.045407195
5002,0.054990012
5003,0.15655306
5004,0.43256444
5005,0.27737373
5006,0.51072335
5007,0.29919252
5008,0.1794271
5009,0.15114999
5010,0.24610823
5011,0.023156494
5012,0.16089694
5013,0.07829167
5014,0.05091352
5015,0.25642544
5016,0.22835743
5017,0.0640431
5018,0.547679
5019,0.26856297
5020,0.08496126
5021,0.12551107
5022,0.091983296
5023,0.03974685
5024,0.010840915
5025,0.017897025
5026,0.036470883
5027,0.06615745
5028,0.12252051
5029,0.121394895
5030,0.1440228
5031,0.22453964
5032,0.86414266
5033,0.42203256
5034,0.25796524
5035,0.5891124
5036,0.11138539
5037,0.02504903
5038,0.067965284
5039,0.07614623
5040,0.25349864
5041,0.192498
5042,0.067076065
5043,0.030422278
5044,0.071219414
5045,0.14664587
5046,0.017918624
5047,0.047277875
5048,0.12212533
5049,0.019832484
5050,0.03951103
5051,0.023887679
5052,0.014110468
5053,0.033890262
5054,0.103799045
5055,0.06820087
5056,0.097393766
5057,0.23963484
5058,0.16838744
5059,0.35477218
5060,0.7438275
5061,0.65851533
5062,0.41153485
5063,0.108709574
5064,0.0054794177
5065,0.040041886
5066,0.019383684
5067,0.054514352
5068,0.12388113
5069,0.008849189
5070,0.024498954
5071,0.42175284
5072,0.050838396
5073,0.019988507
5074,0.077776805
5075,0.036493253
5076,0.08817012
5077,0.053732757
5078,0.047198597
5079,0.018001579
5080,0.016938478
5081,0.020123988
5082,0.03157742
5083,0.1109346
5084,0.13476726
5085,0.5358265
5086,0.3696155
5087,0.16426809
5088,0.794148
5089,0.38882285
5090,0.50594735
5091,0.11426351
5092,0.03386893
5093,0.03233243
5094,0.05332772
5095,0.056806557
5096,0.052202728
5097,0.43787026
5098,0.23759526
5099,0.26673728
5100,0.035655998
5101,0.09657696
5102,0.10626636
5103,0.11510903
5104,0.18050306
5105,0.041041836
5106,0.030277714
5107,0.010150008
5108,0.055678822
5109,0.17989618
5110,0.5138677
5111,0.4081835
5112,0.38601807
5113,0.2438016
5114,0.2616468
5115,0.17062804
5116,0.0771433
5117,0.020129666
5118,0.014021687
5119,0.022234753
5120,0.06186301
5121,0.02794341
5122,0.14202437
5123,0.12876725
5124,0.047276992
5125,0.20686612
5126,0.03779676
5127,0.08072951
5128,0.37527794
5129,0.049654678
5130,0.012226976
5131,0.013331629
5132,0.139461
5133,0.16216809
5134,0.036235552
5135,0.24524292
5136,0.17138067
5137,0.078107074
5138,0.0964437
5139,0.023131229
5140,0.094360374
5141,0.07429803
5142,0.055439048
5143,0.14459762
5144,0.118828356
5145,0.033200875
5146,0.032802552
5147,0.009711303
5148,0.25633106
5149,0.012937628
5150,0.014365733
5151,0.1012831
5152,0.039449114
5153,0.039769504
5154,0.14612013
5155,0.0395498
5156,0.06674892
5157,0.009749174
5158,0.07120707
5159,0.18328696
5160,0.21678415
5161,0.3830583
5162,0.039688364
5163,0.034810085
5164,0.057616293
5165,0.066463426
5166,0.12724073
5167,0.010724418
5168,0.042941064
5169,0.014382966
5170,0.030728236
5171,0.020260744
5172,0.01345814
5173,0.093338095
5174,0.124167524
5175,0.3880635
5176,0.017949097
5177,0.02333296
5178,0.08120761
5179,0.08661617
5180,0.125281
5181,0.39933974
5182,0.029608332
5183,0.010119587
5184,0.11467221
5185,0.03364418
5186,0.015604772
5187,0.08506194
5188,0.13139309
5189,0.051497
5190,0.019853018
5191,0.21188264
5192,0.029237479
5193,0.018826775
5194,0.031880185
5195,0.15166008
5196,0.07167126
5197,0.051829856
5198,0.020611823
5199,0.029983744
5200,0.08202421
5201,0.27474004
5202,0.025822833
5203,0.01938381
5204,0.031375844
5205,0.042444382
5206,0.06564663
5207,0.24262407
5208,0.068225384
5209,0.19185007
5210,0.10191864
5211,0.027396314
5212,0.04494927
5213,0.048791487
5214,0.022880524
5215,0.18840031
5216,0.019123822
5217,0.024553783
5218,0.10051968
5219,0.024984643
5220,0.13029827
5221,0.05914882
5222,0.012680955
5223,0.013165496
5224,0.26809025
5225,0.56522095
5226,0.13749787
5227,0.029270992
5228,0.0143067315
5229,0.090668775
5230,0.039971463
5231,0.031749878
5232,0.10150999
5233,0.0747371
5234,0.09150285
5235,0.71618617
5236,0.023846425
5237,0.06900382
5238,0.014490925
5239,0.08625042
5240,0.08504456
5241,0.02316492
5242,0.040189356
5243,0.15390216
5244,0.49731895
5245,0.078902066
5246,0.1374845
5247,0.018659614
5248,0.030866906
5249,0.028297693
5250,0.10810298
5251,0.026995957
5252,0.026012443
5253,0.056579288
5254,0.03729617
5255,0.023510315
5256,0.022924632
5257,0.050500374
5258,0.018514693
5259,0.09734322
5260,0.030064188
5261,0.018954486
5262,0.03563698
5263,0.07200448
5264,0.1239223
5265,0.020828433
5266,0.07088667
5267,0.46461773
5268,0.057296354
5269,0.08650352
5270,0.050307702
5271,0.056479752
5272,0.01987996
5273,0.4433406
5274,0.029637367
5275,0.018397883
5276,0.056613017
5277,0.08500319
5278,0.025396869
5279,0.102531716
5280,0.04418661
5281,0.024484344
5282,0.04668887
5283,0.37361744
5284,0.018604137
5285,0.008191548
5286,0.020128287
5287,0.01661957
5288,0.05149035
5289,0.009280354
5290,0.039118502
5291,0.15348068
5292,0.07526454
5293,0.022674285
5294,0.019769862
5295,0.06494976
5296,0.1321151
5297,0.1180209
5298,0.098274045
5299,0.07598269
5300,0.024400778
5301,0.04878849
5302,0.018421732
5303,0.06752171
5304,0.26380268
5305,0.1080609
5306,0.0073425695
5307,0.03899348
5308,0.021447822
5309,0.017745875
5310,0.025126174
5311,0.015124448
5312,0.017608441
5313,0.009238102
5314,0.007312484
5315,0.013726287
5316,0.0149422735
5317,0.021486185
5318,0.05336886
5319,0.057594094
5320,0.12731089
5321,0.0057048947
5322,0.0118096545
5323,0.012664832
5324,0.1547575
5325,0.008163631
5326,0.1875279
5327,0.01361943
5328,0.020093456
5329,0.029671095
5330,0.01571159
5331,0.013154954
5332,0.025201283
5333,0.01828175
5334,0.02484268
5335,0.016900986
5336,0.017462224
5337,0.07062212
5338,0.024980523
5339,0.04625466
5340,0.056802098
5341,0.014826328
5342,0.011087716
5343,0.07434211
5344,0.025953226
5345,0.058360267
5346,0.028394975
5347,0.016280428
5348,0.08817831
5349,0.014179304
5350,0.01109758
5351,0.11844906
5352,0.060172107
5353,0.06667139
5354,0.069392845
5355,0.01691401
5356,0.11630227
5357,0.026402913
5358,0.0143576935
5359,0.051653452
5360,0.017541423
5361,0.07690155
5362,0.098876715
5363,0.018084303
5364,0.02290903
5365,0.027718842
5366,0.026394486
5367,0.022837177
5368,0.013680451
5369,0.011565238
5370,0.011669353
5371,0.035981543
5372,0.012199253
5373,0.012116991
5374,0.025315017
5375,0.07543266
5376,0.024918526
5377,0.007526614
5378,-0.0045609325
5379,0.14741848
5380,0.02035153
5381,0.016940325
5382,0.019973181
5383,0.054324515
5384,0.022577882
5385,0.016740873
5386,0.024266355
5387,0.018669382
5388,0.0284032
5389,0.012000129
5390,0.017411217
5391,0.033939656
5392,0.062300038
5393,0.086872995
5394,0.01814752
5395,0.09295568
5396,0.014515877
5397,0.019962557
5398,0.013798654
5399,0.034141123
5400,0.051293194
5401,0.012060672
5402,0.011704437
5403,0.07856352
5404,0.0033324286
5405,0.022164509
5406,0.053852934
5407,0.03294976
5408,0.08595914
5409,0.050917566
5410,0.029858999
5411,0.028561778
5412,0.0683908
5413,0.37032598
5414,0.4259842
5415,0.019834913
5416,0.038233846
5417,0.26625374
5418,0.040410127
5419,0.26182422
5420,0.038516432
5421,0.13750349
5422,0.047070596
5423,0.038573507
5424,0.012675941
5425,0.01630164
5426,0.01353652
5427,0.008915618
5428,0.2321727
5429,0.074285135
5430,0.46823582
5431,0.12754914
5432,0.037894964
5433,0.25016236
5434,0.038049337
5435,0.02945295
5436,0.013965122
5437,0.034211516
5438,0.034634795
5439,0.014977954
5440,0.22636312
5441,0.07998204
5442,0.42953187
5443,0.4470631
5444,0.049401853
5445,0.09873149
5446,0.14115159
5447,0.007805355
5448,0.0053074956
5449,0.04800056
5450,0.03925959
5451,0.0480418
5452,0.08530137
5453,0.43155202
5454,0.1211519
5455,0.26861668
5456,0.52047503
5457,0.18677527
5458,0.026065767
5459,0.4946503
5460,0.057607688
5461,0.2415478
5462,0.028764449
5463,0.03958568
5464,0.03730814
5465,0.033019926
5466,0.07414644
5467,0.11540814
5468,0.047056444
5469,0.05042031
5470,0.39560962
5471,0.035404462
5472,0.028367966
5473,0.056187898
5474,0.040295064
5475,0.04991796
5476,0.03096126
5477,0.040480245
5478,0.05528026
5479,0.07686451
5480,0.030652024
5481,0.07252419
5482,0.23460993
5483,0.027418286
5484,0.2647205
5485,0.046389643
5486,0.04470522
5487,0.025940113
5488,0.019677266
5489,0.02452834
5490,0.51574105
5491,0.059389617
5492,0.15887848
5493,0.27212977
5494,0.003508985
5495,0.07128923
5496,0.030893177
5497,0.023920842
5498,0.016561441
5499,0.0063589737
5500,0.04097333
5501,0.004113741
5502,0.07504563
5503,0.08473492
5504,0.08401199
5505,0.24162233
5506,0.26436988
5507,0.020343766
5508,0.040862426
5509,0.044389483
5510,0.0091826245
5511,0.022633515
5512,0.026584215
5513,0.038674943
5514,0.26074558
5515,0.022906192
5516,0.046461232
5517,0.015631385
5518,0.053395435
5519,0.04732938
5520,0.25263563
5521,0.4953617
5522,0.026679814
5523,0.020263702
5524,0.024029896
5525,0.046819195
5526,0.054676373
5527,0.020967118
5528,0.026317477
5529,0.014191441
5530,0.09990147
5531,0.2459268
5532,0.09627566
5533,0.08322765
5534,0.05988227
5535,0.03685608
5536,0.030161262
5537,0.032199174
5538,0.042684335
5539,0.048552856
5540,0.0637033
5541,0.24226844
5542,0.018124238
5543,0.045998577
5544,0.034024872
5545,0.022661246
5546,0.018723503
5547,0.025649779
5548,0.043098133
5549,0.026745833
5550,0.017834589
5551,0.08642265
5552,0.16230685
5553,0.17254925
5554,0.047888808
5555,0.044455025
5556,0.04456409
5557,0.10138752
5558,0.079500906
5559,0.015563935
5560,0.06264404
5561,0.021823153
5562,0.012451999
5563,0.1461786
5564,0.02813311
5565,0.0281066
5566,0.032782022
5567,0.07718004
5568,0.08138245
5569,0.1465474
5570,0.11974986
5571,0.23671243
5572,0.06888349
5573,0.050862078
5574,0.021983802
5575,0.05870677
5576,0.048893917
5577,0.057944633
5578,0.04105815
5579,0.61105853
5580,0.1428883
5581,0.12670901
5582,0.06286815
5583,0.04788966
5584,0.017072484
5585,0.018515646
5586,0.0100656375
5587,0.012494579
5588,0.049042698
5589,0.01975473
5590,0.012499839
5591,0.02086202
5592,0.02356989
5593,0.08087727
5594,0.05028747
5595,0.08984879
5596,0.0641935
5597,0.118379086
5598,0.23153877
5599,0.38885075
5600,0.07375288
5601,0.027290657
5602,0.07717515
5603,0.019757666
5604,0.048963267
5605,0.05178703
5606,0.053293098
5607,0.13300225
5608,0.060354866
5609,0.119122386
5610,0.04698216
5611,0.06286798
5612,0.032682147
5613,0.020564571
5614,0.11332963
5615,0.009466261
5616,0.02750095
5617,0.06547928
5618,0.033265036
5619,0.010955319
5620,0.02588366
5621,0.045221426
5622,0.06051564
5623,0.096580334
5624,0.15517193
5625,0.13618413
5626,0.23610559
5627,0.114848725
5628,0.14177412
5629,0.017089382
5630,0.10315072
5631,0.014740981
5632,0.058346704
5633,0.04376207
5634,0.11648728
5635,0.032097008
5636,0.022265643
5637,0.050768495
5638,0.040206257
5639,0.04892196
5640,0.09218341
5641,0.056460317
5642,0.0074183643
5643,0.021265857
5644,0.026740447
5645,0.07053705
5646,0.045949593
5647,0.03230296
5648,0.07219377
5649,0.15258187
5650,0.56695354
5651,0.13896845
5652,0.13419364
5653,0.07219015
5654,0.22539413
5655,0.08537987
5656,0.10002444
5657,0.050729044
5658,0.011106543
5659,0.01770176
5660,0.26606214
5661,0.081104584
5662,0.09355925
5663,0.049922623
5664,0.09501941
5665,0.0152122155
5666,0.027343392
5667,0.010161512
5668,0.019819759
5669,0.02454497
5670,0.047506303
5671,0.14501907
5672,0.0722894
5673,0.048596498
5674,0.12157027
5675,0.54298246
5676,0.10895644
5677,0.020312712
5678,0.24006814
5679,0.06629295
5680,0.24641207
5681,0.18040755
5682,0.071698904
5683,0.019617848
5684,0.038894303
5685,0.098828465
5686,0.16772997
5687,0.047797646
5688,0.1724011
5689,0.09938063
5690,0.09366892
5691,0.021121942
5692,0.025716178
5693,0.06715472
5694,0.081057645
5695,0.017720215
5696,0.14124295
5697,0.15763769
5698,0.13333416
5699,0.09800793
5700,0.040554415
5701,0.119362414
5702,0.19586197
5703,0.24585405
5704,0.059873953
5705,0.05218018
5706,0.022153191
5707,0.07037479
5708,0.49983442
5709,0.05451526
5710,0.055230808
5711,0.37792486
5712,0.24326175
5713,0.016056567
5714,0.012175322
5715,0.046286132
5716,0.06635759
5717,0.15770903
5718,0.22766092
5719,0.12335448
5720,0.10991248
5721,0.2817203
5722,0.17297654
5723,0.15067174
5724,0.19495828
5725,0.26253206
5726,0.09138043
5727,0.04287984
5728,0.08553715
5729,0.052814648
5730,0.2762364
5731,0.7291332
5732,0.005268112
5733,0.05797176
5734,0.38418898
5735,0.0173335
5736,0.044759676
5737,0.25217232
5738,0.017677419
5739,0.055768482
5740,0.09370388
5741,0.022589184
5742,0.059162073
5743,0.009223223
5744,0.28748983
5745,0.053742167
5746,0.10349784
5747,0.17953119
5748,0.14918679
5749,0.20002866
5750,0.3776342
5751,0.25743085
5752,0.027269542
5753,0.2403723
5754,0.36219284
5755,0.250009
5756,0.8086631
5757,0.41832167
5758,0.424435
5759,0.024606481
5760,0.11218951
5761,0.064903796
5762,0.018479325
5763,0.007672757
5764,0.012487203
5765,0.020293951
5766,0.012649648
5767,0.06753343
5768,0.009654358
5769,0.013574764
5770,0.038707063
5771,0.068329215
5772,0.12241035
5773,0.120439366
5774,0.12921041
5775,0.10001503
5776,0.25399372
5777,0.12548013
5778,0.032863423
5779,0.1369145
5780,0.26013246
5781,0.21209863
5782,0.73602694
5783,0.9494176
5784,0.43024307
5785,0.0059347823
5786,0.029660605
5787,0.018945366
5788,0.044220917
5789,0.27492303
5790,0.07380046
5791,0.06404124
5792,0.0125134215
5793,0.06206403
5794,0.08935384
5795,0.06059626
5796,0.016356602
5797,0.27286446
5798,0.021075249
5799,0.03409856
5800,0.14260647
5801,0.12267943
5802,0.05290411
5803,0.047397096
5804,0.10082515
5805,0.08794336
5806,0.025820568
5807,0.12260371
5808,0.078001045
5809,0.10357993
5810,0.75735503
5811,0.8633905
5812,0.4457167
5813,0.018895276
5814,0.21230462
5815,0.033856563
5816,0.1317307
5817,0.11015544
5818,0.2633107
5819,0.08312391
5820,0.021872267
5821,0.066753104
5822,0.12751383
5823,0.25245646
5824,0.0911694
5825,0.53474057
5826,0.25187036
5827,0.17054096
5828,0.16368371
5829,0.10547648
5830,0.07388739
5831,0.13511676
5832,0.048548643
5833,0.031559315
5834,0.12089214
5835,0.1357095
5836,0.064163476
5837,0.11239545
5838,0.02374848
5839,0.8001328
5840,0.99297523
5841,0.8952782
5842,0.06324157
5843,0.048482712
5844,0.4021648
5845,0.17486088
5846,0.027764149
5847,0.020911843
5848,0.020192243
5849,0.069467336
5850,0.13282162
5851,0.061902147
5852,0.3944744
5853,0.540492
5854,0.07567264
5855,0.122670904
5856,0.12920684
5857,0.18184415
5858,0.08658906
5859,0.24436572
5860,0.09859214
5861,0.038651377
5862,0.09681103
5863,0.10560385
5864,0.09943205
5865,0.055254966
5866,0.41702786
5867,0.3797251
5868,0.26173744
5869,0.0678301
5870,0.027850635
5871,0.13248882
5872,0.08113842
5873,0.19345076
5874,0.026355132
5875,0.042644896
5876,0.057105955
5877,0.019921437
5878,0.026380911
5879,0.04654588
5880,0.05070712
5881,0.24648938
5882,0.7749068
5883,0.45975322
5884,0.27274173
5885,0.12440795
5886,0.17630413
5887,0.24775681
5888,0.46820503
5889,0.2293311
5890,0.033717476
5891,0.044033755
5892,0.029519126
5893,0.13008526
5894,0.26095846
5895,0.06851916
5896,0.20688923
5897,0.26779726
5898,0.16915499
5899,1.021768
5900,0.11581652
5901,0.017452426
5902,0.13701884
5903,0.15969558
5904,0.02214986
5905,0.07025992
5906,0.13496591
5907,0.07956786
5908,0.04213759
5909,0.046046004
5910,0.05327221
5911,0.16701491
5912,0.4496532
5913,0.27721286
5914,0.49499506
5915,0.43974453
5916,0.19053328
5917,0.16381252
5918,0.24587768
5919,0.16793579
5920,0.072243735
5921,0.050926603
5922,0.45813936
5923,0.36443192
5924,0.06496958
5925,0.5450054
5926,0.3920857
5927,0.08592843
5928,0.119132735
5929,0.08877643
5930,0.0448912
5931,0.01148814
5932,0.017909326
5933,0.034402017
5934,0.067580506
5935,0.12080306
5936,0.11964117
5937,0.14411528
5938,0.2740068
5939,0.858338
5940,0.46354458
5941,0.427356
5942,0.5296161
5943,0.1084619
5944,0.072249494
5945,0.08208917
5946,0.13932532
5947,0.25371343
5948,0.062336683
5949,0.030849785
5950,0.0032553151
5951,0.06230585
5952,0.14238381
5953,0.022145033
5954,0.04495235
5955,0.120595604
5956,0.021202706
5957,0.044232335
5958,0.020599112
5959,0.013778843
5960,0.034022335
5961,0.10124159
5962,0.06848459
5963,0.09876451
5964,0.24305025
5965,0.27681282
5966,0.36154458
5967,0.7035319
5968,0.6177165
5969,0.26201618
5970,0.108097315
5971,0.0047902465
5972,0.043799322
5973,0.018903628
5974,0.057583008
5975,0.1235686
5976,0.0074696317
5977,0.033359736
5978,0.46440855
5979,0.18778113
5980,0.015583821
5981,0.063504264
5982,0.03775261
5983,0.086505815
5984,0.06033954
5985,0.048002355
5986,0.016779728
5987,0.044615395
5988,0.017919585
5989,0.018937178
5990,0.03083855
5991,0.120469086
5992,0.13776353
5993,0.5293829
5994,0.3837696
5995,0.14907414
5996,0.8490349
5997,0.3952144
5998,0.45495147
5999,0.25393063
6000,0.0437785
6001,0.034312133
6002,0.03433188
6003,0.04878395
6004,0.056923762
6005,0.035269164
6006,0.057640847
6007,0.41672343
6008,0.22817937
6009,0.24234954
6010,0.02837766
6011,0.10411981
6012,0.1149076
6013,0.11491142
6014,0.17148924
6015,0.043356624
6016,0.03028208
6017,0.054078806
6018,0.17893417
6019,0.47741497
6020,0.40778777
6021,0.389541
6022,0.14107966
6023,0.2654231
6024,0.18472937
6025,0.06811766
6026,0.061790343
6027,0.022880726
6028,0.13631383
6029,0.11514641
6030,0.04740096
6031,0.2912279
6032,0.03296217
6033,0.07552273
6034,0.2624867
6035,0.04997519
6036,0.0141735
6037,0.12806466
6038,0.16769034
6039,0.0363039
6040,0.0067201257
6041,0.24025488
6042,0.18927649
6043,0.07747043
6044,0.08525216
6045,0.028579123
6046,0.09344967
6047,0.08083768
6048,0.055505373
6049,0.12833232
6050,0.12053086
6051,0.03913551
6052,0.034346517
6053,0.009977095
6054,0.4003764
6055,0.013787545
6056,0.014969632
6057,0.09276044
6058,0.039104562
6059,0.03843683
6060,0.1538976
6061,0.039999977
6062,0.06759336
6063,0.009915449
6064,0.0683616
6065,0.19060317
6066,0.37795284
6067,0.39452487
6068,0.061127122
6069,0.017981328
6070,0.037110154
6071,0.05402229
6072,0.024219982
6073,0.07409376
6074,0.12309541
6075,0.011629693
6076,0.035917573
6077,0.015782036
6078,0.026424251
6079,0.023011953
6080,0.08993569
6081,0.12657374
6082,0.39450207
6083,0.015251726
6084,0.02227991
6085,0.07278095
6086,0.081755586
6087,0.12017913
6088,0.41460472
6089,0.018150464
6090,0.09832712
6091,0.03344091
6092,0.017246723
6093,0.08583558
6094,0.12934297
6095,0.05120111
6096,0.020445928
6097,0.0077375323
6098,0.27550182
6099,0.027110845
6100,0.018239044
6101,0.03115892
6102,0.14848837
6103,0.06908448
6104,0.055434763
6105,0.022250362
6106,0.028024524
6107,0.08307526
6108,0.36651343
6109,0.028010756
6110,0.001000844
6111,0.0176868
6112,0.030403346
6113,0.041463684
6114,0.06659776
6115,0.22196355
6116,0.07159594
6117,0.24805966
6118,0.105138
6119,0.028302662
6120,0.046487782
6121,0.043029465
6122,0.02609101
6123,0.24583942
6124,0.088689774
6125,0.02503229
6126,0.12283164
6127,0.06038874
6128,0.0108316615
6129,0.012565814
6130,0.27136073
6131,0.51164883
6132,0.13599834
6133,0.0200558
6134,0.08803945
6135,0.042306922
6136,0.03644929
6137,0.09546569
6138,0.07776178
6139,0.09107265
6140,0.77477735
6141,0.07954401
6142,0.016297318
6143,0.09093194
6144,0.085524455
6145,0.020189375
6146,0.03964853
6147,0.14959529
6148,0.4655399
6149,0.079501055
6150,0.13177112
6151,0.02267541
6152,0.012974441
6153,0.026040837
6154,0.11100116
6155,0.024454735
6156,0.027423315
6157,0.055667385
6158,0.039933387
6159,0.022529766
6160,0.018575504
6161,0.047361962
6162,0.017225169
6163,0.113573626
6164,0.035725273
6165,0.04229312
6166,0.017562106
6167,0.03902788
6168,0.077354714
6169,0.12271167
6170,0.019778177
6171,0.07300584
6172,0.452858
6173,0.06402135
6174,0.09789204
6175,0.052431863
6176,0.061920762
6177,0.022095188
6178,0.43635803
6179,0.030843578
6180,0.012535013
6181,0.0069760308
6182,0.0063303113
6183,0.05237256
6184,0.07974019
6185,0.023000456
6186,0.014349185
6187,0.11016536
6188,0.03927523
6189,0.04765427
6190,0.38365075
6191,0.018467039
6192,0.01649338
6193,0.02148258
6194,0.01488556
6195,0.052758567
6196,0.010834813
6197,0.04039713
6198,0.15652882
6199,0.07370938
6200,0.01785542
6201,0.023055486
6202,0.06151441
6203,0.14052285
6204,0.11470914
6205,0.089277
6206,0.079745576
6207,0.026713893
6208,0.050190773
6209,0.020206332
6210,0.086661234
6211,0.2507967
6212,0.11333422
6213,0.038941756
6214,0.022755258
6215,0.016113602
6216,0.026884966
6217,0.01576563
6218,0.020095028
6219,0.008382432
6220,0.0221024
6221,0.010094941
6222,0.014042996
6223,0.023080714
6224,0.054274213
6225,0.051989917
6226,0.13043912
6227,0.004441619
6228,0.0141936615
6229,0.12058775
6230,0.009177335
6231,0.19196367
6232,0.008456036
6233,0.03314191
6234,0.012941152
6235,0.013859667
6236,0.02655378
6237,0.03203768
6238,0.018162243
6239,0.029431485
6240,0.017279536
6241,0.06973742
6242,0.024096347
6243,0.048719976
6244,0.015417449
6245,0.05338286
6246,0.017263338
6247,0.008869
6248,0.013845071
6249,0.092262134
6250,0.03038229
6251,0.055929784
6252,0.012154974
6253,0.004455127
6254,0.012965202
6255,0.027117781
6256,0.011813961
6257,0.0114626065
6258,0.018864848
6259,0.087873146
6260,0.014707498
6261,0.010608859
6262,0.12327203
6263,0.0542699
6264,0.061643314
6265,0.05747281
6266,0.018147193
6267,0.1096389
6268,0.026774682
6269,0.016287364
6270,0.05805542
6271,0.017124385
6272,0.061113458
6273,0.12435189
6274,0.019852117
6275,0.013993531
6276,0.023731895
6277,0.04512006
6278,0.023499504
6279,0.023914136
6280,0.011936255
6281,0.006556593
6282,0.01613471
6283,0.011520997
6284,0.010694623
6285,0.011440136
6286,0.032539926
6287,0.009845488
6288,0.028228559
6289,0.06281544
6290,0.14670631
6291,0.028453894
6292,0.03583212
6293,0.019478813
6294,0.0575648
6295,0.021660514
6296,0.013693221
6297,0.022946984
6298,0.018124893
6299,0.025548346
6300,0.010496683
6301,0.012009181
6302,0.030075058
6303,0.06891921
6304,0.100245655
6305,0.019153357
6306,0.092746675
6307,0.019631796
6308,0.04676251
6309,0.04652676
6310,0.039185654
6311,0.07024481
6312,0.0037013069
6313,0.02389577
6314,0.036715437
6315,0.033257872
6316,0.055441897
6317,0.12861484
6318,0.043191455
6319,0.0032069162
6320,0.10834825
6321,0.041307833
6322,0.076273516
6323,0.06435848
6324,0.41166872
6325,0.4100542
6326,0.0752427
6327,0.37112352
6328,0.039185014
6329,0.27620417
6330,0.24203408
6331,0.1279323
6332,0.047117937
6333,0.037130434
6334,0.013058707
6335,0.028977327
6336,0.013703644
6337,0.24993289
6338,0.05495078
6339,0.60302836
6340,0.12864634
6341,0.12282208
6342,0.034524474
6343,0.024371527
6344,0.01885432
6345,0.03502393
6346,0.017425291
6347,0.027479328
6348,0.14921007
6349,0.09689309
6350,0.485335
6351,0.4680688
6352,0.04515596
6353,0.054175068
6354,0.1282545
6355,0.14744295
6356,0.00955151
6357,0.0069102943
6358,0.021118559
6359,0.043063633
6360,0.041977473
6361,0.045093972
6362,0.0962539
6363,0.039171916
6364,0.42996535
6365,0.13279276
6366,0.27693185
6367,0.5321414
6368,0.103582844
6369,0.024787016
6370,0.5470865
6371,0.022696868
6372,0.057190172
6373,0.2573991
6374,0.04695216
6375,0.057524968
6376,0.038352862
6377,0.036948487
6378,0.031499136
6379,0.22610548
6380,0.12853083
6381,0.035006423
6382,0.055142175
6383,0.39368907
6384,0.041333485
6385,0.02926384
6386,0.056464642
6387,0.039639667
6388,0.06304577
6389,0.033047486
6390,0.063209794
6391,0.10720333
6392,0.031094648
6393,0.06817707
6394,0.13067083
6395,0.37827393
6396,0.057563085
6397,0.042284895
6398,0.012419447
6399,0.015425183
6400,0.0051663667
6401,0.016845219
6402,0.5125974
6403,0.092888825
6404,0.07239915
6405,0.28226587
6406,0.46098801
6407,0.06686831
6408,0.043904822
6409,0.026177749
6410,0.018542953
6411,0.0077426657
6412,0.043333583
6413,0.010530494
6414,0.08411593
6415,0.08053613
6416,0.09522081
6417,0.36464354
6418,0.4980498
6419,0.019749254
6420,0.34798267
6421,0.05116707
6422,0.010954827
6423,0.029152669
6424,0.039192524
6425,0.26254407
6426,0.021795176
6427,0.048185363
6428,0.016168207
6429,0.05364565
6430,0.03452667
6431,0.12069222
6432,0.5505789
6433,0.008514337
6434,0.033234935
6435,0.055031307
6436,0.049722116
6437,0.06361732
6438,0.025367826
6439,0.012763321
6440,0.11904244
6441,0.18044205
6442,0.09663771
6443,0.08905516
6444,0.065877736
6445,0.03962696
6446,0.034682572
6447,0.03312329
6448,0.04307314
6449,0.07258319
6450,0.066975676
6451,0.2381526
6452,0.01825516
6453,0.0455247
6454,0.032423217
6455,0.02324114
6456,0.014255099
6457,0.025298804
6458,0.043503914
6459,0.008523703
6460,0.036541197
6461,0.024239078
6462,0.026992097
6463,0.085622005
6464,0.17980537
6465,0.17312731
6466,0.046619672
6467,0.04063289
6468,0.047191896
6469,0.09824894
6470,0.072219595
6471,0.016905114
6472,0.057880428
6473,0.0179694
6474,0.014022417
6475,0.02941908
6476,0.15092944
6477,0.027873106
6478,0.024027124
6479,0.031229425
6480,0.07660553
6481,0.07292551
6482,0.24413052
6483,0.22768822
6484,0.1404573
6485,0.067830205
6486,0.049414556
6487,0.020566717
6488,0.05533208
6489,0.044764817
6490,0.009813733
6491,0.013312228
6492,0.07308866
6493,0.041857965
6494,0.61663294
6495,0.15491161
6496,0.021509387
6497,0.016814113
6498,0.13159116
6499,0.05968279
6500,0.05249313
6501,0.019585922
6502,0.018744923
6503,0.008948669
6504,0.05626443
6505,0.012884513
6506,0.022445872
6507,0.02478747
6508,0.0876053
6509,0.05313292
6510,0.0889748
6511,0.069494225
6512,0.11720806
6513,0.24686858
6514,0.39023787
6515,0.08466341
6516,0.025269546
6517,0.09211543
6518,0.019867241
6519,0.04741398
6520,0.06848885
6521,0.061427776
6522,0.13151184
6523,0.060357496
6524,0.123305686
6525,0.043971576
6526,0.071370155
6527,0.036950473
6528,0.020401098
6529,0.01880382
6530,0.1209498
6531,0.014242627
6532,0.031090755
6533,0.06647153
6534,0.030210853
6535,0.01325319
6536,0.024557859
6537,0.04457234
6538,0.06208851
6539,0.09970961
6540,0.15522239
6541,0.13428985
6542,0.409007
6543,0.12012566
6544,0.1407367
6545,0.015201151
6546,0.104470104
6547,0.014201179
6548,0.055958904
6549,0.04572562
6550,0.10033941
6551,0.030465312
6552,0.024381094
6553,0.047979765
6554,0.0395853
6555,0.05265585
6556,0.09128318
6557,0.03913133
6558,0.060048025
6559,0.0059660375
6560,0.027659796
6561,0.084735766
6562,0.017870635
6563,0.047102053
6564,0.067952216
6565,0.068387106
6566,0.16676027
6567,0.6007419
6568,0.13074484
6569,0.14643675
6570,0.06755589
6571,0.1032256
6572,0.07732881
6573,0.09582787
6574,0.054379366
6575,0.010642663
6576,0.020652138
6577,0.25935137
6578,0.0754666
6579,0.09176353
6580,0.054230046
6581,0.09742958
6582,0.015863143
6583,0.023877412
6584,0.047577538
6585,0.18158358
6586,0.06978357
6587,0.057750706
6588,0.13580397
6589,0.5882209
6590,0.11499536
6591,0.018482886
6592,0.3849092
6593,0.06332436
6594,0.25824577
6595,0.27090684
6596,0.07662404
6597,0.048767496
6598,0.110602915
6599,0.17918439
6600,0.04935128
6601,0.1681881
6602,0.10430007
6603,0.0067010075
6604,0.09275067
6605,0.021671273
6606,0.025137194
6607,0.062441446
6608,0.080590956
6609,0.017915606
6610,0.15413675
6611,0.16192263
6612,0.15399358
6613,0.09995994
6614,0.040577166
6615,0.12850095
6616,0.1761248
6617,0.24782258
6618,0.06685376
6619,0.010890439
6620,0.057663545
6621,0.02116704
6622,0.011322029
6623,0.06908579
6624,0.47322246
6625,0.05463864
6626,0.059350394
6627,0.4101161
6628,0.24880129
6629,0.023364805
6630,0.016198434
6631,0.01393424
6632,0.051782213
6633,0.06605053
6634,0.23921862
6635,0.24620545
6636,0.12319213
6637,0.11149073
6638,0.27942455
6639,0.1769501
6640,0.15358332
6641,0.1896022
6642,0.36480695
6643,0.09333932
6644,0.018054068
6645,0.0518446
6646,0.09276572
6647,0.048915453
6648,0.38695776
6649,0.8609724
6650,0.00583297
6651,0.05408779
6652,0.39929086
6653,0.0155925155
6654,0.05407949
6655,0.2669321
6656,0.01722414
6657,0.060482837
6658,0.087242655
6659,0.018844128
6660,0.057775006
6661,0.49057782
6662,0.04867323
6663,0.10448575
6664,0.258241
6665,0.16270897
6666,0.24128458
6667,0.375967
6668,0.28604105
6669,0.18197484
6670,0.3967112
6671,0.23033825
6672,0.7745543
6673,0.39398164
6674,0.4157632
6675,0.005787678
6676,0.025439188
6677,0.12564671
6678,0.05754665
6679,0.030494615
6680,0.02478394
6681,0.0135093555
6682,0.07071924
6683,0.01110284
6684,0.011515424
6685,0.03942732
6686,0.070653915
6687,0.11443906
6688,0.11656809
6689,0.12999034
6690,0.09416972
6691,0.23666471
6692,0.11679596
6693,0.029309869
6694,0.12663668
6695,0.17069802
6696,0.019537441
6697,0.21741426
6698,0.8149083
6699,0.87448746
6700,0.43963894
6701,0.0067900643
6702,0.029019952
6703,0.018410012
6704,0.064568095
6705,0.28702804
6706,0.08419535
6707,0.016225815
6708,0.060240004
6709,0.012465201
6710,0.061018925
6711,0.07990273
6712,0.06658876
6713,0.016721182
6714,0.26885524
6715,0.019139908
6716,0.03588295
6717,0.14109075
6718,0.12051456
6719,0.068898834
6720,0.052699678
6721,0.108186185
6722,0.22130397
6723,0.0061296374
6724,0.025443204
6725,0.12878633
6726,0.093475364
6727,0.24052256
6728,0.88442844
6729,0.878961
6730,0.5273982
6731,0.017080657
6732,0.20777538
6733,0.03544277
6734,0.28986764
6735,0.10746261
6736,0.24657983
6737,0.045440838
6738,0.08525931
6739,0.025260784
6740,0.07765996
6741,0.12833863
6742,0.24416274
6743,0.11261266
6744,0.4949445
6745,0.2802707
6746,0.17351882
6747,0.17647374
6748,0.09680311
6749,0.07018006
6750,0.13112827
6751,0.049135085
6752,0.03520391
6753,0.12654604
6754,0.13648403
6755,0.061506283
6756,0.11066153
6757,0.028652877
6758,0.8458804
6759,1.0000026
6760,0.9418444
6761,0.06397747
6762,0.051043585
6763,0.23544005
6764,0.012774445
6765,0.17519695
6766,0.029336683
6767,0.009407893
6768,0.022676729
6769,0.021171965
6770,0.06702638
6771,0.123565465
6772,0.056829493
6773,0.40231898
6774,0.59125286
6775,0.07849868
6776,0.12577939
6777,0.12841621
6778,0.17697029
6779,0.07509774
6780,0.42375115
6781,0.109955825
6782,0.03900355
6783,0.10336401
6784,0.11367159
6785,0.110588156
6786,0.05284464
6787,0.026258208
6788,0.4078396
6789,0.38473883
6790,0.24772838
6791,0.07427781
6792,0.028946854
6793,0.14207612
6794,0.075242296
6795,0.2638045
6796,0.028065525
6797,0.043507334
6798,0.05505736
6799,0.024652153
6800,0.050302036
6801,0.052674863
6802,0.2549971
6803,0.7613469
6804,0.43176627
6805,0.28448638
6806,0.12882784
6807,0.1943577
6808,0.25271344
6809,0.5338577
6810,0.21658999
6811,0.034254927
6812,0.03947028
6813,0.034160603
6814,0.12986542
6815,0.1705253
6816,0.0765964
6817,0.2909205
6818,0.27616015
6819,0.16610911
6820,1.000372
6821,0.21017161
6822,0.019407876
6823,0.25312153
6824,0.16025037
6825,0.01963804
6826,0.06040614
6827,0.13640477
6828,0.073767215
6829,0.041125715
6830,0.054992273
6831,0.05482051
6832,0.16400397
6833,0.41868705
6834,0.28645787
6835,0.51677716
6836,0.43584523
6837,0.18403846
6838,0.15469219
6839,0.24626407
6840,0.17535934
6841,0.07858613
6842,0.055615
6843,0.48802063
6844,0.24402407
6845,0.059563663
6846,0.5691514
6847,0.3895152
6848,0.00653331
6849,0.0822397
6850,0.1263071
6851,0.09005328
6852,0.04937315
6853,0.0100335255
6854,0.017369613
6855,0.033505928
6856,0.06461723
6857,0.11354517
6858,0.13059705
6859,0.1472986
6860,0.42825472
6861,0.8106727
6862,0.4582406
6863,0.39431047
6864,0.6024208
6865,0.10940051
6866,0.07219557
6867,0.08312193
6868,0.14033434
6869,0.1749464
6870,0.06125542
6871,0.028842695
6872,0.06624526
6873,0.14338496
6874,0.02115523
6875,0.04926661
6876,0.108340584
6877,0.016347177
6878,0.04271167
6879,0.019302972
6880,0.013203993
6881,0.031333957
6882,0.09823438
6883,0.06906591
6884,0.10576614
6885,0.2393587
6886,0.28080562
6887,0.394227
6888,0.7324418
6889,0.6565491
6890,0.4279842
6891,0.111881666
6892,0.005340606
6893,0.041882172
6894,0.019777045
6895,0.05662103
6896,0.11574592
6897,0.020015828
6898,0.60682243
6899,0.1908978
6900,0.020628601
6901,0.06825503
6902,0.04188992
6903,0.09566085
6904,0.056215957
6905,0.05556228
6906,0.044617616
6907,0.020123877
6908,0.021092795
6909,0.033011984
6910,0.11014232
6911,0.13228486
6912,0.52469766
6913,0.3847069
6914,0.16153154
6915,0.787491
6916,0.39258814
6917,0.47409514
6918,0.119375885
6919,0.043976188
6920,0.033058334
6921,0.036590908
6922,0.056066193
6923,0.056821264
6924,0.042341158
6925,0.045413934
6926,0.42228106
6927,0.22169775
6928,0.3773192
6929,0.036841877
6930,0.100304335
6931,0.10888967
6932,0.12984286
6933,0.17713755
6934,0.046652824
6935,0.028655984
6936,0.054863818
6937,0.2505964
6938,0.5212188
6939,0.4435104
6940,0.48455662
6941,0.26582447
6942,0.40337807
6943,0.1600213
6944,0.07400066
6945,0.036975935
6946,0.025312692
6947,0.058071062
6948,0.02331195
6949,0.13212487
6950,0.12764652
6951,0.05222781
6952,0.41364297
6953,0.034532096
6954,0.07232956
6955,0.3881104
6956,0.04970961
6957,0.006439857
6958,0.016157247
6959,0.145206
6960,0.25231564
6961,0.04203053
6962,0.24368757
6963,0.2581678
6964,0.07913539
6965,0.09669275
6966,0.026234664
6967,0.09779607
6968,0.07995923
6969,0.049448233
6970,0.13451502
6971,0.10914939
6972,0.037174392
6973,0.031359643
6974,0.009893306
6975,0.26174077
6976,0.013970539
6977,0.09747221
6978,0.040285934
6979,0.04211829
6980,0.15874252
6981,0.036398172
6982,0.06445449
6983,0.011380777
6984,0.06678986
6985,0.18362826
6986,0.3947402
6987,0.4163715
6988,0.045961984
6989,0.015212633
6990,0.03604832
6991,0.061168708
6992,0.015852958
6993,0.073777944
6994,0.13117743
6995,0.012522534
6996,0.040759932
6997,0.014510982
6998,0.02215401
6999,0.011784971
7000,0.093094006
7001,0.1166518
7002,0.41847312
7003,0.01752761
7004,0.07553596
7005,0.07808907
7006,0.12809739
7007,0.42806953
7008,0.04426263
7009,0.014775321
7010,0.012702547
7011,0.11741227
7012,0.030761167
7013,0.017346434
7014,0.078598626
7015,0.23099923
7016,0.052774057
7017,0.023865946
7018,0.0079769865
7019,0.2825282
7020,0.017933518
7021,0.032313272
7022,0.15153486
7023,0.07265197
7024,0.05317985
7025,0.01878772
7026,0.033118993
7027,0.07927233
7028,0.28235793
7029,0.03388405
7030,-6.043911e-05
7031,0.017968297
7032,0.034051966
7033,0.04165567
7034,0.06286708
7035,0.2446458
7036,0.06910824
7037,0.24447796
7038,0.10705027
7039,0.028439812
7040,0.046443652
7041,0.048981056
7042,0.028209567
7043,0.2562442
7044,0.023705475
7045,0.09415586
7046,0.02494675
7047,0.123651266
7048,0.055609822
7049,0.01239264
7050,0.012972139
7051,0.27980417
7052,0.6245393
7053,0.25531316
7054,0.05170171
7055,0.015858732
7056,0.08339137
7057,0.04470758
7058,0.035693992
7059,0.10018696
7060,0.082020506
7061,0.09374378
7062,0.9601325
7063,0.078306094
7064,0.015135102
7065,0.07787751
7066,0.08392088
7067,0.021189459
7068,0.038950205
7069,0.1479944
7070,0.4874436
7071,0.07408135
7072,0.14038132
7073,0.028311476
7074,0.014055319
7075,0.0317465
7076,0.099279985
7077,0.03275061
7078,0.029643424
7079,0.062102538
7080,0.040569838
7081,0.025679141
7082,0.019871108
7083,0.056732543
7084,0.019804478
7085,0.10753224
7086,0.032374218
7087,0.040735636
7088,0.01706905
7089,0.03467797
7090,0.08454164
7091,0.11393442
7092,0.021675318
7093,0.06528568
7094,0.5414652
7095,0.055461623
7096,0.09503997
7097,0.04181048
7098,0.05084092
7099,0.06333548
7100,0.018815637
7101,0.28103334
7102,0.029527552
7103,0.007744521
7104,0.01357995
7105,0.052682087
7106,0.093816474
7107,0.022780672
7108,0.1179359
7109,0.047249768
7110,0.027781717
7111,0.04702752
7112,0.4059907
7113,0.028286412
7114,0.019020237
7115,0.020498551
7116,0.013738364
7117,0.049510658
7118,0.03492626
7119,0.0077853873
7120,0.14971592
7121,0.07271137
7122,0.020853229
7123,0.0661993
7124,0.12933716
7125,0.09472999
7126,0.07960062
7127,0.08656254
7128,0.026288502
7129,0.04399473
7130,0.017632954
7131,0.20050809
7132,0.2552104
7133,0.112090565
7134,0.0076987
7135,0.009918436
7136,0.042095073
7137,0.017213069
7138,0.0153391585
7139,0.022267766
7140,0.019462898
7141,0.008982137
7142,0.01929693
7143,0.0077181086
7144,0.015648596
7145,0.01315961
7146,0.019379191
7147,0.05702963
7148,0.048771832
7149,0.13539687
7150,0.009807415
7151,0.16199914
7152,0.1704216
7153,0.0076607093
7154,0.0322724
7155,0.015173368
7156,0.013678111
7157,0.02869159
7158,0.03017158
7159,0.016650252
7160,0.032337196
7161,0.014777005
7162,0.016090766
7163,0.0076870993
7164,0.008480415
7165,0.078439586
7166,0.023421638
7167,0.04470254
7168,0.01828067
7169,0.015540689
7170,0.06138511
7171,0.016286045
7172,0.01091288
7173,0.087398276
7174,0.026040018
7175,0.057823103
7176,0.011427715
7177,0.0053347573
7178,0.012139551
7179,0.030396089
7180,0.012128733
7181,0.017207347
7182,0.08547917
7183,0.01707603
7184,0.0050710216
7185,0.0126404315
7186,0.14774929
7187,0.057244495
7188,0.06702267
7189,0.060348786
7190,0.10106717
7191,0.023714542
7192,0.012902401
7193,0.005970143
7194,0.0672923
7195,0.017616518
7196,0.07088968
7197,0.009197399
7198,0.11909801
7199,0.020113118
7200,0.015131906
7201,0.024155065
7202,0.0337866
7203,0.023241267
7204,0.024545148
7205,0.024999686
7206,0.014852174
7207,0.014630079
7208,0.0084612
7209,0.008973286
7210,0.035505723
7211,0.011313073
7212,0.011735156
7213,0.007262826
7214,0.024734579
7215,0.08249855
7216,0.02395168
7217,0.0060873926
7218,0.15516585
7219,0.027017891
7220,0.031003438
7221,0.006631024
7222,0.014707275
7223,0.01840654
7224,0.05722964
7225,0.022366479
7226,0.02154763
7227,0.029689103
7228,0.011392251
7229,0.011528693
7230,0.019966282
7231,0.030113436
7232,0.10139091
7233,0.10945803
7234,0.09162617
7235,0.01937753
7236,0.018447414
7237,0.043662373
7238,0.061273064
7239,0.016162306
7240,0.06875771
7241,0.0683641
7242,0.014701404
7243,0.027500138
7244,0.049515456
7245,0.038231105
7246,0.024891809
7247,0.13453256
7248,0.06835605
7249,0.0068003833
7250,0.0481681
7251,0.03030184
7252,0.08331901
7253,0.08521441
7254,0.058227994
7255,0.25174332
7256,0.37241465
7257,0.019685425
7258,0.063000344
7259,0.2722576
7260,0.036490664
7261,0.39113617
7262,0.0765216
7263,0.13239697
7264,0.043748327
7265,0.025559269
7266,0.06835444
7267,0.029703148
7268,0.013266064
7269,0.010087848
7270,0.13156018
7271,0.06000878
7272,0.63586587
7273,0.15765816
7274,0.03889258
7275,0.030606374
7276,0.113821186
7277,0.03304493
7278,0.021097578
7279,0.015574157
7280,0.041882724
7281,0.033147223
7282,0.016525134
7283,0.017787293
7284,0.04825599
7285,0.11510619
7286,0.13115492
7287,0.47965798
7288,0.4679178
7289,0.0605716
7290,0.0624625
7291,0.23085165
7292,0.15976684
7293,0.016082078
7294,0.048827626
7295,0.04204855
7296,0.05151613
7297,0.09279355
7298,0.4212858
7299,0.13765967
7300,0.43287995
7301,0.5520555
7302,0.10379059
7303,0.028811887
7304,0.53376704
7305,0.052031495
7306,0.26938096
7307,0.042442065
7308,0.051002566
7309,0.03940666
7310,0.036017682
7311,0.22095522
7312,0.13135514
7313,0.07163657
7314,0.050835244
7315,0.048161343
7316,0.38948724
7317,0.042872883
7318,0.03073164
7319,0.058389414
7320,0.03641411
7321,0.05973322
7322,0.039057657
7323,0.059975944
7324,0.12229729
7325,0.035953365
7326,0.06881355
7327,0.2324813
7328,0.18469205
7329,0.055081844
7330,0.042150192
7331,0.003098555
7332,0.018183626
7333,0.5230228
7334,0.10183892
7335,0.067539796
7336,0.45568913
7337,0.47513664
7338,0.0822362
7339,0.04680444
7340,0.0189583
7341,0.013955168
7342,0.044059362
7343,0.0138017535
7344,0.082866475
7345,0.080439396
7346,0.02460783
7347,0.097076215
7348,0.26052898
7349,0.4353125
7350,0.01602669
7351,0.021895751
7352,0.043307252
7353,0.051289555
7354,0.009964734
7355,0.030574538
7356,0.029533103
7357,0.03855988
7358,0.26266828
7359,0.021172017
7360,0.051479746
7361,0.007964268
7362,0.058649343
7363,0.06349145
7364,0.030696653
7365,0.11872179
7366,0.53879565
7367,0.030233547
7368,0.047680803
7369,0.019825026
7370,0.022751458
7371,0.045936283
7372,0.059936326
7373,0.012379549
7374,0.029777557
7375,0.013981387
7376,0.117179215
7377,0.17414725
7378,0.10450203
7379,0.08430519
7380,0.066244274
7381,0.041361585
7382,0.030658372
7383,0.034808777
7384,0.044598408
7385,0.07055483
7386,0.0705284
7387,0.23891118
7388,0.018496655
7389,0.049693298
7390,0.03295992
7391,0.02475673
7392,0.01883237
7393,0.026585944
7394,0.04355973
7395,0.02583561
7396,0.025700837
7397,0.08363773
7398,0.17872293
7399,0.2494883
7400,0.04614239
7401,0.04102862
7402,0.04271618
7403,0.10730366
7404,0.07294668
7405,0.017667629
7406,0.053287856
7407,0.019099064
7408,0.014297366
7409,0.027760386
7410,0.15917858
7411,0.0260273
7412,0.024599642
7413,0.03501306
7414,0.07515495
7415,0.076948546
7416,0.1645517
7417,0.13513562
7418,0.22877306
7419,0.07314953
7420,0.054937605
7421,0.02111654
7422,0.05795029
7423,0.045273457
7424,0.014387019
7425,0.08789303
7426,0.047343045
7427,0.5590484
7428,0.1460209
7429,0.02109041
7430,0.124289826
7431,0.057565868
7432,0.050547168
7433,0.020821549
7434,0.022579804
7435,0.01181943
7436,0.055820055
7437,0.02068343
7438,0.009538457
7439,0.017590925
7440,0.024055041
7441,0.08226822
7442,0.04828654
7443,0.22356558
7444,0.07015933
7445,0.12857027
7446,0.37386158
7447,0.3890803
7448,0.071481995
7449,0.026344992
7450,0.08720336
7451,0.021008559
7452,0.049527034
7453,0.0076261833
7454,0.063262984
7455,0.06033605
7456,0.13213935
7457,0.066463605
7458,0.13587879
7459,0.042682737
7460,0.0707104
7461,0.044001628
7462,0.019702606
7463,0.02115453
7464,0.12989467
7465,0.011335172
7466,0.031889144
7467,0.063213706
7468,0.03220401
7469,0.012907036
7470,0.026399039
7471,0.04325027
7472,0.062879466
7473,0.098575376
7474,0.14810711
7475,0.13377535
7476,0.23845655
7477,0.13824444
7478,0.13959336
7479,0.0139957
7480,0.10483814
7481,0.057533786
7482,0.041092504
7483,0.11947339
7484,0.035214156
7485,0.053521536
7486,0.0467332
7487,0.057453807
7488,0.09323404
7489,0.036075022
7490,0.060860295
7491,0.0059364736
7492,0.02492515
7493,0.028933935
7494,0.021386266
7495,0.08359246
7496,0.017622776
7497,0.04519993
7498,0.06810215
7499,0.0745584
7500,0.16012867
7501,0.554108
7502,0.13711153
7503,0.13916516
7504,0.07068285
7505,0.105198115
7506,0.07099865
7507,0.100765355
7508,0.057076514
7509,0.020354234
7510,0.26747665
7511,0.082412325
7512,0.09477123
7513,0.050732262
7514,0.09066341
7515,0.01585561
7516,0.019044548
7517,0.025181636
7518,0.04826192
7519,0.1822062
7520,0.067677565
7521,0.053106442
7522,0.13840687
7523,0.5949254
7524,0.10586914
7525,0.020164296
7526,0.36051968
7527,0.06898008
7528,0.24933329
7529,0.2620194
7530,0.08017727
7531,0.046200052
7532,0.037191004
7533,0.11179921
7534,0.1848221
7535,0.04782554
7536,0.17682981
7537,0.09597125
7538,0.089325696
7539,0.01915694
7540,0.020670868
7541,0.06775988
7542,0.07981129
7543,0.018888988
7544,0.13645022
7545,0.15608008
7546,0.13117877
7547,0.103733085
7548,0.039276976
7549,0.12441176
7550,0.20275192
7551,0.25237173
7552,0.058964226
7553,0.013041168
7554,0.052969117
7555,0.0210746
7556,0.066602275
7557,0.47581887
7558,0.053044654
7559,0.075406715
7560,0.3937216
7561,0.2421569
7562,0.013899967
7563,0.022455461
7564,0.009982556
7565,0.013503306
7566,0.048124496
7567,0.07137108
7568,0.16317372
7569,0.17537795
7570,0.24792856
7571,0.09871435
7572,0.26567098
7573,0.25093222
7574,0.15779524
7575,0.2401244
7576,0.37754142
7577,0.083725646
7578,0.041206535
7579,0.103680536
7580,0.049947545
7581,0.27376944
7582,0.8175906
7583,0.006756626
7584,0.058322236
7585,0.4012948
7586,0.016975068
7587,0.053461324
7588,0.25862864
7589,0.017558195
7590,0.01820261
7591,0.05592663
7592,0.08803231
7593,0.021868095
7594,0.052680664
7595,0.30493417
7596,0.054727986
7597,0.10259269
7598,0.260655
7599,0.1657625
7600,0.20876911
7601,0.39641374
7602,0.1617515
7603,0.032447595
7604,0.23095965
7605,0.35082635
7606,0.2380074
7607,0.8103453
7608,0.4067966
7609,0.292599
7610,0.007299654
7611,0.028023206
7612,0.11576257
7613,0.06520276
7614,0.023182943
7615,0.011907898
7616,0.0068356916
7617,0.05628312
7618,0.012450106
7619,0.043401584
7620,0.069461316
7621,0.12142337
7622,0.13030086
7623,0.1403407
7624,0.11403352
7625,0.23841327
7626,0.13439068
7627,0.028154887
7628,0.13046367
7629,0.26741692
7630,0.01976189
7631,0.22133768
7632,0.9113405
7633,0.90371627
7634,0.459874
7635,0.0082506165
7636,0.030333579
7637,0.06002085
7638,0.29056218
7639,0.08407892
7640,0.052510474
7641,0.06547787
7642,0.08362781
7643,0.06795828
7644,0.015978046
7645,0.4201072
7646,0.021829978
7647,0.042801574
7648,0.14345485
7649,0.1306819
7650,0.0622868
7651,0.054843877
7652,0.23101902
7653,0.22722182
7654,0.007441461
7655,0.025758088
7656,0.22015649
7657,0.10853882
7658,0.11345269
7659,0.9143363
7660,0.91736364
7661,0.5003246
7662,0.010285817
7663,0.020026848
7664,0.22403365
7665,0.032274626
7666,0.17677692
7667,0.11715191
7668,0.24538755
7669,0.0422292
7670,0.07712588
7671,0.02475816
7672,0.07299614
7673,0.12913272
7674,0.16523583
7675,0.13365576
7676,0.5569895
7677,0.2684444
7678,0.26440775
7679,0.17440808
7680,0.0999217
7681,0.0765651
7682,0.13532081
7683,0.04402737
7684,0.036214992
7685,0.02813775
7686,0.12438342
7687,0.13664228
7688,0.06300548
7689,0.09970433
7690,0.022803016
7691,0.9368668
7692,1.0537201
7693,0.96546537
7694,0.07717454
7695,0.053171217
7696,0.3814905
7697,0.01842843
7698,0.19840547
7699,0.030575365
7700,0.021529391
7701,0.020789325
7702,0.06373571
7703,0.12321475
7704,0.06046973
7705,0.39764622
7706,0.61328197
7707,0.094631806
7708,0.12824543
7709,0.12242901
7710,0.27130568
7711,0.07766056
7712,0.4001562
7713,0.10944723
7714,0.04050507
7715,0.10793814
7716,0.109649494
7717,0.113416806
7718,0.049456388
7719,0.027139738
7720,0.39133558
7721,0.39214367
7722,0.2516178
7723,0.07746742
7724,0.033306856
7725,0.14130455
7726,0.077965654
7727,0.26581135
7728,0.027016997
7729,0.044629592
7730,0.051453386
7731,0.022394322
7732,0.024816476
7733,0.043309458
7734,0.048485324
7735,0.25566033
7736,0.81400746
7737,0.42706475
7738,0.2837882
7739,0.13946107
7740,0.18958697
7741,0.2573058
7742,0.5012567
7743,0.082168326
7744,0.035647232
7745,0.042344548
7746,0.028486967
7747,0.14192615
7748,0.16911
7749,0.08551391
7750,0.40375236
7751,0.25955757
7752,0.16869539
7753,1.008907
7754,0.117384575
7755,0.019349195
7756,0.13238326
7757,0.18043168
7758,0.020510375
7759,0.0650702
7760,0.26181284
7761,0.06675197
7762,0.04471042
7763,0.04734144
7764,0.058270507
7765,0.2536124
7766,0.39514205
7767,0.2742208
7768,0.50413465
7769,0.43839976
7770,0.18081677
7771,0.16357586
7772,0.37468863
7773,0.027233958
7774,0.18413636
7775,0.0792214
7776,0.05609165
7777,0.4581664
7778,0.35865554
7779,0.059479598
7780,0.49446037
7781,0.37792945
7782,0.08229694
7783,0.119130895
7784,0.09137194
7785,0.04557519
7786,0.010419205
7787,0.017111368
7788,0.032881755
7789,0.0678837
7790,0.11735744
7791,0.12421568
7792,0.15939483
7793,0.41531864
7794,0.82481503
7795,0.417137
7796,0.38972506
7797,0.57213604
7798,0.112965986
7799,0.02659633
7800,0.0696655
7801,0.07703985
7802,0.15147492
7803,0.23849955
7804,0.059774462
7805,0.027513698
7806,0.061702408
7807,0.1329607
7808,0.021279253
7809,0.049932968
7810,0.12256516
7811,0.017886646
7812,0.04311974
7813,0.022144683
7814,0.01463192
7815,0.036567252
7816,0.09966079
7817,0.072402276
7818,0.09618346
7819,0.2401219
7820,0.2692487
7821,0.38038704
7822,0.7651412
7823,0.6313982
7824,0.2920066
7825,0.11669538
7826,0.0052883476
7827,0.0463668
7828,0.020156935
7829,0.058680084
7830,0.11360616
7831,0.019506872
7832,0.00952857
7833,0.029829063
7834,0.63858336
7835,0.18759334
7836,0.019431695
7837,0.064716764
7838,0.049708955
7839,0.09283211
7840,0.055472102
7841,0.049845625
7842,0.018485509
7843,0.043010134
7844,0.018977419
7845,0.031698484
7846,0.11330335
7847,0.12678523
7848,0.5828611
7849,0.36858186
7850,0.24072808
7851,0.78615636
7852,0.41436765
7853,0.44492376
7854,0.13191414
7855,0.046170503
7856,0.037463162
7857,0.032950617
7858,0.051182263
7859,0.053519335
7860,0.040830042
7861,0.059918504
7862,0.45281863
7863,0.22979784
7864,0.396107
7865,0.030047148
7866,0.09024994
7867,0.113079846
7868,0.12550277
7869,0.17391793
7870,0.04753536
7871,0.03149466
7872,0.056018855
7873,0.23970664
7874,0.54296315
7875,0.4333452
7876,0.44388443
7877,0.16973399
7878,0.42235515
7879,0.18511225
7880,0.07593568
7881,0.037340242
7882,0.015613198
7883,0.013019316
7884,0.01783266
7885,0.054510213
7886,0.028093062
7887,0.12937476
7888,0.1359018
7889,0.051805057
7890,0.18960142
7891,0.03457241
7892,0.07044809
7893,0.36951485
7894,0.04957579
7895,0.006116003
7896,0.012496725
7897,0.017190672
7898,0.1321872
7899,0.24721956
7900,0.039125144
7901,0.36136958
7902,0.24769479
7903,0.08105493
7904,0.10840563
7905,0.030834489
7906,0.097675815
7907,0.08473413
7908,0.052890223
7909,0.12391198
7910,0.11161337
7911,0.03793179
7912,0.009898007
7913,0.396755
7914,0.012380071
7915,0.10124276
7916,0.008963913
7917,0.04121451
7918,0.044233005
7919,0.15133195
7920,0.03677404
7921,0.06509016
7922,0.009835601
7923,0.062252056
7924,0.1823704
7925,0.38697475
7926,0.41806534
7927,0.060942132
7928,0.011996806
7929,0.017805144
7930,0.03697769
7931,0.058539536
7932,0.072383896
7933,0.14087912
7934,0.014726713
7935,0.047885895
7936,0.014336117
7937,0.02623687
7938,0.021870315
7939,0.013969697
7940,0.035995528
7941,0.09347998
7942,0.11808348
7943,0.38317913
7944,0.016672343
7945,0.02451934
7946,0.076833606
7947,0.076127425
7948,0.12669902
7949,0.41000223
7950,0.048980188
7951,0.014665231
7952,0.122752994
7953,0.035139266
7954,0.083441906
7955,0.22577119
7956,0.05385168
7957,0.022717997
7958,0.010383964
7959,0.21718672
7960,0.017429598
7961,0.030875035
7962,0.14800285
7963,0.07535881
7964,0.05373443
7965,0.021685965
7966,0.0316885
7967,0.078392036
7968,0.28950498
7969,0.028921403
7970,0.019653447
7971,0.032281265
7972,0.04937538
7973,0.07159525
7974,0.23339167
7975,0.070159875
7976,0.18906552
7977,0.10884864
7978,0.031939346
7979,0.050033256
7980,0.048467964
7981,0.02854529
7982,0.17408332
7983,0.023832187
7984,0.11052884
7985,0.023819424
7986,0.12215159
7987,0.059918538
7988,0.011967279
7989,0.014074661
7990,0.25947687
7991,0.585148
7992,0.25153324
7993,0.055257414
7994,0.0150469765
7995,0.08742291
7996,0.047280096
7997,0.036245726
7998,0.10680938
7999,0.08428659
8000,0.10015209
8001,0.90613616
8002,0.024703123
8003,0.0799299
8004,0.015242465
8005,0.08386487
8006,0.08192666
8007,0.022281326
8008,0.04121561
8009,0.15923429
8010,0.49146777
8011,0.07748751
8012,0.14031117
8013,0.027637668
8014,0.03220586
8015,0.012170143
8016,0.026591025
8017,0.10435755
8018,0.033705853
8019,0.029472716
8020,0.05768844
8021,0.04511015
8022,0.024847299
8023,0.058085278
8024,0.017349586
8025,0.11272003
8026,0.03306349
8027,0.0415589
8028,0.015915178
8029,0.034099177
8030,0.0904162
8031,0.13331857
8032,0.021972328
8033,0.029895633
8034,0.067191824
8035,0.5444675
8036,0.06031695
8037,0.103657864
8038,0.049123917
8039,0.041696902
8040,0.054506794
8041,0.061710987
8042,0.47318295
8043,0.028335609
8044,0.018479563
8045,0.05661179
8046,0.09832075
8047,0.022311218
8048,0.10821747
8049,0.042303838
8050,0.029917993
8051,0.048133288
8052,0.37320325
8053,0.019942395
8054,0.01991105
8055,0.0067519844
8056,0.020392418
8057,0.055214286
8058,0.008986339
8059,0.036217283
8060,0.27836898
8061,0.07657216
8062,0.06971466
8063,0.12948215
8064,0.10345992
8065,0.09079958
8066,0.086229555
8067,0.04383245
8068,0.22576416
8069,0.2559459
8070,0.113766156
8071,0.006746322
8072,0.0040736645
8073,0.039597783
8074,0.016484864
8075,0.016821034
8076,0.025646918
8077,0.011278868
8078,0.020027086
8079,0.006758891
8080,0.020338297
8081,0.010081373
8082,0.015406758
8083,0.006979473
8084,0.022663034
8085,0.061378065
8086,0.061454315
8087,0.15567403
8088,0.12357061
8089,0.17634177
8090,0.008897379
8091,0.010972157
8092,0.03159314
8093,0.013981007
8094,0.013714395
8095,0.02404438
8096,0.019201227
8097,0.030127645
8098,0.015484646
8099,0.007222198
8100,0.008430861
8101,0.06636688
8102,0.045048498
8103,0.016768135
8104,0.050846543
8105,0.015564732
8106,0.016028762
8107,0.008656099
8108,0.1089925
8109,0.031930998
8110,0.06086983
8111,0.010993354
8112,0.0041581616
8113,0.013302721
8114,0.030886538
8115,0.01327122
8116,0.08499705
8117,0.00420402
8118,0.14374025
8119,0.055235785
8120,0.06265922
8121,0.06663755
8122,0.015025653
8123,0.09793507
8124,0.023937479
8125,0.0117007345
8126,0.06879703
8127,0.0146833435
8128,0.10484606
8129,0.008026727
8130,0.12866145
8131,0.01614502
8132,0.032999404
8133,0.035945516
8134,0.025853552
8135,0.015532345
8136,0.011205919
8137,0.011265457
8138,0.036024626
8139,0.010727368
8140,0.011682488
8141,0.03628328
8142,0.068498805
8143,0.029572517
8144,0.16733834
8145,0.029023252
8146,0.005439639
8147,0.012474179
8148,0.026985392
8149,0.06426908
8150,0.022145644
8151,0.017208114
8152,0.02475483
8153,0.03620469
8154,0.008881092
8155,0.109700136
8156,0.11640122
8157,0.008922078
8158,0.019179553
8159,0.10036799
8160,0.01409851
8161,0.019285724
8162,0.036240153
8163,0.068854146
8164,0.029684626
8165,0.054631565
8166,0.1174966
8167,0.058389273
8168,0.049702294
8169,0.08978506
8170,0.035649255
8171,0.07260211
8172,0.062882416
8173,0.25876492
8174,0.41851228
8175,0.2787488
8176,0.03771816
8177,0.29311302
8178,0.24864855
8179,0.24261749
8180,0.04885331
8181,0.022819065
8182,0.016467601
8183,0.02919253
8184,0.01285699
8185,0.039634604
8186,0.014630057
8187,0.23914245
8188,0.06452023
8189,0.641646
8190,0.25727054
8191,0.038711634
8192,0.03484896
8193,0.253683
8194,0.038136777
8195,0.028562218
8196,0.04794939
8197,0.0375886
8198,0.0162571
8199,0.015777014
8200,0.050236017
8201,0.12501748
8202,0.104110524
8203,0.46382162
8204,0.4852555
8205,0.051937126
8206,0.055300146
8207,0.21481563
8208,0.25880772
8209,0.0074427426
8210,0.04638616
8211,0.043814622
8212,0.061603032
8213,0.077273384
8214,0.033467907
8215,0.405075
8216,0.12545353
8217,0.15839884
8218,0.52627486
8219,0.089801885
8220,0.026162319
8221,0.50112784
8222,0.05641527
8223,0.5136755
8224,0.041479614
8225,0.047007218
8226,0.03856408
8227,0.042624693
8228,0.032529194
8229,0.09187139
8230,0.11775563
8231,0.058580875
8232,0.033810597
8233,0.04692625
8234,0.05860908
8235,0.4002172
8236,0.050485823
8237,0.058286957
8238,0.04301523
8239,0.06070468
8240,0.034717787
8241,0.04323461
8242,0.06504502
8243,0.11738071
8244,0.029870622
8245,0.07141012
8246,0.13523188
8247,0.37901366
8248,0.05072429
8249,0.04502507
8250,0.004969068
8251,0.018151782
8252,0.5192553
8253,0.110628456
8254,0.06868306
8255,0.45999938
8256,0.18618952
8257,0.012871556
8258,0.0032783076
8259,0.07444783
8260,0.049373645
8261,0.019142069
8262,0.019452564
8263,0.018978514
8264,0.0431271
8265,0.08077514
8266,0.0870796
8267,0.09025403
8268,0.16305678
8269,0.47084263
8270,0.02051974
8271,0.037448302
8272,0.009468116
8273,0.030167788
8274,0.03199043
8275,0.039178655
8276,0.26455352
8277,0.023353964
8278,0.05470716
8279,0.015940964
8280,0.048504513
8281,0.07552904
8282,0.03276188
8283,0.12066196
8284,0.5372322
8285,0.043916125
8286,0.05589825
8287,0.019629948
8288,0.023274347
8289,0.048327696
8290,0.06329702
8291,0.009584144
8292,0.029143855
8293,0.012162492
8294,0.11780089
8295,0.17729497
8296,0.093469545
8297,0.08456122
8298,0.058059227
8299,0.037408885
8300,0.033504352
8301,0.03181957
8302,0.04415356
8303,0.069656804
8304,0.06843245
8305,0.23955712
8306,0.018681832
8307,0.051140957
8308,0.032081105
8309,0.02206669
8310,0.015683115
8311,0.025452659
8312,0.044684924
8313,0.028758407
8314,0.08806439
8315,0.18815073
8316,0.17612226
8317,0.05162536
8318,0.042503484
8319,0.043580662
8320,0.10708862
8321,0.06983905
8322,0.017695844
8323,0.05951572
8324,0.017804332
8325,0.015826166
8326,0.026559822
8327,0.14355992
8328,0.027200587
8329,0.026995994
8330,0.034772653
8331,0.07237746
8332,0.0810442
8333,0.24144259
8334,0.23616317
8335,0.22939774
8336,0.069636844
8337,0.05143905
8338,0.02044902
8339,0.056675855
8340,0.050695386
8341,0.016044803
8342,0.08478077
8343,0.044209834
8344,0.61801
8345,0.1333108
8346,0.019636422
8347,0.13724299
8348,0.06398786
8349,0.050833672
8350,0.020711362
8351,0.010939568
8352,0.010110475
8353,0.059088483
8354,0.007786371
8355,0.021506667
8356,0.021788888
8357,0.087598614
8358,0.051977254
8359,0.09236342
8360,0.06894621
8361,0.12182752
8362,0.40585202
8363,0.39189425
8364,0.07857468
8365,0.028878286
8366,0.09384612
8367,0.018217735
8368,0.04950175
8369,0.02994407
8370,0.010812543
8371,0.06431726
8372,0.0600214
8373,0.12652145
8374,0.06663291
8375,0.13599887
8376,0.045046676
8377,0.06786236
8378,0.020965591
8379,0.024939224
8380,0.11881599
8381,0.0138115585
8382,0.029157415
8383,0.06876402
8384,0.012686558
8385,0.025841631
8386,0.049616646
8387,0.06371408
8388,0.098763466
8389,0.24674419
8390,0.13059822
8391,0.24256688
8392,0.11780666
8393,0.14271364
8394,0.015489668
8395,0.10844704
8396,0.014337815
8397,0.06307504
8398,0.010937385
8399,0.044596035
8400,0.11531592
8401,0.028124616
8402,0.021486178
8403,0.0528804
8404,0.04501441
8405,0.05577839
8406,0.09161237
8407,0.042443536
8408,0.06308009
8409,0.008143686
8410,0.026829243
8411,0.07850841
8412,0.04436819
8413,0.06506137
8414,0.07106125
8415,0.15210646
8416,0.56660444
8417,0.13495255
8418,0.12999712
8419,0.068278134
8420,0.24345201
8421,0.08240341
8422,0.09745061
8423,0.060386583
8424,0.0200378
8425,0.25837985
8426,0.07724506
8427,0.087699
8428,0.05099893
8429,0.09812011
8430,0.017060354
8431,0.029952012
8432,0.020520195
8433,0.024966434
8434,0.048579827
8435,0.16773972
8436,0.07332497
8437,0.05368549
8438,0.13631901
8439,0.5840225
8440,0.10750776
8441,0.019836813
8442,0.23047414
8443,0.06629917
8444,0.25147912
8445,0.26579687
8446,0.070813335
8447,0.021659665
8448,0.048056617
8449,0.023047373
8450,0.09783386
8451,0.17153305
8452,0.044397376
8453,0.16695395
8454,0.09827788
8455,0.08068826
8456,0.020644903
8457,0.02640877
8458,0.065457016
8459,0.076902464
8460,0.018174507
8461,0.14788818
8462,0.16074732
8463,0.14098425
8464,0.10436809
8465,0.0374272
8466,0.13560875
8467,0.200241
8468,0.253979
8469,0.061632548
8470,0.010662854
8471,0.05687934
8472,0.06491799
8473,0.47282907
8474,0.053044654
8475,0.07498066
8476,0.3930914
8477,0.24499378
8478,0.01723028
8479,0.022513151
8480,0.012708001
8481,0.04826847
8482,0.06925155
8483,0.16717894
8484,0.2410222
8485,0.01634249
8486,0.11705136
8487,0.11329985
8488,0.28750134
8489,0.15956463
8490,0.16048555
8491,0.2425566
8492,0.3830198
8493,0.090793714
8494,0.047282975
8495,0.09759754
8496,0.05411004
8497,0.2631792
8498,0.81879324
8499,0.005896449
8500,0.053721335
8501,0.41345373
8502,0.01770293
8503,0.056365915
8504,0.37472826
8505,0.019878969
8506,0.055796377
8507,0.09486482
8508,0.021985926
8509,0.056716256
8510,0.48556632
8511,0.048921593
8512,0.10168129
8513,0.26242858
8514,0.1676124
8515,0.22999096
8516,0.39450797
8517,0.26625812
8518,0.033052914
8519,0.24598908
8520,0.23573858
8521,0.12623179
8522,0.79591155
8523,0.42166883
8524,0.46670872
8525,0.0071366727
8526,0.026692562
8527,0.12228002
8528,0.018978521
8529,0.06678588
8530,0.03227095
8531,0.025359698
8532,0.013587125
8533,0.013630383
8534,0.008069977
8535,0.0670527
8536,0.0123746395
8537,0.030889727
8538,0.07103964
8539,0.12770942
8540,0.1158715
8541,0.1299713
8542,0.10464445
8543,0.24185431
8544,0.24850276
8545,0.030877858
8546,0.13115719
8547,0.16971835
8548,0.019690871
8549,0.2234737
8550,0.89368397
8551,0.91722685
8552,0.43766958
8553,0.006677866
8554,0.030013852
8555,0.014462225
8556,0.058785968
8557,0.43854573
8558,0.08098615
8559,0.01706446
8560,0.049004775
8561,0.011391826
8562,0.06419212
8563,0.07922679
8564,0.06709302
8565,0.017133757
8566,0.41375014
8567,0.01934594
8568,0.04069423
8569,0.13926603
8570,0.12078286
8571,0.06724677
8572,0.055136576
8573,0.23426768
8574,0.21642567
8575,0.0251621
8576,0.22144547
8577,0.10233198
8578,0.2507008
8579,0.93372536
8580,0.9052995
8581,0.5414931
8582,0.017713316
8583,0.22322473
8584,0.033208236
8585,0.17613307
8586,0.10662951
8587,0.252067
8588,0.047400124
8589,0.08267774
8590,0.024172477
8591,0.07339514
8592,0.13193482
8593,0.1741323
8594,0.13091555
8595,0.50282735
8596,0.45707947
8597,0.26256132
8598,0.17336097
8599,0.10990615
8600,0.06551856
8601,0.13799988
8602,0.044374123
8603,0.034439236
8604,0.13472213
8605,0.13227823
8606,0.061475202
8607,0.12018433
8608,0.028006583
8609,0.8946777
8610,1.0347768
8611,0.98272383
8612,0.07356552
8613,0.05049408
8614,0.37377718
8615,0.26377973
8616,0.020947732
8617,0.020684369
8618,0.064890094
8619,0.13085082
8620,0.06361646
8621,0.38625103
8622,0.57675785
8623,0.079207584
8624,0.12597387
8625,0.12488236
8626,0.19014636
8627,0.07707153
8628,0.3986627
8629,0.25667334
8630,0.039617423
8631,0.10333151
8632,0.12531638
8633,0.11383068
8634,0.05147889
8635,0.028314978
8636,0.4039547
8637,0.30179065
8638,0.24846095
8639,0.075129025
8640,0.031411584
8641,0.13772608
8642,0.07558994
8643,0.19263896
8644,0.026939906
8645,0.04484743
8646,0.053805746
8647,0.021965124
8648,0.027607977
8649,0.05215542
8650,0.051437605
8651,0.24597934
8652,0.78691846
8653,0.41986907
8654,0.28193825
8655,0.13048585
8656,0.18962464
8657,0.17939469
8658,0.4772518
8659,0.101908416
8660,0.032184437
8661,0.033979047
8662,0.13236961
8663,0.17451805
8664,0.090254106
8665,0.30762067
8666,0.26955575
8667,0.26673126
8668,1.0250554
8669,0.11800653
8670,0.019671127
8671,0.1403943
8672,0.24115634
8673,0.021028839
8674,0.066444926
8675,0.27003267
8676,0.07338825
8677,0.042897694
8678,0.047454443
8679,0.057425566
8680,0.25289953
8681,0.40323898
8682,0.38367975
8683,0.5377859
8684,0.42345536
8685,0.19642335
8686,0.16239776
8687,0.24458301
8688,0.015581995
8689,0.027002588
8690,0.17825001
8691,0.07732846
8692,0.049668707
8693,0.28045732
8694,0.3503419
8695,0.057837047
8696,0.56600803
8697,0.3746925
8698,0.004713118
8699,0.09409669
8700,0.13802698
8701,0.09012882
8702,0.05075944
8703,0.016142607
8704,0.03345871
8705,0.0701975
8706,0.11345332
8707,0.114100546
8708,0.15150642
8709,0.4264304
8710,0.8447156
8711,0.45354268
8712,0.41484082
8713,0.5734581
8714,0.11078321
8715,0.025890425
8716,0.07067176
8717,0.08218762
8718,0.13698581
8719,0.25830787
8720,0.06439509
8721,0.032355864
8722,0.06259021
8723,0.2454046
8724,0.020546779
8725,0.00447616
8726,0.04520065
8727,0.120841645
8728,0.015220992
8729,0.04389196
8730,0.022218943
8731,0.0138570815
8732,0.029865198
8733,0.09693562
8734,0.07211791
8735,0.100239046
8736,0.2390337
8737,0.2650609
8738,0.37723774
8739,0.74849623
8740,0.6458053
8741,0.40486556
8742,0.11542195
8743,0.0068665743
8744,0.04515419
8745,0.021045983
8746,0.060329337
8747,0.11907609
8748,0.019061208
8749,0.008147806
8750,0.03428533
8751,0.6705447
8752,0.18686163
8753,0.020165168
8754,0.071382985
8755,0.039181974
8756,0.22311005
8757,0.06122326
8758,0.04814867
8759,0.017456137
8760,0.046738483
8761,0.018255502
8762,0.019290127
8763,0.032521553
8764,0.1208244
8765,0.13010609
8766,0.5394789
8767,0.36261275
8768,0.23715281
8769,0.85556084
8770,0.41347897
8771,0.49928632
8772,0.11605945
8773,0.045449343
8774,0.038712047
8775,0.027396187
8776,0.05567815
8777,0.05643784
8778,0.017899208
8779,0.04224884
8780,0.058461446
8781,0.46643516
8782,0.23626852
8783,0.36479336
8784,0.03448111
8785,0.09475713
8786,0.12532328
8787,0.12058395
8788,0.18422952
8789,0.04681017
8790,0.03159077
8791,0.054839052
8792,0.174216
8793,0.5771993
8794,0.4028486
8795,0.43576398
8796,0.26584283
8797,0.2591715
8798,0.1893003
8799,0.08262298
8800,0.04069034
8801,0.023359299
8802,0.012641259
8803,0.059974886
8804,0.026488803
8805,0.12856264
8806,0.12817962
8807,0.06275062
8808,0.27481624
8809,0.034806762
8810,0.07579089
8811,0.38149172
8812,0.047471594
8813,0.006854102
8814,0.014632046
8815,0.015112594
8816,0.13751605
8817,0.24456641
8818,0.04462888
8819,0.23594579
8820,0.25129214
8821,0.079752505
8822,0.10616859
8823,0.033085573
8824,0.10323169
8825,0.08085766
8826,0.047418606
8827,0.12710129
8828,0.12179382
8829,0.039381124
8830,0.011539608
8831,0.40591252
8832,0.012130834
8833,0.016495273
8834,0.11971712
8835,0.008289084
8836,0.040384
8837,0.047441315
8838,0.15747765
8839,0.04144707
8840,0.06198204
8841,0.010179453
8842,0.06514496
8843,0.1799911
8844,0.39210036
8845,0.4002821
8846,0.06262671
8847,0.011783391
8848,0.018396795
8849,0.02275408
8850,0.035970498
8851,0.052102894
8852,0.021085232
8853,0.07049726
8854,0.115966566
8855,0.013690777
8856,0.048265208
8857,0.015906282
8858,0.031223323
8859,0.021823868
8860,0.013670392
8861,0.03857082
8862,0.09343145
8863,0.1150968
8864,0.40857336
8865,0.018359415
8866,0.023016565
8867,0.07660544
8868,0.08430097
8869,0.13531198
8870,0.41698596
8871,0.06384234
8872,0.014993794
8873,0.21859014
8874,0.03003902
8875,0.019562565
8876,0.093479
8877,0.1329046
8878,0.05422294
8879,0.01229611
8880,0.020471685
8881,0.008099109
8882,0.20642675
8883,0.018785708
8884,0.032950442
8885,0.15766765
8886,0.07611574
8887,0.052654
8888,0.02336099
8889,0.030863374
8890,0.081483014
8891,0.39340335
8892,0.033285517
8893,0.025775291
8894,0.020335317
8895,0.035647567
8896,0.045846436
8897,0.06553491
8898,0.2479479
8899,0.07182561
8900,0.23812518
8901,0.103384756
8902,0.03012254
8903,0.045000978
8904,0.046511825
8905,0.027633987
8906,0.1811065
8907,0.023569584
8908,0.11798327
8909,0.025533184
8910,0.12942125
8911,0.054738306
8912,0.009194888
8913,0.014760956
8914,0.26676297
8915,0.6521793
8916,0.25506693
8917,0.051602833
8918,0.08841264
8919,0.043029863
8920,0.03433841
8921,0.10426614
8922,0.072691835
8923,0.09561993
8924,0.9334437
8925,0.024361342
8926,0.07560487
8927,0.013660938
8928,0.090052724
8929,0.08625332
8930,0.021868423
8931,0.0395127
8932,0.16389234
8933,0.4608137
8934,0.07973786
8935,0.22086126
8936,0.027485877
8937,0.019477405
8938,0.036274817
8939,0.0135283545
8940,0.028164715
8941,0.108009376
8942,0.03147531
8943,0.027446881
8944,0.00833904
8945,0.05954103
8946,0.04607167
8947,0.028065413
8948,0.021405995
8949,0.06514177
8950,0.01880522
8951,0.12642422
8952,0.031728987
8953,0.03460618
8954,0.016979754
8955,0.03559861
8956,0.089168325
8957,0.13550432
8958,0.023307607
8959,0.029454097
8960,0.06800368
8961,0.52824074
8962,0.087173134
8963,0.10985834
8964,0.047420494
8965,0.039548833
8966,0.05202477
8967,0.059735574
8968,0.022479087
8969,0.43123913
8970,0.031197853
8971,0.003052771
8972,0.007741548
8973,0.018853925
8974,0.057166085
8975,0.09555843
8976,0.025094807
8977,0.11287899
8978,0.04527638
8979,0.028173454
8980,0.0059038624
8981,0.046813313
8982,0.37277132
8983,0.021720551
8984,0.022022866
8985,0.005360268
8986,0.022292458
8987,0.015548728
8988,0.055669617
8989,0.008673921
8990,0.034851767
8991,0.006324336
8992,0.27073586
8993,0.08427602
8994,0.015722133
8995,0.01871071
8996,0.01844886
8997,0.026893102
8998,0.05726023
8999,0.14013088
9000,0.11683768
9001,0.093356505
9002,0.07911781
9003,0.026498608
9004,0.048708957
9005,0.021048851
9006,0.07680626
9007,0.26423624
9008,0.10967816
9009,0.007965967
9010,0.0036450773
9011,0.03867725
9012,0.019989602
9013,0.015241571
9014,0.021011777
9015,0.013452046
9016,0.016994193
9017,0.0086995885
9018,0.018693522
9019,0.009878226
9020,0.016469523
9021,0.023639597
9022,0.0621218
9023,0.05823731
9024,0.1273466
9025,0.0057109
9026,0.13820146
9027,0.270173
9028,0.021071836
9029,0.010775074
9030,0.0157189
9031,0.014566898
9032,0.030137025
9033,0.029737137
9034,0.018399477
9035,0.030870847
9036,0.0074474216
9037,0.009991787
9038,0.06291138
9039,0.049923606
9040,0.016833186
9041,0.05946159
9042,0.015797049
9043,0.014626637
9044,0.009996638
9045,0.09044294
9046,0.03198324
9047,0.057056848
9048,0.006489195
9049,0.0135887265
9050,0.027779095
9051,0.011844754
9052,0.08907587
9053,0.007536061
9054,0.01530911
9055,0.16213444
9056,0.060617696
9057,0.062093545
9058,0.06281444
9059,0.10463788
9060,0.02262438
9061,0.01380042
9062,0.061450407
9063,0.015034348
9064,0.061406102
9065,0.0071327984
9066,0.12374209
9067,0.018506788
9068,0.02418477
9069,0.026496336
9070,0.024205431
9071,0.02801241
9072,0.012729622
9073,0.015628256
9074,0.010007232
9075,0.007748127
9076,0.014511742
9077,0.035188906
9078,0.010210119
9079,0.010157317
9080,0.029597536
9081,0.082819074
9082,0.033436563
9083,0.010563031
9084,0.16461465
9085,0.020160258
9086,0.02926752
9087,0.031529058
9088,0.0048769563
9089,0.0140426755
9090,0.024385065
9091,0.061038468
9092,0.024262719
9093,0.025105342
9094,0.027523972
9095,0.018409252
9096,0.029173821
9097,0.093514055
9098,0.11337411
9099,0.009435795
9100,0.10734336
9101,0.044930898
9102,0.05471921
9103,0.07185352
9104,0.029896215
9105,0.04519966
9106,0.04557947
9107,0.0070549324
9108,0.117682174
9109,0.044315267
9110,0.025941074
9111,0.09284773
9112,0.05134711
9113,0.05979074
9114,0.06299806
9115,0.2611887
9116,0.37828398
9117,0.010726415
9118,0.2729991
9119,0.050285533
9120,0.19247966
9121,0.07511765
9122,0.15179192
9123,0.046473455
9124,0.01649721
9125,0.052016526
9126,0.014320515
9127,0.038118757
9128,0.014743686
9129,0.008327737
9130,0.13054557
9131,0.05050745
9132,0.6481074
9133,0.16157773
9134,0.051606525
9135,0.035447672
9136,0.11590617
9137,0.040661197
9138,0.021982402
9139,0.03877838
9140,0.015261978
9141,0.016316593
9142,0.049297784
9143,0.11441746
9144,0.10784427
9145,0.47033453
9146,0.4834682
9147,0.0548333
9148,0.06415099
9149,0.36215827
9150,0.1512327
9151,0.057358168
9152,0.043499
9153,0.05966689
9154,0.08503528
9155,0.03863427
9156,0.4154572
9157,0.13719174
9158,0.27802646
9159,0.18816206
9160,0.09785625
9161,0.025332585
9162,0.5157042
9163,0.0035495162
9164,0.0650559
9165,0.27672946
9166,0.047996122
9167,0.05705281
9168,0.040195383
9169,0.048278965
9170,0.004510276
9171,0.029673703
9172,0.093835816
9173,0.110503316
9174,0.035576396
9175,0.047627944
9176,0.34070045
9177,0.39611375
9178,0.047748122
9179,0.038871408
9180,0.061101872
9181,0.041779917
9182,0.050797977
9183,0.029905654
9184,0.041388877
9185,0.0556694
9186,0.10592882
9187,0.072823696
9188,0.14761378
9189,0.04713643
9190,0.3753648
9191,0.04494055
9192,0.042004794
9193,0.0257987
9194,0.014873631
9195,0.015392415
9196,0.015788972
9197,0.017172694
9198,0.023826987
9199,0.47474754
9200,0.08833744
9201,0.06279951
9202,0.45226943
9203,0.28989857
9204,0.07740458
9205,0.04368354
9206,0.016806878
9207,0.024767518
9208,0.016070746
9209,0.04466172
9210,0.005579397
9211,0.07871624
9212,0.08063312
9213,0.09522994
9214,0.4028323
9215,0.4353814
9216,0.020255722
9217,0.042105395
9218,0.050595716
9219,0.010119662
9220,0.014220946
9221,0.028894246
9222,0.028276563
9223,0.03907699
9224,0.16244091
9225,0.024479903
9226,0.049048863
9227,0.01616013
9228,0.05554209
9229,0.12944347
9230,0.53264666
9231,0.03112543
9232,0.05340309
9233,0.020190924
9234,0.024020292
9235,0.05164543
9236,0.05757256
9237,0.01820416
9238,0.027827173
9239,0.1274869
9240,0.18272218
9241,0.10381503
9242,0.19825543
9243,0.059181392
9244,0.03756046
9245,0.035130825
9246,0.03587716
9247,0.04634117
9248,0.063739955
9249,0.06819272
9250,0.2401818
9251,0.016967483
9252,0.05312859
9253,0.033111826
9254,0.024027467
9255,0.018123835
9256,0.026314542
9257,0.040302753
9258,0.020202257
9259,0.026186422
9260,0.028117493
9261,0.08425423
9262,0.16901076
9263,0.17609113
9264,0.046594765
9265,0.042437054
9266,0.04387715
9267,0.10539765
9268,0.08190789
9269,0.0180026
9270,0.013980478
9271,0.027042143
9272,0.14089662
9273,0.029517174
9274,0.027128711
9275,0.035288207
9276,0.07792373
9277,0.083448924
9278,0.24446112
9279,0.12252553
9280,0.23519844
9281,0.07078851
9282,0.050131258
9283,0.020015873
9284,0.056350715
9285,0.0511117
9286,0.081549235
9287,0.04485151
9288,0.28338194
9289,0.13706416
9290,0.021748759
9291,0.018277131
9292,0.13226303
9293,0.058562297
9294,0.05078073
9295,0.01931253
9296,0.011067234
9297,0.057987392
9298,0.01335758
9299,0.02203565
9300,0.024228811
9301,0.08991575
9302,0.053775452
9303,0.092183284
9304,0.066846676
9305,0.12715992
9306,0.23793328
9307,0.36933404
9308,0.07648501
9309,0.02545736
9310,0.096237585
9311,0.020289853
9312,0.050800655
9313,0.02704864
9314,0.06460439
9315,0.06383751
9316,0.13216804
9317,0.05745573
9318,0.12970999
9319,0.0450692
9320,0.06565351
9321,0.03469154
9322,0.02022925
9323,0.019659244
9324,0.117751755
9325,0.031477172
9326,0.069473535
9327,0.012780756
9328,0.02642572
9329,0.043564517
9330,0.06524262
9331,0.09649719
9332,0.24746865
9333,0.13873495
9334,0.17753679
9335,0.11712099
9336,0.14520241
9337,0.014402561
9338,0.10738411
9339,0.015648618
9340,0.057940494
9341,0.04529316
9342,0.10869554
9343,0.032467585
9344,0.023149237
9345,0.05625003
9346,0.04546895
9347,0.055959262
9348,0.093890555
9349,0.036639985
9350,0.06342518
9351,0.024727792
9352,0.030489415
9353,0.0154657215
9354,0.08408281
9355,0.019165002
9356,0.049866833
9357,0.07215931
9358,0.069240384
9359,0.16507936
9360,0.5452907
9361,0.12709245
9362,0.13248493
9363,0.06893739
9364,0.10666123
9365,0.07704009
9366,0.100577995
9367,0.06118721
9368,0.012095891
9369,0.01898627
9370,0.27285284
9371,0.07855594
9372,0.09664249
9373,0.056689825
9374,0.098095626
9375,0.018242598
9376,0.03112493
9377,0.024432704
9378,0.049797
9379,0.17123029
9380,0.07040363
9381,0.05450093
9382,0.13269068
9383,0.56812245
9384,0.10823056
9385,0.020890921
9386,0.23631933
9387,0.068052866
9388,0.2384921
9389,0.2656027
9390,0.08017727
9391,0.017633013
9392,0.048886202
9393,0.1034533
9394,0.17911544
9395,0.046167523
9396,0.2332136
9397,0.09513843
9398,0.09083871
9399,0.020823121
9400,0.025618345
9401,0.06529653
9402,0.078369156
9403,0.018924735
9404,0.1450196
9405,0.15873224
9406,0.14323846
9407,0.10574677
9408,0.03695263
9409,0.1414129
9410,0.23740491
9411,0.25149515
9412,0.06176864
9413,0.01158227
9414,0.054810867
9415,0.02203352
9416,0.009473629
9417,0.068196565
9418,0.4767755
9419,0.05097558
9420,0.06424155
9421,0.3922791
9422,0.17832208
9423,0.017190017
9424,0.02326645
9425,0.0056570694
9426,0.0157836
9427,0.05061969
9428,0.07094387
9429,0.15820491
9430,0.24116609
9431,0.122774124
9432,0.11604851
9433,0.28384268
9434,0.24720728
9435,0.15636307
9436,0.25191942
9437,0.36747876
9438,0.09090684
9439,0.01974798
9440,0.04395962
9441,0.089916386
9442,0.05253282
9443,0.2696666
9444,0.83968425
9445,0.0064658076
9446,0.05592932
9447,0.40320456
9448,0.017176606
9449,0.0530378
9450,0.25206235
9451,0.019343317
9452,0.05709502
9453,0.09224025
9454,0.021229371
9455,0.062210914
9456,0.008597247
9457,0.29283336
9458,0.054095536
9459,0.0986318
9460,0.26683328
9461,0.16400018
9462,0.2501482
9463,0.3916219
9464,0.28458253
9465,0.033889055
9466,0.17455584
9467,0.23711607
9468,0.24158725
9469,0.81837535
9470,0.43229577
9471,0.29692498
9472,0.028472178
9473,0.11693634
9474,0.018478103
9475,0.064273804
9476,0.035887346
9477,0.023166016
9478,0.014089435
9479,0.011814021
9480,0.06921238
9481,0.011294439
9482,0.012512878
9483,0.03518054
9484,0.06703013
9485,0.118036956
9486,0.1241954
9487,0.12758723
9488,0.09893025
9489,0.16085878
9490,0.23779404
9491,0.029827453
9492,0.14198351
9493,0.27078876
9494,0.021000013
9495,0.077153586
9496,0.90962064
9497,0.90666825
9498,0.4930863
9499,0.0051446706
9500,0.030069128
9501,0.019654527
9502,0.057887916
9503,0.42311996
9504,0.088081695
9505,0.018751897
9506,0.054097936
9507,0.011681646
9508,0.06177857
9509,0.07835619
9510,0.06896312
9511,0.015774444
9512,0.47091556
9513,0.021573506
9514,0.045284927
9515,0.13280609
9516,0.11906229
9517,0.06719757
9518,0.04686593
9519,0.22784969
9520,0.22040129
9521,0.37838468
9522,0.110863075
9523,0.11842366
9524,0.9357391
9525,0.8983159
9526,0.49960905
9527,0.016166031
9528,0.07158182
9529,0.035774793
9530,0.010167688
9531,0.29363298
9532,0.116348155
9533,0.24912152
9534,0.04200686
9535,0.0822456
9536,0.022177026
9537,0.079185784
9538,0.12474231
9539,0.17296569
9540,0.12732859
9541,0.5044794
9542,0.28171703
9543,0.17405544
9544,0.17572947
9545,0.10990244
9546,0.07347946
9547,0.14865576
9548,0.047824383
9549,0.03716073
9550,0.030059949
9551,0.13495332
9552,0.22168511
9553,0.06613029
9554,0.104806
9555,0.029887035
9556,0.86386234
9557,1.0206119
9558,0.9911916
9559,0.0776295
9560,0.055357084
9561,0.23780993
9562,0.018690683
9563,0.283333
9564,0.028791666
9565,0.008970611
9566,0.020779662
9567,0.021506041
9568,0.06740588
9569,0.12581767
9570,0.048587073
9571,0.39809754
9572,0.6318161
9573,0.06981678
9574,0.13482246
9575,0.11932297
9576,0.17663199
9577,0.0831703
9578,0.39630184
9579,0.115329504
9580,0.036570136
9581,0.10255432
9582,0.10958547
9583,0.10899142
9584,0.053004604
9585,0.028116472
9586,0.42150342
9587,0.40444434
9588,0.26298338
9589,0.07475165
9590,0.0317008
9591,0.11977246
9592,0.07662853
9593,0.26737255
9594,0.026794665
9595,0.042644866
9596,0.05634893
9597,0.022688419
9598,0.025202714
9599,0.05342839
9600,0.046216294
9601,0.36917654
9602,0.7581873
9603,0.418917
9604,0.28333452
9605,0.12941687
9606,0.18762413
9607,0.23974872
9608,0.50673884
9609,0.08028561
9610,0.03531215
9611,0.041093487
9612,0.033410393
9613,0.21812502
9614,0.16364813
9615,0.09059387
9616,0.29897895
9617,0.1987941
9618,0.26062885
9619,1.0169393
9620,0.11149298
9621,0.2470792
9622,0.23240793
9623,0.021664247
9624,0.07116481
9625,0.45271567
9626,0.072243296
9627,0.047622465
9628,0.045139767
9629,0.057850838
9630,0.25089517
9631,0.4034057
9632,0.2777819
9633,0.5049972
9634,0.4419467
9635,0.19411543
9636,0.24254096
9637,0.37664655
9638,0.015489556
9639,0.028178915
9640,0.23372647
9641,0.076714434
9642,0.050404504
9643,0.4480303
9644,0.24416098
9645,0.05489133
9646,0.51505685
9647,0.38048148
9648,0.0059939697
9649,0.084160864
9650,0.120791465
9651,0.09204069
9652,0.051246557
9653,0.011405282
9654,0.019069083
9655,0.034417313
9656,0.06938478
9657,0.11692347
9658,0.11397946
9659,0.15383486
9660,0.410684
9661,0.80141026
9662,0.45156145
9663,0.39196748
9664,0.5905008
9665,0.10299953
9666,0.025611103
9667,0.07271795
9668,0.07927189
9669,0.24096143
9670,0.25082192
9671,0.051953573
9672,0.031154081
9673,0.062391374
9674,0.24229336
9675,0.021583073
9676,0.0056565925
9677,0.051816296
9678,0.120034054
9679,0.022034705
9680,0.015505068
9681,0.039268933
9682,0.021881945
9683,0.013846628
9684,0.034517433
9685,0.09774929
9686,0.07037772
9687,0.09578217
9688,0.23681805
9689,0.27048677
9690,0.37298715
9691,0.7488687
9692,0.6631969
9693,0.42406026
9694,0.113048494
9695,0.04723778
9696,0.02023676
9697,0.05881839
9698,0.11575174
9699,0.018904276
9700,0.02799385
9701,0.64806724
9702,0.053465508
9703,0.020185024
9704,0.2166737
9705,0.04121949
9706,0.2218683
9707,0.05140649
9708,0.017764933
9709,0.042774543
9710,0.017908327
9711,0.020882137
9712,0.032788396
9713,0.10897858
9714,0.13466541
9715,0.5910776
9716,0.3671844
9717,0.23715281
9718,0.798049
9719,0.38329032
9720,0.44327778
9721,0.11821018
9722,0.047932956
9723,0.032668825
9724,0.058045
9725,0.054839913
9726,0.019858338
9727,0.037194863
9728,0.054337006
9729,0.42454687
9730,0.22918758
9731,0.3975648
9732,0.03247671
9733,0.10435222
9734,0.12077869
9735,0.12529582
9736,0.18644303
9737,0.04551514
9738,0.030278265
9739,0.053448822
9740,0.18041524
9741,0.5633487
9742,0.3613671
9743,0.4355279
9744,0.26257402
9745,0.42459098
9746,0.19164108
9747,0.074901804
9748,0.04303432
9749,0.024524666
9750,0.013661429
9751,0.014914498
9752,0.05726931
9753,0.026780553
9754,0.12680846
9755,0.12776357
9756,0.058837954
9757,0.27519858
9758,0.036083367
9759,0.0805566
9760,0.013250038
9761,0.25973403
9762,0.049203515
9763,0.012088753
9764,0.012106076
9765,0.13806307
9766,0.17226718
9767,0.041542638
9768,0.004498273
9769,0.23742911
9770,0.25375918
9771,0.08046359
9772,0.10674317
9773,0.09706281
9774,0.07936395
9775,0.05383209
9776,0.1361158
9777,0.11677239
9778,0.03773702
9779,0.012662582
9780,0.26438037
9781,0.009349503
9782,0.014127031
9783,0.017674021
9784,0.104100496
9785,0.040584292
9786,0.03912035
9787,0.14430709
9788,0.041144475
9789,0.06817745
9790,0.010816589
9791,0.067480095
9792,0.24483603
9793,0.4149727
9794,0.4336758
9795,0.068270095
9796,0.011118665
9797,0.019632213
9798,0.02299019
9799,0.03682341
9800,0.05554862
9801,0.017740719
9802,0.070658505
9803,0.12560719
9804,0.014735699
9805,0.04643537
9806,0.014267638
9807,0.032588225
9808,0.021767557
9809,0.0131727755
9810,0.03435749
9811,0.09493419
9812,0.12039453
9813,0.3786819
9814,0.015999325
9815,0.023372509
9816,0.079860836
9817,0.08345591
9818,0.1254978
9819,0.26649138
9820,0.04220579
9821,0.014440432
9822,0.21148524
9823,0.031227466
9824,0.08731925
9825,0.13337031
9826,0.05510657
9827,0.010828108
9828,0.021027781
9829,0.009485975
9830,0.20414472
9831,0.01787462
9832,0.033069797
9833,0.14742123
9834,0.07579673
9835,0.051636815
9836,0.021896273
9837,0.030022494
9838,0.07510302
9839,0.4016102
9840,0.032974977
9841,0.015577078
9842,0.033323765
9843,0.046220303
9844,0.061749775
9845,0.242502
9846,0.07231819
9847,0.2457586
9848,0.104472846
9849,0.027725764
9850,0.049182042
9851,0.04546037
9852,0.031549077
9853,0.25158125
9854,0.022519402
9855,0.12014656
9856,0.024207078
9857,0.12659292
9858,0.05918814
9859,0.011660583
9860,0.01391425
9861,0.41061938
9862,0.5796909
9863,0.26220527
9864,0.05998548
9865,0.014587067
9866,0.088633746
9867,0.04677412
9868,0.032992873
9869,0.103111476
9870,0.08539594
9871,0.10004267
9872,0.95563596
9873,0.02320087
9874,0.08373798
9875,0.08795653
9876,0.085031584
9877,0.019251235
9878,0.04234392
9879,0.14313325
9880,0.30938834
9881,0.07741191
9882,0.23074147
9883,0.028512977
9884,0.030665688
9885,0.014156066
9886,0.024008468
9887,0.097656034
9888,0.03378415
9889,0.028902963
9890,0.06092802
9891,0.04988816
9892,0.02122175
9893,0.05759925
9894,0.021041758
9895,0.112612516
9896,0.038892426
9897,0.0406669
9898,0.012499273
9899,0.037994843
9900,0.082953855
9901,0.13211372
9902,0.068078674
9903,0.55462635
9904,0.05843882
9905,0.103985436
9906,0.050870165
9907,0.05220008
9908,0.05808897
9909,0.021842554
9910,0.43668935
9911,0.030542322
9912,0.0065946355
9913,0.006216809
9914,0.051758394
9915,0.104644366
9916,0.023850098
9917,0.009934105
9918,0.11142571
9919,0.040810186
9920,0.02793441
9921,0.046410877
9922,0.39345732
9923,0.025832169
9924,0.01984059
9925,0.019449584
9926,0.01848206
9927,0.052381836
9928,0.041194763
9929,0.008389607
9930,0.27610773
9931,0.072187625
9932,0.016144805
9933,0.01945337
9934,0.021011613
9935,0.053569656
9936,0.14221975
9937,0.1053989
9938,0.091394715
9939,0.07688828
9940,0.029483154
9941,0.059058655
9942,0.07929377
9943,0.25071904
9944,0.10853338
9945,0.01094912
9946,0.04317725
9947,0.019486882
9948,0.026115693
9949,0.015376285
9950,0.018913016
9951,0.007246636
9952,0.008870505
9953,0.01321739
9954,0.009570673
9955,0.023877546
9956,0.058173988
9957,0.052027307
9958,0.1252157
9959,0.0139283165
9960,0.011208691
9961,0.23731536
9962,0.18985724
9963,0.007995471
9964,0.009339742
9965,0.020747937
9966,0.03212381
9967,0.015783638
9968,0.012355447
9969,0.02365674
9970,0.028289594
9971,0.018672086
9972,0.03634648
9973,0.015231244
9974,0.009034157
9975,0.009472467
9976,0.02617044
9977,0.043827266
9978,0.061191667
9979,0.015147656
9980,0.012342833
9981,0.098152846
9982,0.02921658
9983,0.057163678
9984,0.036596503
9985,0.013357438
9986,0.08883804
9987,0.012202583
9988,0.009666227
9989,0.14678146
9990,0.058814105
9991,0.061459087
9992,0.061261985
9993,0.016129069
9994,0.10001642
9995,0.029470757
9996,0.013794839
9997,0.009107627
9998,0.06834069
9999,0.061807998
10000,0.009546585
10001,0.12344073
10002,0.017882615
10003,0.031161081
10004,0.033770885
10005,0.02608125
10006,0.028838463
10007,0.013600789
10008,0.007958658
10009,0.014135413
10010,0.03812265
10011,0.010978498
10012,0.010662779
10013,0.025147304
10014,0.073504806
10015,0.031216606
10016,0.15686235
10017,0.022424951
10018,0.030974917
10019,0.005596034
10020,0.014438115
10021,0.01982174
10022,0.06307575
10023,0.021400578
10024,0.018148772
10025,0.023644589
10026,0.018574215
10027,0.00919909
10028,0.033836152
10029,0.093264244
10030,0.1434463
10031,0.098728806
10032,0.020831436
10033,0.045074668
10034,0.04527441
10035,0.19446197
10036,0.06612038
10037,0.02683486
10038,0.0467845
10039,0.037377864
10040,0.025491223
10041,0.12301535
10042,0.049670994
10043,0.038852338
10044,0.027608328
10045,0.067064404
10046,0.052549176
10047,0.053042915
10048,0.41767466
10049,0.3940169
10050,0.022838928
10051,0.02412752
10052,0.03929091
10053,0.013103105
10054,0.29254386
10055,0.026213601
10056,0.2863975
10057,0.08432144
10058,0.23188964
10059,0.0543793
10060,0.01699932
10061,0.03191788
10062,0.040072057
10063,0.016841382
10064,0.0853018
10065,0.041800387
10066,0.57589805
10067,0.2586658
10068,0.033784367
10069,0.038378853
10070,0.23924589
10071,0.035003446
10072,0.005435057
10073,0.04935485
10074,0.03172412
10075,0.016654864
10076,0.039573397
10077,0.11582054
10078,0.28110182
10079,0.49127477
10080,0.46552813
10081,0.052723702
10082,0.13458602
10083,0.25115153
10084,0.008390509
10085,0.01704678
10086,0.04549036
10087,0.05986508
10088,0.015678644
10089,0.102003805
10090,0.41597894
10091,0.12804607
10092,0.28029114
10093,0.51045233
10094,0.10819435
10095,0.021097437
10096,0.55508983
10097,0.058574814
10098,0.27255732
10099,0.037952043
10100,0.056048986
10101,0.039484326
10102,0.03307093
10103,0.03145161
10104,0.232411
10105,0.12446274
10106,0.07615949
10107,0.040706757
10108,0.19609794
10109,0.27241918
10110,0.052273147
10111,0.034257475
10112,0.06628856
10113,0.04451644
10114,0.0611698
10115,0.036526777
10116,0.03939124
10117,0.061746053
10118,0.11851277
10119,0.037291504
10120,0.07741
10121,0.15691522
10122,0.05444105
10123,0.2700767
10124,0.041077085
10125,0.04750559
10126,0.043376975
10127,0.024320498
10128,0.015202433
10129,0.017628036
10130,0.026288822
10131,0.51447576
10132,0.10381937
10133,0.051174767
10134,0.46839213
10135,0.28295916
10136,0.081922874
10137,0.041558247
10138,0.015293814
10139,0.017483212
10140,0.022261485
10141,0.008582026
10142,0.039221287
10143,0.0056458786
10144,0.012404613
10145,0.09204982
10146,0.09160694
10147,0.10275119
10148,0.23900574
10149,0.44703728
10150,0.02302175
10151,0.030044049
10152,0.057952587
10153,0.011514336
10154,0.011354752
10155,0.028990798
10156,0.030297615
10157,0.045117907
10158,0.25740707
10159,0.019886188
10160,0.05107359
10161,0.07560572
10162,0.038233835
10163,0.11779592
10164,0.55282927
10165,0.035070516
10166,0.05172602
10167,0.02078095
10168,0.023485817
10169,0.04289767
10170,0.055652667
10171,0.010006197
10172,0.028085753
10173,0.015463993
10174,0.13276003
10175,0.18012315
10176,0.094212204
10177,0.075736195
10178,0.057839848
10179,0.036633555
10180,0.038358387
10181,0.03644802
10182,0.049229965
10183,0.09088728
10184,0.07676954
10185,0.24518687
10186,0.018820792
10187,0.056401946
10188,0.0402986
10189,0.024720266
10190,0.01771646
10191,0.024941124
10192,0.0446978
10193,0.010434486
10194,0.039674222
10195,0.023987949
10196,0.0819592
10197,0.28759938
10198,0.259887
10199,0.052344747
10200,0.0453202
10201,0.049063563
10202,0.10170517
10203,0.07069024
10204,0.017818615
10205,0.033856876
10206,0.16593474
10207,0.030121773
10208,0.029638827
10209,0.03938062
10210,0.08239573
10211,0.08574015
10212,0.25326836
10213,0.24103984
10214,0.24454218
10215,0.07596753
10216,0.05296201
10217,0.021348208
10218,0.055708837
10219,0.05471847
10220,0.08801262
10221,0.05186986
10222,0.63019234
10223,0.143725
10224,0.020178385
10225,0.13110329
10226,0.058438342
10227,0.049028534
10228,0.012782171
10229,0.06000763
10230,0.02021604
10231,0.010440029
10232,0.0252356
10233,0.026473522
10234,0.10048538
10235,0.061057907
10236,0.094528474
10237,0.07520825
10238,0.12876731
10239,0.43910995
10240,0.40930676
10241,0.0871071
10242,0.02879358
10243,0.09379714
10244,0.022326753
10245,0.055560544
10246,0.009292923
10247,0.007810347
10248,0.06359202
10249,0.042056307
10250,0.1372624
10251,0.055870075
10252,0.11527257
10253,0.046801027
10254,0.06978749
10255,0.036455315
10256,0.022747107
10257,0.019763105
10258,0.123714805
10259,0.013270952
10260,0.030522361
10261,0.06554699
10262,0.012347765
10263,0.015077613
10264,0.04695506
10265,0.065221995
10266,0.097351134
10267,0.16419241
10268,0.13912116
10269,0.18330447
10270,0.13671497
10271,0.17038253
10272,0.020368092
10273,0.09951144
10274,0.014032371
10275,0.061504308
10276,0.012450643
10277,0.045539133
10278,0.11320244
10279,0.03400631
10280,0.023374826
10281,0.05080438
10282,0.038792707
10283,0.012710929
10284,0.053158518
10285,0.089177854
10286,0.037344072
10287,0.06092552
10288,0.0060610995
10289,0.018852554
10290,0.02485893
10291,0.08548217
10292,0.02103021
10293,0.048698757
10294,0.085685775
10295,0.078765236
10296,0.17627499
10297,0.57022965
10298,0.13921666
10299,0.14313784
10300,0.07129156
10301,0.10998207
10302,0.07925673
10303,0.10546666
10304,0.062106706
10305,0.018855207
10306,0.3786432
10307,0.078361176
10308,0.09102064
10309,0.05468899
10310,0.09115898
10311,0.01572825
10312,0.027690426
10313,0.010249898
10314,0.025182933
10315,0.053720575
10316,0.31983456
10317,0.07576909
10318,0.060384814
10319,0.14253742
10320,0.26958734
10321,0.11695948
10322,0.022673145
10323,0.1379666
10324,0.07442159
10325,0.24559721
10326,0.27606672
10327,0.07631575
10328,0.020153105
10329,0.047418814
10330,0.10723276
10331,0.22887227
10332,0.045968644
10333,0.16749775
10334,0.093532294
10335,0.07701944
10336,0.012676872
10337,0.024565056
10338,0.029472284
10339,0.06714868
10340,0.088860236
10341,0.022676758
10342,0.15051758
10343,0.16626883
10344,0.14204662
10345,0.117294386
10346,0.042582273
10347,0.14852703
10348,0.24004513
10349,0.2518262
10350,0.061189212
10351,0.01198791
10352,0.061462604
10353,0.020091288
10354,0.010163993
10355,0.0759073
10356,0.51054597
10357,0.053526837
10358,0.072559215
10359,0.39242694
10360,0.24674004
10361,0.02181746
10362,0.009699419
10363,0.05468407
10364,0.070357755
10365,0.16590923
10366,0.24573141
10367,0.12522076
10368,0.11601226
10369,0.2613571
10370,0.16510327
10371,0.16249007
10372,0.24256101
10373,0.37545526
10374,0.0925343
10375,0.009613216
10376,0.018271372
10377,0.046687957
10378,0.09203658
10379,0.052373063
10380,0.20023963
10381,0.8349601
10382,0.006621644
10383,0.05635323
10384,0.38857993
10385,0.016063377
10386,0.055812426
10387,0.25807562
10388,0.01927206
10389,0.02191908
10390,0.061898466
10391,0.09690644
10392,0.023130447
10393,0.061252307
10394,0.48955438
10395,0.055912625
10396,0.112219244
10397,0.26972553
10398,0.160214
10399,0.2542169
10400,0.40303773
10401,0.29283053
10402,0.032054402
10403,0.40157855
10404,0.23133752
10405,0.23828071
10406,0.79663104
10407,0.29880407
10408,0.46714908
10409,0.022813201
10410,0.11495933
10411,0.017358296
10412,0.06516783
10413,0.019728102
10414,0.016160607
10415,0.016724154
10416,0.07237473
10417,0.012504384
10418,0.0135382265
10419,0.035650194
10420,0.08038901
10421,0.13239068
10422,0.12443792
10423,0.13057096
10424,0.09385942
10425,0.23688048
10426,0.117869996
10427,0.0294445
10428,0.12820843
10429,0.2592045
10430,0.019117728
10431,0.06610134
10432,0.93335444
10433,0.83114725
10434,0.48695585
10435,0.005393073
10436,0.023914792
10437,0.017527282
10438,0.050030246
10439,0.434329
10440,0.08332313
10441,0.049159847
10442,0.015404664
10443,0.068134785
10444,0.08532559
10445,0.075582184
10446,0.017529733
10447,0.44373876
10448,0.024889626
10449,0.042696748
10450,0.14583248
10451,0.1323044
10452,0.07053845
10453,0.054844204
10454,0.23690638
10455,0.21871933
10456,0.005849831
10457,0.024500623
10458,0.41680884
10459,0.09742608
10460,0.103714645
10461,0.95058656
10462,0.82918096
10463,0.52857214
10464,0.018292032
10465,0.06638314
10466,0.03480197
10467,0.17223626
10468,0.10271505
10469,0.25290442
10470,0.04393097
10471,0.07980476
10472,0.026130624
10473,0.09245327
10474,0.14142957
10475,0.17057204
10476,0.11409016
10477,0.52653104
10478,0.45554024
10479,0.2632176
10480,0.18010403
10481,0.10911297
10482,0.07668561
10483,0.13089612
10484,0.044364046
10485,0.034033086
10486,0.11438417
10487,0.22208512
10488,0.062800325
10489,0.12298436
10490,0.027435146
10491,0.8152183
10492,1.0330505
10493,0.94599503
10494,0.10668834
10495,0.052911453
10496,0.23161438
10497,0.2906306
10498,0.02463641
10499,0.018717617
10500,0.022884078
10501,0.07251804
10502,0.12939312
10503,0.06826716
10504,0.38493344
10505,0.7231776
10506,0.094927356
10507,0.14004351
10508,0.13195908
10509,0.17805758
10510,0.07520926
10511,0.42248356
10512,0.116847314
10513,0.040425483
10514,0.09525955
10515,0.1128335
10516,0.106127016
10517,0.0584637
10518,0.02457378
10519,0.39326873
10520,0.41037714
10521,0.24753705
10522,0.07722602
10523,0.029149175
10524,0.12925184
10525,0.07290038
10526,0.39682862
10527,0.026690193
10528,0.044803612
10529,0.062433854
10530,0.024764165
10531,0.05722245
10532,0.054210167
10533,0.41630122
10534,0.75880647
10535,0.4444934
10536,0.29511815
10537,0.1312916
10538,0.26214585
10539,0.1789783
10540,0.52277946
10541,0.07808751
10542,0.03353028
10543,0.03924771
10544,0.035929706
10545,0.13045986
10546,0.18152271
10547,0.08176189
10548,0.28790095
10549,0.41222185
10550,0.2546837
10551,0.9949606
10552,0.21873793
10553,0.23796657
10554,0.22457975
10555,0.06048372
10556,0.26194268
10557,0.07809788
10558,0.04857416
10559,0.056141634
10560,0.06855956
10561,0.25987554
10562,0.42266575
10563,0.3948537
10564,0.5277848
10565,0.4253016
10566,0.19373544
10567,0.23647222
10568,0.2451072
10569,0.016649775
10570,0.15046526
10571,0.07418137
10572,0.055895384
10573,0.46238682
10574,0.20080483
10575,0.056617662
10576,0.5636043
10577,0.36830878
10578,0.006184809
10579,0.08314754
10580,0.10900664
10581,0.08751001
10582,0.018605433
10583,0.032306872
10584,0.069071785
10585,0.11630232
10586,0.12752047
10587,0.25643647
10588,0.41637433
10589,0.79575396
10590,0.44211042
10591,0.40518227
10592,0.6208601
10593,0.10908104
10594,0.02197814
10595,0.07483659
10596,0.07172637
10597,0.14455444
10598,0.25621295
10599,0.06182248
10600,0.02708976
10601,0.069307745
10602,0.13679251
10603,0.019123249
10604,0.046946127
10605,0.12674052
10606,0.01870802
10607,0.013923153
10608,0.04235394
10609,0.019656092
10610,0.015040763
10611,0.03629941
10612,0.10397327
10613,0.07419324
10614,0.09894867
10615,0.40833098
10616,0.2756514
10617,0.39172947
10618,0.7600975
10619,0.64765805
10620,0.41083112
10621,0.110842094
10622,0.006257884
10623,0.018744774
10624,0.058620643
10625,0.109301284
10626,0.017755158
10627,0.007746421
10628,0.028937712
10629,0.7413431
10630,0.055484958
10631,0.018718034
10632,0.20530617
10633,0.04377336
10634,0.10391859
10635,0.057058927
10636,0.061587784
10637,0.015764527
10638,0.045672454
10639,0.020376302
10640,0.021702744
10641,0.03472226
10642,0.12575153
10643,0.13464212
10644,0.57560605
10645,0.37692446
10646,0.17311287
10647,0.9625647
10648,0.4055583
10649,0.46550578
10650,0.25978327
10651,0.048110202
10652,0.03385509
10653,0.030950151
10654,0.054129522
10655,0.053969026
10656,0.039038632
10657,0.064751536
10658,0.4475802
10659,0.09299824
10660,0.38849336
10661,0.17433366
10662,0.09142642
10663,0.1303573
10664,0.11709422
10665,0.16532083
10666,0.046711992
10667,0.03312601
10668,0.058470402
10669,0.16977473
10670,0.7170852
10671,0.4150731
10672,0.43805972
10673,0.4019862
10674,0.27188584
10675,0.16395402
10676,0.08289189
10677,0.04197999
10678,0.021590136
10679,0.05677118
10680,0.026814193
10681,0.121251196
10682,0.123886906
10683,0.059590615
10684,0.4144094
10685,0.031454988
10686,0.07084745
10687,0.012900159
10688,0.26424628
10689,0.04894721
10690,0.14008641
10691,0.16971618
10692,0.04173817
10693,0.25617886
10694,0.26646712
10695,0.076038904
10696,0.100701004
10697,0.034605354
10698,0.096611366
10699,0.087078504
10700,0.04522963
10701,0.1278471
10702,0.11600688
10703,0.035597272
10704,0.011353739
10705,0.26467413
10706,0.014365688
10707,0.015254542
10708,0.017174564
10709,0.10796501
10710,0.009223968
10711,0.039142188
10712,0.047288425
10713,0.16807216
10714,0.04198207
10715,0.07180567
10716,0.011288933
10717,0.071354166
10718,0.18000291
10719,0.37866867
10720,0.39620975
10721,0.074367836
10722,0.010418534
10723,0.015826501
10724,0.021673702
10725,0.0387936
10726,0.061549366
10727,0.016747981
10728,0.07285477
10729,0.12419999
10730,0.014754154
10731,0.03779769
10732,0.015523978
10733,0.029078953
10734,0.020406298
10735,0.03889975
10736,0.09783902
10737,0.11697969
10738,0.39885277
10739,0.018169045
10740,0.02397114
10741,0.20310009
10742,0.07933832
10743,0.12480216
10744,0.43032357
10745,0.062231194
10746,0.012782656
10747,0.11313587
10748,0.032676723
10749,0.019613333
10750,0.07848536
10751,0.13357946
10752,0.052001633
10753,0.011844799
10754,0.01066836
10755,0.022317149
10756,0.009230085
10757,0.19795392
10758,0.016644344
10759,0.032343987
10760,0.16044635
10761,0.078944325
10762,0.05565926
10763,0.02503708
10764,0.033195987
10765,0.086704716
10766,0.29221633
10767,0.032066207
10768,0.0127513185
10769,0.016157985
10770,0.032775056
10771,0.04486501
10772,0.058637846
10773,0.24317369
10774,0.071622334
10775,0.24601182
10776,0.09980963
10777,0.029673204
10778,0.050883763
10779,0.04914535
10780,0.031379428
10781,0.3754993
10782,0.101537295
10783,0.029301114
10784,0.12711547
10785,0.06769042
10786,0.013122499
10787,0.015665278
10788,0.39339778
10789,0.6038414
10790,0.25719637
10791,0.044749364
10792,0.08571339
10793,0.057685014
10794,0.031902723
10795,0.10096545
10796,0.07385263
10797,0.08196407
10798,0.9801995
10799,0.026084855
10800,0.08032013
10801,0.08080697
10802,0.089910194
10803,0.021067858
10804,0.037511013
10805,0.15424803
10806,0.46841708
10807,0.07978626
10808,0.15130289
10809,0.02752442
10810,0.02962485
10811,0.027245335
10812,0.110837966
10813,0.034951236
10814,0.030964032
10815,0.058020487
10816,0.046961054
10817,0.055922203
10818,0.019662298
10819,0.098546155
10820,0.03860198
10821,0.03936595
10822,0.014992796
10823,0.0382086
10824,0.07721146
10825,0.112787895
10826,0.019030116
10827,0.027164042
10828,0.060911484
10829,0.5786018
10830,0.05926429
10831,0.09880936
10832,0.056105472
10833,0.04148712
10834,0.05960333
10835,0.06759158
10836,0.020838752
10837,0.022917219
10838,0.4234455
10839,0.028237358
10840,0.0057112575
10841,0.050892193
10842,0.10482271
10843,0.11853427
10844,0.04743355
10845,0.02505862
10846,0.05148585
10847,0.3793022
10848,0.016759463
10849,0.02076754
10850,0.012941584
10851,0.05902184
10852,0.04415398
10853,0.006589286
10854,0.1357037
10855,0.07853047
10856,0.0051564723
10857,0.016628876
10858,0.066461265
10859,0.13293794
10860,0.08825662
10861,0.08839975
10862,0.07541369
10863,0.025075555
10864,0.051022526
10865,0.07359338
10866,0.17424816
10867,0.14100406
10868,0.008520417
10869,0.012541018
10870,0.019175999
10871,0.017084204
10872,0.020292468
10873,0.012181848
10874,0.020798512
10875,0.0095629245
10876,0.009854786
10877,0.013439298
10878,0.0162417
10879,0.008504592
10880,0.019065157
10881,0.052563716
10882,0.055692285
10883,0.15741453
10884,0.005212754
10885,0.012547016
10886,0.12827814
10887,0.26321203
10888,0.023636058
10889,0.011897668
10890,0.030052468
10891,0.014911398
10892,0.010569282
10893,0.023320414
10894,0.025745958
10895,0.00908424
10896,0.020061009
10897,0.030115247
10898,0.015152313
10899,0.008032449
10900,0.007712528
10901,0.069163755
10902,0.025030985
10903,0.042519934
10904,0.054134198
10905,0.010546714
10906,0.09336679
10907,0.027575493
10908,0.057134233
10909,0.010291852
10910,0.0045540407
10911,0.030568346
10912,0.010248914
10913,0.08602147
10914,0.01804965
10915,0.005099058
10916,0.009555489
10917,0.014265478
10918,0.011347488
10919,0.287654
10920,0.06904946
10921,0.05819976
10922,0.0679931
10923,0.015007742
10924,0.005179301
10925,0.008335583
10926,0.10004307
10927,0.022683948
10928,0.014028624
10929,0.064033255
10930,0.01688885
10931,0.067338504
10932,0.010052577
10933,0.22000483
10934,0.018470965
10935,0.030111395
10936,0.025714159
10937,0.024890207
10938,0.008480951
10939,0.012957096
10940,0.013316393
10941,0.01106859
10942,0.015347555
10943,0.029451422
10944,0.010998435
10945,0.036895867
10946,0.06913193
10947,0.031380903
10948,0.27951968
10949,0.024187826
10950,0.025954157
10951,0.0046117976
10952,0.011966713
10953,0.01876738
10954,0.06333198
10955,0.023672007
10956,0.024127208
10957,0.018483236
10958,0.008082747
10959,0.010393597
10960,0.018306844
10961,0.03203329
10962,0.10528558
10963,0.10948426
10964,0.098439954
10965,0.019912384
10966,0.043427195
10967,0.027717657
10968,0.052589744
10969,0.02799613
10970,0.049373742
10971,0.04131971
10972,-8.761883e-05
10973,0.03298342
10974,0.08674446
10975,0.054637324
10976,0.03398037
10977,0.025078602
10978,0.09261713
10979,0.054680746
10980,0.06717363
10981,0.2575718
10982,0.40536192
10983,0.020261481
10984,0.058518454
10985,0.012080483
10986,0.27189314
10987,0.03951951
10988,0.20407954
10989,0.08018501
10990,0.13491413
10991,0.035384532
10992,0.026664235
10993,0.01763349
10994,0.04410724
10995,0.14213732
10996,0.05853915
10997,0.5879942
10998,0.24692357
10999,0.02686628
11000,0.22557485
11001,0.02893453
11002,0.028876431
11003,0.018356897
11004,0.05482776
11005,0.030865692
11006,0.016149297
11007,0.016557992
11008,0.049889766
11009,0.122945815
11010,0.11067337
11011,0.47938868
11012,0.4663657
11013,0.04344362
11014,0.05942549
11015,0.023808159
11016,0.21678358
11017,0.13581651
11018,0.016710728
11019,0.04279903
11020,0.041759435
11021,0.04322696
11022,0.08906769
11023,0.4452061
11024,0.12010992
11025,0.28218457
11026,0.52788794
11027,0.08877291
11028,0.5156419
11029,0.057256572
11030,0.5033655
11031,0.03960721
11032,0.05305579
11033,0.038620725
11034,0.04031298
11035,0.033046864
11036,0.105486795
11037,0.112711094
11038,0.08100935
11039,0.05891535
11040,0.2948657
11041,0.038782775
11042,0.035764933
11043,0.05662924
11044,0.06258374
11045,0.02933605
11046,0.042193513
11047,0.0055893064
11048,0.058185797
11049,0.10592395
11050,0.031362604
11051,0.07833678
11052,0.24077249
11053,0.18571615
11054,0.04403279
11055,0.044667743
11056,0.028833829
11057,0.04008485
11058,0.025780618
11059,0.018292338
11060,0.522077
11061,0.11224724
11062,0.06314214
11063,0.29014012
11064,0.48621807
11065,0.07587309
11066,0.040713787
11067,0.016710497
11068,0.025125057
11069,0.0062681437
11070,0.04507554
11071,0.0075871423
11072,0.08294557
11073,0.08178598
11074,0.090959825
11075,0.16072416
11076,0.47344443
11077,0.008582734
11078,0.18351921
11079,0.055317543
11080,0.009290487
11081,0.007919915
11082,0.027966633
11083,0.030698858
11084,0.03636233
11085,0.2557728
11086,0.019783005
11087,0.04844818
11088,0.010217711
11089,0.016804866
11090,0.07353088
11091,0.03849035
11092,0.12182772
11093,0.5329375
11094,0.03312381
11095,0.05593973
11096,0.018851101
11097,0.022221811
11098,0.04965997
11099,0.055312887
11100,0.009466626
11101,0.01836522
11102,0.026658416
11103,0.0145395845
11104,0.1180395
11105,0.18026176
11106,0.100002676
11107,0.085607156
11108,0.048456103
11109,0.039727744
11110,0.0353619
11111,0.037886955
11112,0.046637405
11113,0.078543626
11114,0.07690659
11115,0.12975684
11116,0.018710762
11117,0.050833516
11118,0.034180608
11119,0.024185434
11120,0.02642303
11121,0.03957958
11122,0.024730965
11123,0.08300764
11124,0.19778432
11125,0.2453292
11126,0.04838329
11127,0.04069834
11128,0.03322552
11129,0.09433057
11130,0.072879195
11131,0.017595626
11132,0.056908466
11133,0.026430123
11134,0.24034858
11135,0.03176849
11136,0.029653765
11137,0.03725685
11138,0.08224674
11139,0.08173515
11140,0.2443937
11141,0.22845942
11142,0.23238906
11143,0.07147617
11144,0.056549035
11145,0.019259803
11146,0.059946846
11147,0.04772784
11148,0.0123423785
11149,0.09556983
11150,0.050201047
11151,0.5926423
11152,0.14191352
11153,0.019739568
11154,0.017248034
11155,0.13500202
11156,0.055855595
11157,0.0526153
11158,0.018767372
11159,0.011765912
11160,0.06518028
11161,0.010590583
11162,0.02451408
11163,0.027547814
11164,0.09808847
11165,0.05752248
11166,0.09384543
11167,0.078840375
11168,0.12978363
11169,0.23966804
11170,0.3984997
11171,0.08880395
11172,0.028765492
11173,0.09711482
11174,0.020587102
11175,0.048860066
11176,0.0072298273
11177,0.010919608
11178,0.05357168
11179,0.065152794
11180,0.1307146
11181,0.059407815
11182,0.11622918
11183,0.046437774
11184,0.06843789
11185,0.035367284
11186,0.021504626
11187,0.117615126
11188,0.013500154
11189,0.028458595
11190,0.059855666
11191,0.014563017
11192,0.028955713
11193,0.048778057
11194,0.06834852
11195,0.10348536
11196,0.15182906
11197,0.14138396
11198,0.23978099
11199,0.13078088
11200,0.151279
11201,0.018028483
11202,0.10734799
11203,0.0133680105
11204,0.057823803
11205,0.011618391
11206,0.041822556
11207,0.11054816
11208,0.037353087
11209,0.019099124
11210,0.052974444
11211,0.038495988
11212,0.052083246
11213,0.08373182
11214,0.04046763
11215,0.058119114
11216,0.023110107
11217,0.029108353
11218,0.08829547
11219,0.02142582
11220,0.048417393
11221,0.07974824
11222,0.07615467
11223,0.17206609
11224,0.34008282
11225,0.14090493
11226,0.12463643
11227,0.07585706
11228,0.10658146
11229,0.07908307
11230,0.106970824
11231,0.057774775
11232,0.01047463
11233,0.007743828
11234,0.0172541
11235,0.3862638
11236,0.07377623
11237,0.086785525
11238,0.05018212
11239,0.09803352
11240,0.014961742
11241,0.029525787
11242,0.027231812
11243,0.055275574
11244,0.31138694
11245,0.074703075
11246,0.055975743
11247,0.13897502
11248,0.5589262
11249,0.112431176
11250,0.020254396
11251,0.24566856
11252,0.07321678
11253,0.2505714
11254,0.26288158
11255,0.07751992
11256,0.021283843
11257,0.048287906
11258,0.036781542
11259,0.111534745
11260,0.16766626
11261,0.041919548
11262,0.16283484
11263,0.093090445
11264,0.07601738
11265,0.015599556
11266,0.013042755
11267,0.024240062
11268,0.028893314
11269,0.069319434
11270,0.081120156
11271,0.021639854
11272,0.14873236
11273,0.15712416
11274,0.1509918
11275,0.10985738
11276,0.04635978
11277,0.12681082
11278,0.23271614
11279,0.25047916
11280,0.0633495
11281,0.010706253
11282,0.051313404
11283,0.01810474
11284,0.0660999
11285,0.45345235
11286,0.05526758
11287,0.06873561
11288,0.38326356
11289,0.24333087
11290,0.016184792
11291,0.050669156
11292,0.0720654
11293,0.18023962
11294,0.24952218
11295,0.018059947
11296,0.1189649
11297,0.10744224
11298,0.13646068
11299,0.15493731
11300,0.16882542
11301,0.19227904
11302,0.3736322
11303,0.099020034
11304,0.050274532
11305,0.094578765
11306,0.05331042
11307,0.26327875
11308,0.8080584
11309,0.006878428
11310,0.051056694
11311,0.4002495
11312,0.017593384
11313,0.05308884
11314,0.25527635
11315,0.020768829
11316,0.066286325
11317,0.09473503
11318,0.02382645
11319,0.06619534
11320,0.008955874
11321,0.48294684
11322,0.049530428
11323,0.102732845
11324,0.25118408
11325,0.16232154
11326,0.24823248
11327,0.39214563
11328,0.2732208
11329,0.030241728
11330,0.15989819
11331,0.23640662
11332,0.2369583
11333,0.8355525
11334,0.2928212
11335,0.44723275
11336,0.028194487
11337,0.11831211
11338,0.06610457
11339,0.030606635
11340,0.021206878
11341,0.011511289
11342,0.015356138
11343,0.06322288
11344,0.010693416
11345,0.015785046
11346,0.035062186
11347,0.07549066
11348,0.11924363
11349,0.12076705
11350,0.13553056
11351,0.101685494
11352,0.16019708
11353,0.2345852
11354,0.02794347
11355,0.12377736
11356,0.27071905
11357,0.0204646
11358,0.064072736
11359,0.918878
11360,0.8452397
11361,0.4576848
11362,0.0049856603
11363,0.026411496
11364,0.055929076
11365,0.4581706
11366,0.08090417
11367,0.04922199
11368,0.066791445
11369,0.08118828
11370,0.07123119
11371,0.016112044
11372,0.404591
11373,0.019509085
11374,0.041209966
11375,0.15073618
11376,0.12656161
11377,0.06972712
11378,0.05611552
11379,0.23833102
11380,0.2276628
11381,0.025723018
11382,0.13115117
11383,0.0995709
11384,0.11008469
11385,0.9367332
11386,0.8611992
11387,0.5338922
11388,0.017951496
11389,0.067879364
11390,0.02966331
11391,0.3075971
11392,0.10340006
11393,0.2512565
11394,0.0470644
11395,0.07918861
11396,0.026468888
11397,0.08327763
11398,0.13450696
11399,0.15403506
11400,0.12918732
11401,0.47396505
11402,0.4809857
11403,0.26699278
11404,0.17113009
11405,0.10881237
11406,0.07963231
11407,0.13045594
11408,0.04802398
11409,0.040471528
11410,0.027153648
11411,0.12101141
11412,0.14170754
11413,0.06603664
11414,0.107497275
11415,0.024338976
11416,0.8893981
11417,0.9667816
11418,0.96721846
11419,0.10811338
11420,0.053832185
11421,0.2262755
11422,0.28823295
11423,0.025358044
11424,0.021247782
11425,0.024846897
11426,0.07380487
11427,0.13692881
11428,0.06780002
11429,0.39089867
11430,0.74626744
11431,0.09647904
11432,0.13610122
11433,0.12531352
11434,0.17739135
11435,0.069596305
11436,0.40792203
11437,0.11629467
11438,0.035335522
11439,0.105300695
11440,0.10373064
11441,0.10354995
11442,0.059088368
11443,0.027599074
11444,0.2776504
11445,0.41482005
11446,0.16981392
11447,0.08076988
11448,0.032922737
11449,0.117394365
11450,0.081738144
11451,0.27366802
11452,0.03010033
11453,0.03630541
11454,0.055314865
11455,0.022210494
11456,0.025521897
11457,0.05149147
11458,0.0497226
11459,0.3985019
11460,0.7818547
11461,0.41086864
11462,0.17903207
11463,0.12777019
11464,0.17663197
11465,0.16013083
11466,0.51208633
11467,0.07161765
11468,0.038706142
11469,0.043456238
11470,0.030673996
11471,0.13346854
11472,0.17436211
11473,0.091972835
11474,0.44703552
11475,0.38380587
11476,0.25996134
11477,1.0102899
11478,0.22401103
11479,0.014503799
11480,0.14842245
11481,0.1900698
11482,0.02088496
11483,0.06281883
11484,0.1611104
11485,0.075749494
11486,0.050291233
11487,0.050080217
11488,0.06389187
11489,0.15766776
11490,0.3988229
11491,0.39277947
11492,0.52040446
11493,0.4169626
11494,0.18371233
11495,0.23843819
11496,0.23925507
11497,0.014153279
11498,0.026756518
11499,0.17023678
11500,0.0794642
11501,0.47425586
11502,0.20115072
11503,0.058319468
11504,0.522875
11505,0.38190416
11506,0.0064748228
11507,0.08634421
11508,0.11426829
11509,0.091456875
11510,0.04936266
11511,0.021042064
11512,0.03356969
11513,0.07466171
11514,0.115852
11515,0.12658688
11516,0.2502908
11517,0.40608773
11518,0.77218264
11519,0.4255315
11520,0.38417813
11521,0.58654284
11522,0.11545951
11523,0.07195634
11524,0.07812105
11525,0.15140283
11526,0.18973747
11527,0.06027781
11528,0.028691806
11529,0.0510765
11530,0.14568475
11531,0.020858832
11532,0.00440263
11533,0.04592102
11534,0.12412404
11535,0.020864837
11536,0.043793757
11537,0.015748352
11538,0.03672389
11539,0.09259088
11540,0.07741678
11541,0.10738249
11542,0.237917
11543,0.276639
11544,0.37214744
11545,0.78380746
11546,0.64033484
11547,0.4082546
11548,0.12285265
11549,0.02015081
11550,0.05701056
11551,0.10337144
11552,0.015716016
11553,0.0090857595
11554,0.03180806
11555,0.7637694
11556,0.053742245
11557,0.02044741
11558,0.07277582
11559,0.043528367
11560,0.090234905
11561,0.050776627
11562,0.05631098
11563,0.021149166
11564,0.0218881
11565,0.03675298
11566,0.1296982
11567,0.13303298
11568,0.54586244
11569,0.36899748
11570,0.16694006
11571,0.9155006
11572,0.40533164
11573,0.45679975
11574,0.12767583
11575,0.043468542
11576,0.03658196
11577,0.029069379
11578,0.057181302
11579,0.05367718
11580,0.043744463
11581,0.057834607
11582,0.44498712
11583,0.23347351
11584,0.37341538
11585,0.029722817
11586,0.09713894
11587,0.11703638
11588,0.11824325
11589,0.24978864
11590,0.04783465
11591,0.033796974
11592,0.011628173
11593,0.05829004
11594,0.17476767
11595,0.70474976
11596,0.4105326
11597,0.44763052
11598,0.27145302
11599,0.3883978
11600,0.16227818
11601,0.078584455
11602,0.04596102
11603,0.020133615
11604,0.015898965
11605,0.05755174
11606,0.027140647
11607,0.119416386
11608,0.13495724
11609,0.061010703
11610,0.19980489
11611,0.034218445
11612,0.07689746
11613,0.26018256
11614,0.04347903
11615,0.015655898
11616,0.14978406
11617,0.24556527
11618,0.04779551
11619,0.2432405
11620,0.17446041
11621,0.07741704
11622,0.10632708
11623,0.1029094
11624,0.076876886
11625,0.050517697
11626,0.13117246
11627,0.12024531
11628,0.03727317
11629,0.010690749
11630,0.2515513
11631,0.015049711
11632,0.018613242
11633,0.10878158
11634,0.049250107
11635,0.15913963
11636,0.04587377
11637,0.06798834
11638,0.06961554
11639,0.17482494
11640,0.40058836
11641,0.44405833
11642,0.07935968
11643,0.01237835
11644,0.019646943
11645,0.036295254
11646,0.04961776
11647,0.019861996
11648,0.070160575
11649,0.12409989
11650,0.03726766
11651,0.015390642
11652,0.02696015
11653,0.021690793
11654,0.014311053
11655,0.030741848
11656,0.09347183
11657,0.119965434
11658,0.3846678
11659,0.015873142
11660,0.025118373
11661,0.08023668
11662,0.09169342
11663,0.12282595
11664,0.41439107
11665,0.07243278
11666,0.014219493
11667,0.11361878
11668,0.013249539
11669,0.03446914
11670,0.08303803
11671,0.13968578
11672,0.053717602
11673,0.007711537
11674,0.012768157
11675,0.02162242
11676,0.0099800825
11677,0.20802131
11678,0.018287517
11679,0.032401152
11680,0.14925149
11681,0.07735063
11682,0.050602503
11683,0.022503614
11684,0.033182703
11685,0.08064714
11686,0.39192873
11687,0.026310138
11688,0.021601185
11689,0.015115
11690,0.01723738
11691,0.03353823
11692,0.041619003
11693,0.065727785
11694,0.24471992
11695,0.07879943
11696,0.24276525
11697,0.09792398
11698,0.028153166
11699,0.019017786
11700,0.047190737
11701,0.045196906
11702,0.028464064
11703,0.37482548
11704,0.101499505
11705,0.027611345
11706,0.11877305
11707,0.06372407
11708,0.010943525
11709,0.014766216
11710,0.40059555
11711,0.6143694
11712,0.13286853
11713,0.04508113
11714,0.081043534
11715,0.058597464
11716,0.035865724
11717,0.10726503
11718,0.07943871
11719,0.10146919
11720,0.91131127
11721,0.07154486
11722,0.083522476
11723,0.087660685
11724,0.022182636
11725,0.040992275
11726,0.13364483
11727,0.45526436
11728,0.07208094
11729,0.13607125
11730,0.02889654
11731,0.025392748
11732,0.02668798
11733,0.11252807
11734,0.038545184
11735,0.030230843
11736,0.0076715425
11737,0.05540765
11738,0.043687146
11739,0.023928143
11740,0.023124002
11741,0.055707455
11742,0.10462065
11743,0.043336324
11744,0.01813797
11745,0.033610024
11746,0.06875388
11747,0.11225877
11748,0.018410772
11749,0.058475986
11750,0.58249766
11751,0.06516809
11752,0.09851243
11753,0.0069606826
11754,0.047041602
11755,0.04536713
11756,0.055396557
11757,0.06279251
11758,0.01951906
11759,0.022539243
11760,0.2904236
11761,0.030514278
11762,0.047122557
11763,0.10632851
11764,0.023971818
11765,0.21983775
11766,0.041603845
11767,0.026404142
11768,0.050477296
11769,0.3810815
11770,0.018224984
11771,0.019436054
11772,0.006233588
11773,0.02211485
11774,0.011604674
11775,0.054229666
11776,0.00912752
11777,0.035147183
11778,0.16036507
11779,0.075339615
11780,0.014965944
11781,0.01762236
11782,0.07082307
11783,0.1336027
11784,0.103759706
11785,0.080544844
11786,0.07632272
11787,0.02893743
11788,0.054105293
11789,0.21039057
11790,0.14944789
11791,0.109881416
11792,0.0071674213
11793,0.010908708
11794,0.03867351
11795,0.02131594
11796,0.013207272
11797,0.019850008
11798,0.0134983435
11799,0.008213893
11800,0.010787711
11801,0.01604952
11802,0.015962213
11803,0.007735297
11804,0.02292651
11805,0.05925896
11806,0.054303095
11807,0.13957086
11808,0.011455841
11809,0.12204823
11810,0.00974784
11811,0.1688934
11812,0.007945128
11813,0.020033047
11814,0.031089272
11815,0.016287453
11816,0.011083111
11817,0.020424202
11818,0.023389041
11819,0.0070637986
11820,0.018194266
11821,0.030423597
11822,0.014771603
11823,0.008657172
11824,0.055826176
11825,0.02708996
11826,0.04183783
11827,0.014733516
11828,0.05720124
11829,0.016679443
11830,0.018075451
11831,0.0087750405
11832,0.09961843
11833,0.026905417
11834,0.05519015
11835,0.0097408
11836,0.0033581257
11837,0.013973102
11838,0.031626917
11839,0.00840307
11840,0.016670346
11841,0.08217564
11842,0.015827395
11843,0.29199836
11844,0.0556906
11845,0.055800714
11846,0.06600696
11847,0.0065626428
11848,0.08290565
11849,0.027044311
11850,0.012390539
11851,0.0077018067
11852,0.07182183
11853,0.016126417
11854,0.07591349
11855,0.11191392
11856,0.018903837
11857,0.028331585
11858,0.021652132
11859,0.024753064
11860,0.011007234
11861,0.012143426
11862,0.011589907
11863,0.009474024
11864,0.036625013
11865,0.009293482
11866,0.019528784
11867,0.07866744
11868,0.03239992
11869,0.016255029
11870,0.24724486
11871,0.027069695
11872,0.015482374
11873,0.03147644
11874,0.006788373
11875,0.020502165
11876,0.056181576
11877,0.021205775
11878,0.013796113
11879,0.021736898
11880,0.009363726
11881,0.012481965
11882,0.025916755
11883,0.073124684
11884,0.23279622
11885,0.016978666
11886,0.09214032
11887,0.019762054
11888,0.03780593
11889,0.05145819
11890,0.029350005
11891,0.045065023
11892,0.057450023
11893,0.057765484
11894,0.040383518
11895,0.029011369
11896,0.102608934
11897,0.061892208
11898,0.045649532
11899,0.023927063
11900,0.03365929
11901,0.09811079
11902,0.05724176
11903,0.06682358
11904,0.1360899
11905,0.37567815
11906,-0.0037073046
11907,0.04058882
11908,0.3709247
11909,0.038960543
11910,0.29404628
11911,0.08018501
11912,0.24367651
11913,0.044502065
11914,0.017234586
11915,0.043085158
11916,0.10811402
11917,0.041505374
11918,0.6026395
11919,0.23634091
11920,0.034818333
11921,0.24480957
11922,0.040448915
11923,0.014929585
11924,0.051183
11925,0.032543447
11926,0.016168736
11927,0.017418273
11928,0.034623057
11929,0.12575516
11930,0.112032354
11931,0.4541214
11932,0.44337657
11933,0.050291263
11934,0.061334446
11935,0.026026964
11936,0.21887833
11937,0.27391002
11938,0.0053589344
11939,0.017881088
11940,0.0434093
11941,0.039066177
11942,0.04087324
11943,0.08152785
11944,0.4123532
11945,0.13609287
11946,0.28673998
11947,0.54234713
11948,0.11466521
11949,0.025371931
11950,0.5198443
11951,0.06465271
11952,0.47291496
11953,0.04330252
11954,0.05969375
11955,0.041013274
11956,0.044659704
11957,0.031521205
11958,0.09855507
11959,0.12648621
11960,0.04246062
11961,0.0542405
11962,0.40121862
11963,0.052194085
11964,0.032745637
11965,0.05746282
11966,0.060721613
11967,0.029258855
11968,0.04004129
11969,0.006962523
11970,0.05773667
11971,0.11045696
11972,0.07647053
11973,0.14403668
11974,0.045335166
11975,0.26807466
11976,0.04642514
11977,0.03183281
11978,0.040508896
11979,0.027837276
11980,0.01970733
11981,0.5181553
11982,0.11219023
11983,0.062188763
11984,0.3056009
11985,0.4753216
11986,0.0058390573
11987,0.08268668
11988,0.036089383
11989,0.015545383
11990,0.017834887
11991,0.021791548
11992,0.013644308
11993,0.0072213784
11994,0.046006564
11995,0.011183478
11996,0.011095621
11997,0.09543939
11998,0.0843198
11999,0.09760361
12000,0.16099307
12001,0.48220134
12002,0.018442683
12003,0.04411142
12004,0.05135643
12005,0.008991435
12006,0.009443171
12007,0.02873668
12008,0.028908424
12009,0.042091865
12010,0.2722462
12011,0.0230399
12012,0.04875256
12013,0.017746888
12014,0.06380278
12015,0.06950705
12016,0.13193175
12017,0.5304813
12018,0.0071881562
12019,0.026541084
12020,0.04406597
12021,0.020472087
12022,0.023422018
12023,0.047888838
12024,0.055738
12025,0.012245387
12026,0.02466274
12027,0.013531178
12028,0.12356658
12029,0.18229523
12030,0.097992145
12031,0.081647426
12032,0.07371686
12033,0.035161626
12034,0.039131347
12035,0.03521576
12036,0.047237754
12037,0.09349817
12038,0.074016765
12039,0.24700123
12040,0.020323053
12041,0.050390486
12042,0.037312843
12043,0.024139702
12044,0.023812927
12045,0.039431375
12046,0.02459494
12047,0.02658704
12048,0.07325155
12049,0.20572007
12050,0.25536153
12051,0.049214054
12052,0.04006616
12053,0.043582838
12054,0.09561322
12055,0.06426976
12056,0.016868599
12057,0.055825725
12058,0.015475623
12059,0.028174907
12060,0.17467731
12061,0.034000203
12062,0.033295747
12063,0.041008316
12064,0.0815425
12065,0.08417638
12066,0.23841867
12067,0.23372802
12068,0.23977074
12069,0.07457359
12070,0.051749133
12071,0.019078247
12072,0.054361437
12073,0.051139187
12074,0.09860269
12075,0.049873456
12076,0.6203185
12077,0.14071073
12078,0.019579776
12079,0.12670213
12080,0.05634519
12081,0.05026444
12082,0.021637462
12083,0.018669449
12084,0.063076794
12085,0.012283213
12086,0.02632209
12087,0.02667991
12088,0.088790394
12089,0.059166208
12090,0.09221101
12091,0.07556359
12092,0.1282151
12093,0.24795061
12094,0.39788246
12095,0.085235916
12096,0.028433532
12097,0.09069154
12098,0.021250956
12099,0.044680294
12100,0.026247747
12101,0.013196409
12102,0.06333846
12103,0.057058696
12104,0.12878639
12105,0.056669958
12106,0.120791845
12107,0.04320422
12108,0.06877893
12109,0.03915169
12110,0.13832468
12111,0.013526544
12112,0.035422686
12113,0.06577325
12114,0.03336415
12115,0.015659615
12116,0.012651607
12117,0.029196337
12118,0.04786041
12119,0.067811295
12120,0.10064172
12121,0.15384033
12122,0.1338084
12123,0.24040052
12124,0.23107845
12125,0.15216175
12126,0.019688383
12127,0.106918864
12128,0.013899408
12129,0.06359568
12130,0.044663504
12131,0.11178256
12132,0.035125524
12133,0.022416353
12134,0.053971473
12135,0.03892977
12136,0.01019033
12137,0.053385224
12138,0.088447556
12139,0.035338707
12140,0.059350714
12141,0.08645548
12142,0.020601481
12143,0.04940426
12144,0.072361544
12145,0.071518764
12146,0.17414097
12147,0.31784585
12148,0.13764998
12149,0.1391179
12150,0.06406606
12151,0.106161
12152,0.07580658
12153,0.104090266
12154,0.059499845
12155,0.018717162
12156,0.37743595
12157,0.07642148
12158,0.090425976
12159,0.05720766
12160,0.093531266
12161,0.016400106
12162,0.027837351
12163,0.024426237
12164,0.052744824
12165,0.3181594
12166,0.08226174
12167,0.055285353
12168,0.1360099
12169,0.5753819
12170,0.10688026
12171,0.020045727
12172,0.2357825
12173,0.074411646
12174,0.19269188
12175,0.267742
12176,0.07317607
12177,0.020557776
12178,0.045291748
12179,0.10263576
12180,0.15996101
12181,0.04161828
12182,0.16188878
12183,0.1002122
12184,0.07967186
12185,0.013471507
12186,0.024615116
12187,0.030338407
12188,0.071204446
12189,0.08234302
12190,0.02329515
12191,0.15156987
12192,0.1485237
12193,0.13906026
12194,0.10653171
12195,0.040642723
12196,0.12995273
12197,0.19309396
12198,0.25149128
12199,0.06488503
12200,0.058322884
12201,0.022307053
12202,0.067381784
12203,0.49342915
12204,0.051546317
12205,0.06921904
12206,0.3923851
12207,0.24880093
12208,0.016473651
12209,0.056328602
12210,0.0746021
12211,0.25189686
12212,0.25120226
12213,0.12689102
12214,0.11172648
12215,0.27994394
12216,0.25314462
12217,0.15319456
12218,0.19309776
12219,0.3778939
12220,0.10199904
12221,0.047991358
12222,0.09753265
12223,0.044022642
12224,0.27599132
12225,0.8673324
12226,0.0062608942
12227,0.05612667
12228,0.41079676
12229,0.017207548
12230,0.05038257
12231,0.25098726
12232,0.021445967
12233,0.060204547
12234,0.09253516
12235,0.022314034
12236,0.060574647
12237,0.010722369
12238,0.48785457
12239,0.057295896
12240,0.09962806
12241,0.26243752
12242,0.15539065
12243,0.25129727
12244,0.39554915
12245,0.27811158
12246,0.030096196
12247,0.25427705
12248,0.11646662
12249,0.23404679
12250,0.806036
12251,0.4225721
12252,0.301962
12253,0.026525013
12254,0.21750745
12255,0.031359687
12256,0.019855134
12257,0.011454113
12258,0.07256974
12259,0.011807106
12260,0.015065379
12261,0.038953066
12262,0.073587075
12263,0.12571245
12264,0.124851435
12265,0.13856623
12266,0.0979169
12267,0.24568796
12268,0.23757851
12269,0.026771024
12270,0.12344062
12271,0.19302702
12272,0.07085071
12273,0.9057068
12274,0.8598257
12275,0.46681684
12276,0.027250096
12277,0.015647903
12278,0.053829085
12279,0.45597726
12280,0.08189801
12281,0.050998524
12282,0.014142089
12283,0.065026365
12284,0.08301319
12285,0.07652722
12286,0.018473871
12287,0.4331638
12288,0.020408884
12289,0.046751056
12290,0.14501089
12291,0.13049568
12292,0.070841126
12293,0.053313233
12294,0.23891625
12295,0.22584331
12296,0.02247537
12297,0.22733173
12298,0.09419499
12299,0.1121669
12300,0.91829056
12301,0.8519974
12302,0.5346127
12303,0.0714304
12304,0.032868076
12305,0.008504555
12306,0.44701922
12307,0.111707926
12308,0.3905484
12309,0.04704239
12310,0.069015674
12311,0.025672533
12312,0.077519044
12313,0.14098552
12314,0.1649183
12315,0.109617785
12316,0.49120712
12317,0.45787144
12318,0.26700786
12319,0.26536834
12320,0.10680337
12321,0.0771397
12322,0.13198335
12323,0.04663058
12324,0.033556677
12325,0.026628502
12326,0.122115046
12327,0.12097511
12328,0.060964294
12329,0.11834939
12330,0.028102778
12331,0.8577199
12332,1.0117055
12333,0.9362102
12334,0.107294835
12335,0.051115856
12336,0.3836965
12337,0.016558796
12338,0.28953364
12339,0.022702426
12340,0.0071603283
12341,0.022808686
12342,0.06893329
12343,0.1296242
12344,0.0723854
12345,0.41073236
12346,0.74488896
12347,0.09072597
12348,0.1349996
12349,0.1324748
12350,0.18824816
12351,0.07820238
12352,0.39337698
12353,0.114230186
12354,0.039435353
12355,0.094592035
12356,0.10354577
12357,0.108266875
12358,0.050451394
12359,0.02584979
12360,0.42669868
12361,0.29543772
12362,0.25737646
12363,0.07186078
12364,0.12547718
12365,0.078904375
12366,0.28028402
12367,0.024109773
12368,0.045353934
12369,0.05914386
12370,0.027479
12371,0.056465585
12372,0.05465593
12373,0.4048675
12374,0.7607359
12375,0.42262957
12376,0.28802633
12377,0.12489322
12378,0.24895936
12379,0.24864346
12380,0.4956506
12381,0.07382101
12382,0.035091404
12383,0.04417165
12384,0.032029532
12385,0.13655317
12386,0.1807354
12387,0.22579175
12388,0.30982506
12389,0.26636618
12390,0.25317574
12391,0.9951584
12392,0.21543816
12393,0.018563569
12394,0.23575163
12395,0.23964587
12396,0.0593129
12397,0.162592
12398,0.07742965
12399,0.04740412
12400,0.051146396
12401,0.060729295
12402,0.24243987
12403,0.39935023
12404,0.27086115
12405,0.5148794
12406,0.30117887
12407,0.17244348
12408,0.15002257
12409,0.37412477
12410,0.011198722
12411,0.17199767
12412,0.07817673
12413,0.055358645
12414,0.4860942
12415,0.24904707
12416,0.05793964
12417,0.5032291
12418,0.38485068
12419,0.08647702
12420,0.1345756
12421,0.09034474
12422,0.051088817
12423,0.0094506
12424,0.019116476
12425,0.035616223
12426,0.07616225
12427,0.12206699
12428,0.11712936
12429,0.15178911
12430,0.39879328
12431,0.7862982
12432,0.4328859
12433,0.3878447
12434,0.61063045
12435,0.11259637
12436,0.07411516
12437,0.07974194
12438,0.1475238
12439,0.19204217
12440,0.06340812
12441,0.029062726
12442,0.056900673
12443,0.15067203
12444,0.0034722537
12445,0.04316364
12446,0.11663089
12447,0.020728983
12448,0.040177602
12449,0.020278104
12450,0.021936052
12451,0.008673042
12452,0.014874607
12453,0.03509348
12454,0.10327588
12455,0.077227645
12456,0.097853474
12457,0.24358392
12458,0.27471298
12459,0.3649748
12460,0.7278756
12461,0.63165873
12462,0.39934257
12463,0.11897045
12464,0.044252466
12465,0.020531796
12466,0.058878437
12467,0.1094995
12468,0.019988678
12469,0.03174972
12470,0.74791825
12471,0.052915234
12472,0.06961564
12473,0.04001382
12474,0.10562521
12475,0.056085482
12476,0.057832614
12477,0.017179936
12478,0.04409879
12479,0.019654408
12480,0.020068578
12481,0.036531422
12482,0.12931332
12483,0.13589038
12484,0.5499087
12485,0.365835
12486,0.16357219
12487,0.9464329
12488,0.40045372
12489,0.44144875
12490,0.119421706
12491,0.0056990534
12492,0.04505722
12493,0.031558756
12494,0.033853717
12495,0.058638785
12496,0.049444586
12497,0.038353674
12498,0.060261313
12499,0.4559686
12500,0.22802362
12501,0.37125474
12502,0.034004763
12503,0.09394519
12504,0.1242405
12505,0.1281762
12506,0.16763242
12507,0.051875133
12508,0.029283494
12509,0.012843408
12510,0.057807837
12511,0.16981319
12512,0.7140187
12513,0.19468498
12514,0.41390812
12515,0.40035808
12516,0.40340504
12517,0.24271461
12518,0.07933596
12519,0.041458454
12520,0.021398298
12521,0.01307787
12522,0.060363453
12523,0.023220837
12524,0.13895573
12525,0.11810542
12526,0.0769195
12527,0.38656124
12528,0.036056537
12529,0.07246575
12530,0.37321758
12531,0.040522244
12532,0.01673492
12533,0.015234508
12534,0.0140410215
12535,0.13971847
12536,0.1735632
12537,0.047421813
12538,0.24519908
12539,0.25945598
12540,0.07767371
12541,0.09926596
12542,0.032287646
12543,0.101983085
12544,0.08484327
12545,0.047987994
12546,0.1314187
12547,0.11752576
12548,0.035843942
12549,0.03320521
12550,0.008827329
12551,0.2553216
12552,0.01461304
12553,0.10365567
12554,0.040533952
12555,0.043655694
12556,0.15777455
12557,0.03951146
12558,0.06753252
12559,0.011050418
12560,0.07253423
12561,0.24611503
12562,0.3815343
12563,0.4460916
12564,0.07777916
12565,0.02153404
12566,0.0315644
12567,0.042841915
12568,0.070472896
12569,0.11798078
12570,0.042021744
12571,0.014878809
12572,0.026869088
12573,0.023450926
12574,0.014346309
12575,0.10361103
12576,0.12697098
12577,0.39735255
12578,0.019641124
12579,0.02364418
12580,0.073626816
12581,0.08603012
12582,0.12366926
12583,0.4101457
12584,0.06623853
12585,0.013813697
12586,0.112578474
12587,0.036345407
12588,0.016054332
12589,0.07989295
12590,0.13615131
12591,0.05190892
12592,0.012464687
12593,0.011758216
12594,0.01995013
12595,0.00992021
12596,0.1994065
12597,0.01775875
12598,0.030762248
12599,0.14700097
12600,0.0806903
12601,0.05784282
12602,0.023268588
12603,0.034222126
12604,0.08183199
12605,0.37927237
12606,0.03125878
12607,0.021601185
12608,0.016280048
12609,0.031306673
12610,0.03889182
12611,0.06629343
12612,0.16931587
12613,0.07016279
12614,0.2413482
12615,0.08951085
12616,0.02912461
12617,0.020325318
12618,0.04696384
12619,0.04724903
12620,0.03096331
12621,0.25533962
12622,0.016587809
12623,0.109161854
12624,0.025212348
12625,0.12988824
12626,0.06336419
12627,0.012924932
12628,0.01431337
12629,0.4089263
12630,0.64644057
12631,0.13321814
12632,0.055603173
12633,0.08161674
12634,0.054881357
12635,0.02952905
12636,0.22814408
12637,0.08074835
12638,0.093084924
12639,0.8995456
12640,0.023079999
12641,0.0803711
12642,0.01457534
12643,0.08120653
12644,0.081200436
12645,0.022684418
12646,0.14480579
12647,0.44831282
12648,0.07089411
12649,0.13830797
12650,0.025929987
12651,0.02638191
12652,0.0146492645
12653,0.027831666
12654,0.10833736
12655,0.03464952
12656,0.0072685555
12657,0.028326236
12658,0.007116899
12659,0.059803575
12660,0.041163582
12661,0.020132847
12662,0.05600463
12663,0.019906513
12664,0.11723543
12665,0.045162704
12666,0.018005803
12667,0.03894266
12668,0.08001051
12669,0.11229025
12670,0.018670514
12671,0.05740033
12672,0.58227795
12673,0.07201809
12674,0.107446074
12675,0.053317185
12676,0.041384008
12677,0.055855162
12678,0.0671861
12679,0.020173073
12680,0.023336329
12681,0.281774
12682,0.028872639
12683,0.006820455
12684,0.005971417
12685,0.020413756
12686,0.054469615
12687,0.09914047
12688,0.011784613
12689,0.11569542
12690,0.043627903
12691,0.02561377
12692,0.049704228
12693,0.3789244
12694,0.01960332
12695,0.020040043
12696,0.0201791
12697,0.051387742
12698,0.036381602
12699,0.12542963
12700,0.07794868
12701,0.015948407
12702,0.020075276
12703,0.0181017
12704,0.06159738
12705,0.2112898
12706,0.10341308
12707,0.075650945
12708,0.081119895
12709,0.024541281
12710,0.052862983
12711,0.018244393
12712,0.21148655
12713,0.25555345
12714,0.1037749
12715,0.0058153644
12716,0.009192854
12717,0.012282886
12718,0.040189628
12719,0.014913686
12720,0.014342323
12721,0.02030839
12722,0.011889078
12723,0.018160425
12724,0.009977289
12725,0.017443359
12726,0.013903998
12727,0.01038751
12728,0.022774957
12729,0.055032503
12730,0.055967353
12731,0.13677335
12732,0.0049233213
12733,0.012697801
12734,0.010628074
12735,0.14845228
12736,0.16064072
12737,0.009030044
12738,0.02430942
12739,0.00850676
12740,0.027569637
12741,0.013461046
12742,0.01265914
12743,0.023140162
12744,0.019160442
12745,0.010201812
12746,0.01877246
12747,0.027045049
12748,0.0032401755
12749,0.009529501
12750,0.009733103
12751,0.056907788
12752,0.026015036
12753,0.04068908
12754,0.051761653
12755,0.015865266
12756,0.017183714
12757,0.010222688
12758,0.103654735
12759,0.026065469
12760,0.051376738
12761,0.010476634
12762,0.006925091
12763,0.013620846
12764,0.036303945
12765,0.011219718
12766,0.016084887
12767,0.08374454
12768,0.016907707
12769,0.012199789
12770,0.1491974
12771,0.05172357
12772,0.056648873
12773,0.07054144
12774,0.08774594
12775,0.023938566
12776,0.012211695
12777,0.004428774
12778,0.06341226
12779,0.01513961
12780,0.077290826
12781,0.008777127
12782,0.11324351
12783,0.01793456
12784,0.02253174
12785,0.037896287
12786,0.034089617
12787,0.025281467
12788,0.025196902
12789,0.012068853
12790,0.01194156
12791,0.034505267
12792,0.010000065
12793,0.020018809
12794,0.07032933
12795,0.03187425
12796,0.1470409
12797,0.021530077
12798,0.025867276
12799,0.005749196
12800,0.011671461
12801,0.020388588
12802,0.059645128
12803,0.02196344
12804,0.0155297
12805,0.023900606
12806,0.020906009
12807,0.035310935
12808,0.009974949
12809,0.03422146
12810,0.071563914
12811,0.11529793
12812,0.01833094
12813,0.08501955
12814,0.037418086
12815,0.054039862
12816,0.037315324
12817,0.053423207
12818,0.022122987
12819,0.045332845
12820,0.057031978
12821,0.033167213
12822,0.019603848
12823,0.12018915
12824,0.066187
12825,0.036183737
12826,0.08003518
12827,0.048548874
12828,0.04591244
12829,0.055814695
12830,0.3745193
12831,0.36089864
12832,0.04321488
12833,0.013235331
12834,0.26571974
12835,0.049018323
12836,0.37781474
12837,0.086983696
12838,0.1211929
12839,0.04164309
12840,0.038413398
12841,0.112893224
12842,0.06454011
12843,0.5609402
12844,0.14274773
12845,0.040899806
12846,0.24608201
12847,0.033352304
12848,0.031639397
12849,0.051806115
12850,0.032873444
12851,0.01633168
12852,0.016575165
12853,0.04400719
12854,0.1378156
12855,0.1080727
12856,0.48978546
12857,0.44128847
12858,0.041348554
12859,0.025632896
12860,0.21749458
12861,0.14396596
12862,0.017807268
12863,0.047502417
12864,0.039430648
12865,0.044063456
12866,0.10004973
12867,0.42617503
12868,0.1303314
12869,0.27421778
12870,0.51634157
12871,0.10660082
12872,0.5136767
12873,0.020333141
12874,0.056088336
12875,0.29851288
12876,0.04750799
12877,0.05258986
12878,0.039437797
12879,0.037642784
12880,0.034127124
12881,0.08157898
12882,0.11933638
12883,0.07086639
12884,0.0356053
12885,0.045029223
12886,0.055066563
12887,0.28843617
12888,0.04759354
12889,0.033942953
12890,0.06075747
12891,0.04681634
12892,0.056395866
12893,0.04040769
12894,0.06728226
12895,0.124165885
12896,0.03444325
12897,0.07678878
12898,0.14280517
12899,0.04140739
12900,0.18940213
12901,0.05014695
12902,0.0410956
12903,0.02713453
12904,0.017015554
12905,0.018811606
12906,0.51627934
12907,0.10245784
12908,0.0600517
12909,0.47876376
12910,0.47321126
12911,0.08044609
12912,0.038842086
12913,0.017484702
12914,0.020586818
12915,0.012196772
12916,0.005277075
12917,0.039861213
12918,0.030123428
12919,0.011493936
12920,0.0812145
12921,0.09113534
12922,0.10043433
12923,0.2521789
12924,0.47946638
12925,0.05017876
12926,0.0489182
12927,0.011127278
12928,0.010063581
12929,0.029045567
12930,0.04341425
12931,0.26692566
12932,0.022996552
12933,0.05162199
12934,0.0149113685
12935,0.018581495
12936,0.055426486
12937,0.116001785
12938,0.49710292
12939,0.030937992
12940,0.04673883
12941,0.020440228
12942,0.02248048
12943,0.04623967
12944,0.06937636
12945,0.011913642
12946,0.028560504
12947,0.015763812
12948,0.117449515
12949,0.17954919
12950,0.09828231
12951,0.08212583
12952,0.059674565
12953,0.035794143
12954,0.032349505
12955,0.036602262
12956,0.04550968
12957,0.08643523
12958,0.0754131
12959,0.24840856
12960,0.017816775
12961,0.054165583
12962,0.034027852
12963,0.025127828
12964,0.017523699
12965,0.028065652
12966,0.043099355
12967,0.027222067
12968,0.08920033
12969,0.21217327
12970,0.25134587
12971,0.04613907
12972,0.04119928
12973,0.039218977
12974,0.09386221
12975,0.07005032
12976,0.015859686
12977,0.053614233
12978,0.033759173
12979,0.16393495
12980,0.028715096
12981,0.02940996
12982,0.037119403
12983,0.0088042095
12984,0.07850145
12985,0.08583377
12986,0.24268302
12987,0.23838627
12988,0.24009445
12989,0.07570005
12990,0.05208383
12991,0.020811342
12992,0.0626015
12993,0.04879495
12994,0.014100574
12995,0.08619615
12996,0.046623435
12997,0.6180256
12998,0.1441088
12999,0.13193882
13000,0.054967992
13001,0.05585647
13002,0.018158436
13003,0.01916609
13004,0.063989714
13005,0.027152121
13006,0.023544632
13007,0.026494734
13008,0.10016576
13009,0.05563138
13010,0.09436359
13011,0.07861809
13012,0.12369618
13013,0.24157792
13014,0.38318035
13015,0.09098189
13016,0.027901836
13017,0.08626869
13018,0.020634353
13019,0.047404896
13020,0.026625037
13021,0.012133487
13022,0.07099276
13023,0.053385098
13024,0.13592759
13025,0.06395708
13026,0.1277781
13027,0.041960314
13028,0.07014509
13029,0.03389822
13030,0.021720424
13031,0.018412858
13032,0.13429733
13033,0.011353828
13034,0.03414022
13035,0.062014442
13036,0.030954875
13037,0.011698425
13038,0.012166008
13039,0.030120283
13040,0.045682218
13041,0.07057439
13042,0.09889481
13043,0.1550499
13044,0.13967374
13045,0.23449436
13046,0.22470951
13047,0.15663269
13048,0.01666937
13049,0.1020584
13050,0.06126824
13051,0.008802004
13052,0.04568612
13053,0.10909968
13054,0.03626011
13055,0.022253133
13056,0.050803624
13057,0.041333146
13058,0.013617754
13059,0.056066953
13060,0.09057756
13061,0.03832287
13062,0.021890454
13063,0.031507287
13064,0.08843728
13065,0.021403886
13066,0.049612917
13067,0.082334496
13068,0.07707656
13069,0.25708178
13070,0.32765785
13071,0.14008713
13072,0.13325119
13073,0.07157131
13074,0.10777477
13075,0.08131933
13076,0.10347655
13077,0.05658172
13078,0.010256544
13079,0.01946833
13080,0.39283627
13081,0.07108924
13082,0.09270345
13083,0.05720766
13084,0.09459362
13085,0.017392553
13086,0.02845309
13087,0.018656984
13088,0.026050918
13089,0.05464825
13090,0.19155353
13091,0.07666241
13092,0.060420558
13093,0.14280528
13094,0.5994357
13095,0.11292692
13096,0.018410861
13097,0.23846823
13098,0.07499023
13099,0.25007918
13100,0.19530289
13101,0.078341454
13102,0.021665
13103,0.050478086
13104,0.0973964
13105,0.16080159
13106,0.045361623
13107,0.16425392
13108,0.09525238
13109,0.0771655
13110,0.02390287
13111,0.02957999
13112,0.07398732
13113,0.08029693
13114,0.020894714
13115,0.15394083
13116,0.1506412
13117,0.1487341
13118,0.108035184
13119,0.038862873
13120,0.12985268
13121,0.18939614
13122,0.26399487
13123,0.057911936
13124,0.01166714
13125,0.054215424
13126,0.021072753
13127,0.06377375
13128,0.47917533
13129,0.054131504
13130,0.058609396
13131,0.3751452
13132,0.16113804
13133,0.015736274
13134,0.052752916
13135,0.07708251
13136,0.24908319
13137,0.23596057
13138,0.122308895
13139,0.10871199
13140,0.14636369
13141,0.16488233
13142,0.16685
13143,0.18126161
13144,0.37463504
13145,0.09805883
13146,0.016588539
13147,0.049199548
13148,0.084681995
13149,0.04645044
13150,0.26411203
13151,0.86902994
13152,0.0044709146
13153,0.053929772
13154,0.38621143
13155,0.016453601
13156,0.048999563
13157,0.25070608
13158,0.02025804
13159,0.059646465
13160,0.09566231
13161,0.023345374
13162,0.064880654
13163,0.009844236
13164,0.48790395
13165,0.053604163
13166,0.10018306
13167,0.28040808
13168,0.16085482
13169,0.24779707
13170,0.3963473
13171,0.40453476
13172,0.2344985
13173,0.11607003
13174,0.13368183
13175,0.7932467
13176,0.42986956
13177,0.45833713
13178,0.02530095
13179,0.22055379
13180,0.06938189
13181,0.020183139
13182,0.07266666
13183,0.012969255
13184,0.015319608
13185,0.033794966
13186,0.07324876
13187,0.12295836
13188,0.12033375
13189,0.13515756
13190,0.0894218
13191,0.2483305
13192,0.12553538
13193,0.031674933
13194,0.120958254
13195,0.2727143
13196,0.06301491
13197,0.9037836
13198,0.82155323
13199,0.52480537
13200,0.0059188455
13201,0.02975209
13202,0.01584261
13203,0.04819121
13204,0.43850973
13205,0.08086415
13206,0.051046062
13207,0.0128536895
13208,0.06821628
13209,0.082531266
13210,0.07079456
13211,0.017860115
13212,0.40836352
13213,0.021456093
13214,0.040042743
13215,0.14333957
13216,0.12851152
13217,0.0710695
13218,0.054752734
13219,0.22937956
13220,0.37118974
13221,0.028294772
13222,0.22595456
13223,0.09696398
13224,0.115281194
13225,0.9235237
13226,0.857331
13227,0.545056
13228,0.018845141
13229,0.067735665
13230,0.031115063
13231,0.011362277
13232,0.44344035
13233,0.102811396
13234,0.24577764
13235,0.044594306
13236,0.0756729
13237,0.026829094
13238,0.07724359
13239,0.13276109
13240,0.16361775
13241,0.118754074
13242,0.521848
13243,0.28189102
13244,0.2674268
13245,0.17125043
13246,0.10988766
13247,0.077028066
13248,0.122917205
13249,0.04015095
13250,0.033749614
13251,0.025618695
13252,0.11239639
13253,0.12862647
13254,0.053796142
13255,0.11103403
13256,0.028301992
13257,0.87590426
13258,1.0013171
13259,0.92583907
13260,0.09979675
13261,0.050706364
13262,0.23848787
13263,0.2895928
13264,0.027106598
13265,0.023587845
13266,0.023744978
13267,0.070112385
13268,0.13870835
13269,0.068985954
13270,0.40409607
13271,0.76102203
13272,0.09069317
13273,0.12667684
13274,0.12732425
13275,0.17831202
13276,0.07248322
13277,0.3872232
13278,0.122915596
13279,0.041968506
13280,0.09839697
13281,0.100375965
13282,0.105015025
13283,0.05170602
13284,0.0258255
13285,0.3895519
13286,0.39077345
13287,0.18549073
13288,0.07035915
13289,0.13245128
13290,0.075065985
13291,0.27438435
13292,0.02884785
13293,0.04736476
13294,0.056939453
13295,0.022930853
13296,0.024993315
13297,0.056391302
13298,0.054517757
13299,0.25639144
13300,0.78380305
13301,0.26805544
13302,0.28564832
13303,0.13608748
13304,0.18053792
13305,0.17104
13306,0.53292245
13307,0.06771047
13308,0.037598502
13309,0.044072222
13310,0.032785386
13311,0.12942491
13312,0.17128259
13313,0.22688282
13314,0.30420065
13315,0.25630662
13316,0.25468853
13317,1.0003897
13318,0.2107021
13319,0.018413551
13320,0.24188
13321,0.2451474
13322,0.016473815
13323,0.05962981
13324,0.16742754
13325,0.08194383
13326,0.046500806
13327,0.048531316
13328,0.057771236
13329,0.24460956
13330,0.41340503
13331,0.28268966
13332,0.5383333
13333,0.3048424
13334,0.1654605
13335,0.24132383
13336,0.2410005
13337,0.01679299
13338,0.025978379
13339,0.16761875
13340,0.21957523
13341,0.0511668
13342,0.4724669
13343,0.24579674
13344,0.054544035
13345,0.52221364
13346,0.37714222
13347,0.082239546
13348,0.12379472
13349,0.08897044
13350,0.05187225
13351,0.012492448
13352,0.011928566
13353,0.019767262
13354,0.034689173
13355,0.07548806
13356,0.1236963
13357,0.12542488
13358,0.16163555
13359,0.40844294
13360,0.7887711
13361,0.4185303
13362,0.392445
13363,0.5909875
13364,0.111142516
13365,0.07763512
13366,0.074056625
13367,0.14518
13368,0.18756467
13369,0.059100438
13370,0.026761211
13371,0.060414977
13372,0.14397278
13373,0.003131874
13374,0.042581473
13375,0.121751845
13376,0.01955486
13377,0.039806433
13378,0.019829988
13379,0.022583224
13380,0.010093182
13381,0.015103042
13382,0.034891184
13383,0.100552134
13384,0.0760347
13385,0.10138838
13386,0.23613474
13387,0.2783147
13388,0.36778036
13389,0.72706854
13390,0.65589786
13391,0.41216958
13392,0.113322966
13393,0.045394152
13394,0.020029567
13395,0.052747242
13396,0.113441974
13397,0.015326224
13398,0.03445243
13399,0.7649894
13400,0.05405068
13401,0.018869378
13402,0.06836369
13403,0.0427796
13404,0.21474963
13405,0.054365903
13406,0.056414776
13407,0.0441818
13408,0.019432567
13409,0.02245178
13410,0.034066357
13411,0.12602471
13412,0.1367485
13413,0.5628097
13414,0.38302463
13415,0.1780811
13416,0.3971936
13417,0.40571377
13418,0.45107943
13419,0.24762267
13420,0.04448746
13421,0.03496986
13422,0.032821495
13423,0.054576505
13424,0.05162718
13425,0.039451703
13426,0.058996454
13427,0.47086716
13428,0.230252
13429,0.3620685
13430,0.027074188
13431,0.09333566
13432,0.11343007
13433,0.12610143
13434,0.18849212
13435,0.047949363
13436,0.033164207
13437,0.013230972
13438,0.058938235
13439,0.16399801
13440,0.7285733
13441,0.40919596
13442,0.450171
13443,0.3987176
13444,0.27500913
13445,0.24015743
13446,0.08352624
13447,0.039446034
13448,0.010718569
13449,0.05847848
13450,0.026732877
13451,0.12586175
13452,0.13226601
13453,0.0748402
13454,0.27656725
13455,0.03303392
13456,0.0742294
13457,0.010930896
13458,0.2678043
13459,0.04207237
13460,0.012906186
13461,0.14035743
13462,0.2551617
13463,0.04809794
13464,0.008004606
13465,0.13685349
13466,0.18615046
13467,0.08147135
13468,0.10139195
13469,0.027761064
13470,0.09691147
13471,0.08181337
13472,0.055917926
13473,0.12609826
13474,0.10629628
13475,0.039665256
13476,0.010862634
13477,0.40835834
13478,0.015302673
13479,0.014817186
13480,0.10333829
13481,0.03975969
13482,0.04249623
13483,0.15094608
13484,0.04033009
13485,0.06960291
13486,0.014289074
13487,0.07064722
13488,0.17096439
13489,0.38695326
13490,0.4460916
13491,0.0786004
13492,0.011230931
13493,0.02199082
13494,0.03564405
13495,0.057221465
13496,0.075873196
13497,0.11442857
13498,0.013216123
13499,0.040326804
13500,0.015119627
13501,0.027774982
13502,0.021653242
13503,0.014583878
13504,0.09893443
13505,0.118518606
13506,0.41026437
13507,0.017582074
13508,0.024112381
13509,0.07738886
13510,0.09180201
13511,0.12541306
13512,0.4068653
13513,0.05245289
13514,0.014511548
13515,0.120773695
13516,0.030316345
13517,0.080659576
13518,0.13923371
13519,0.055066258
13520,0.010030396
13521,0.018000633
13522,0.009878993
13523,0.19600955
13524,0.038999468
13525,0.018704869
13526,0.032862227
13527,0.15024838
13528,0.0776481
13529,0.057117853
13530,0.02311398
13531,0.035375137
13532,0.08255941
13533,0.41558674
13534,0.030136846
13535,0.015782267
13536,0.03695908
13537,0.047258336
13538,0.070450224
13539,0.15840653
13540,0.07580584
13541,0.18766801
13542,0.10470998
13543,0.030059338
13544,0.021101452
13545,0.043023005
13546,0.04657024
13547,0.027722284
13548,0.2631786
13549,0.12310071
13550,0.025672786
13551,0.13246861
13552,0.06183346
13553,0.011684991
13554,0.015226178
13555,0.40507916
13556,0.6379507
13557,0.12163478
13558,0.05109166
13559,0.013938963
13560,0.08506134
13561,0.057278
13562,0.035081007
13563,0.23147514
13564,0.06715918
13565,0.10632519
13566,0.94235045
13567,0.020925805
13568,0.07024433
13569,0.017421037
13570,0.08158694
13571,0.089656524
13572,0.021476805
13573,0.033028204
13574,0.14259216
13575,0.43952402
13576,0.07178533
13577,0.21760267
13578,0.027427822
13579,0.01702933
13580,0.028508544
13581,0.026436225
13582,0.1087506
13583,0.037766326
13584,0.027639516
13585,0.057001166
13586,0.04719567
13587,0.024872094
13588,0.021983482
13589,0.05877591
13590,0.018309422
13591,0.11122327
13592,0.038154837
13593,0.017027475
13594,0.03251163
13595,0.08447957
13596,0.10906732
13597,0.01918117
13598,0.05659135
13599,0.59080315
13600,0.07405616
13601,0.2301561
13602,0.041230366
13603,0.059071753
13604,0.0659027
13605,0.43502137
13606,0.029239431
13607,0.011668257
13608,0.0061982945
13609,0.021065883
13610,0.05299128
13611,0.099097215
13612,0.023044318
13613,0.11123106
13614,0.04635348
13615,0.027180515
13616,0.051066272
13617,0.37900206
13618,0.019624025
13619,0.019131795
13620,0.0090072155
13621,0.020002492
13622,0.053986695
13623,0.038470354
13624,0.119997874
13625,0.08200638
13626,0.015312508
13627,0.020523563
13628,0.01718466
13629,0.05983623
13630,0.13291569
13631,0.09716043
13632,0.090642445
13633,0.07087145
13634,0.026659817
13635,0.05336369
13636,0.015731826
13637,0.19882822
13638,0.22727132
13639,0.10558599
13640,0.040674422
13641,0.015903883
13642,0.018268354
13643,0.02430997
13644,0.011920795
13645,0.018986054
13646,0.00832966
13647,0.014802262
13648,0.01611773
13649,0.022673286
13650,0.05648825
13651,0.05383224
13652,0.13171974
13653,0.014476359
13654,0.2205525
13655,0.009037606
13656,0.27932343
13657,0.0074588284
13658,0.025355183
13659,0.02903144
13660,0.012725942
13661,0.01196301
13662,0.023008466
13663,0.025054932
13664,0.019656122
13665,0.037571423
13666,0.017902263
13667,0.009739228
13668,0.062323164
13669,0.025446385
13670,0.037801642
13671,0.055166144
13672,0.016766496
13673,0.018814951
13674,0.008689538
13675,0.09148533
13676,0.02744823
13677,0.05317597
13678,0.008115664
13679,0.004830137
13680,0.012937918
13681,-0.010760337
13682,0.03270833
13683,0.017285258
13684,0.07588777
13685,0.0146072805
13686,0.15549895
13687,0.055309623
13688,0.064174235
13689,0.05815565
13690,0.014379129
13691,0.090726614
13692,0.027147211
13693,0.014593229
13694,0.06340653
13695,0.016266033
13696,0.0768705
13697,0.11589667
13698,0.018228613
13699,0.040068805
13700,0.028910957
13701,0.023204073
13702,0.012414485
13703,0.011047646
13704,0.0096145645
13705,0.0117088035
13706,0.03544566
13707,0.010708876
13708,0.03218636
13709,0.076360226
13710,0.03051731
13711,0.1782057
13712,0.010050043
13713,0.021757476
13714,0.027673282
13715,0.032838486
13716,0.0042431056
13717,0.022787437
13718,0.0580693
13719,0.021658838
13720,0.018196702
13721,0.02468609
13722,0.017356008
13723,0.037325665
13724,0.009805329
13725,0.019897059
13726,0.03093066
13727,0.07663378
13728,0.12293352
13729,0.017008595
13730,0.077740975
13731,0.021421604
13732,0.037847813
13733,0.052383725
13734,0.03381558
13735,0.052567612
13736,0.041691188
13737,0.06302206
13738,0.032473378
13739,0.033405434
13740,0.032251865
13741,0.093195684
13742,0.046692565
13743,0.03391895
13744,0.02984137
13745,0.045649398
13746,0.09497698
13747,0.06139103
13748,0.06297858
13749,0.053447846
13750,0.14291656
13751,0.38436356
13752,0.019931301
13753,0.01080104
13754,0.266084
13755,0.039810937
13756,0.16713656
13757,0.07636485
13758,0.12170881
13759,0.015900321
13760,0.012516521
13761,0.10309311
13762,0.05162214
13763,0.57346237
13764,0.1246347
13765,0.046378963
13766,0.24420238
13767,0.028868824
13768,0.031418197
13769,0.013193801
13770,0.04879325
13771,0.03185973
13772,0.016532049
13773,0.015422054
13774,0.030747019
13775,0.102865614
13776,0.09605153
13777,0.47835526
13778,0.46495625
13779,0.035024047
13780,0.10295116
13781,0.262018
13782,0.01770942
13783,0.050165445
13784,0.034877934
13785,0.051391523
13786,0.10305379
13787,0.38110775
13788,0.14468835
13789,0.42901295
13790,0.47425407
13791,0.021063894
13792,0.48654774
13793,0.056883305
13794,0.27315426
13795,0.044377502
13796,0.049636334
13797,0.04157177
13798,0.046068367
13799,0.028070368
13800,0.100001015
13801,0.121668786
13802,0.10403119
13803,0.039716143
13804,0.05958815
13805,0.304612
13806,0.04898095
13807,0.029290639
13808,0.05464669
13809,0.05593064
13810,0.0619513
13811,0.031335954
13812,0.039966337
13813,0.059206925
13814,0.112545304
13815,0.0337628
13816,0.07017792
13817,0.15253347
13818,0.27783608
13819,0.041927937
13820,0.042502105
13821,0.02462323
13822,0.4789012
13823,0.108726785
13824,0.057890397
13825,0.28396848
13826,0.2772289
13827,0.07777071
13828,0.040122483
13829,0.016005717
13830,0.024479568
13831,0.009288728
13832,0.043876175
13833,0.010972336
13834,0.064566985
13835,0.092785954
13836,0.084769435
13837,0.11210131
13838,0.15064439
13839,0.42614305
13840,0.022528827
13841,0.04113315
13842,0.057858825
13843,0.00993906
13844,0.007899985
13845,0.031160466
13846,0.029147334
13847,0.041763097
13848,0.37599593
13849,0.019353263
13850,0.04637316
13851,0.070824906
13852,0.12295865
13853,0.5106977
13854,0.0073937774
13855,0.040802937
13856,0.045907624
13857,0.022639342
13858,0.04847665
13859,0.057657603
13860,0.011257857
13861,0.01922369
13862,0.026796274
13863,0.115144394
13864,0.17165522
13865,0.08427155
13866,0.067368336
13867,0.05813963
13868,0.009578571
13869,0.037400097
13870,0.033625867
13871,0.03430004
13872,0.044979338
13873,0.098414324
13874,0.07482502
13875,0.22898385
13876,0.01971192
13877,0.052276127
13878,0.03626909
13879,0.019329242
13880,0.01689089
13881,0.023873925
13882,0.039733734
13883,0.055235103
13884,0.025530212
13885,0.077004984
13886,0.26447892
13887,0.269284
13888,0.05212752
13889,0.0412587
13890,0.037644964
13891,0.11076241
13892,0.07322314
13893,0.015683427
13894,0.06007753
13895,0.027721934
13896,0.17414925
13897,0.030320823
13898,0.025478669
13899,0.034118142
13900,0.008244045
13901,0.07651473
13902,0.07650031
13903,0.24446166
13904,0.23079371
13905,0.23163918
13906,0.07437767
13907,0.051565226
13908,0.019491248
13909,0.05380638
13910,0.048964202
13911,0.012043767
13912,0.09229857
13913,0.046038676
13914,0.6024448
13915,0.12897891
13916,0.12504981
13917,0.05874929
13918,0.052972782
13919,0.020265892
13920,0.021295354
13921,0.010182403
13922,0.06644854
13923,0.027987763
13924,0.021097727
13925,0.027824998
13926,0.09133337
13927,0.05441431
13928,0.09047528
13929,0.07418533
13930,0.12200877
13931,0.2431354
13932,0.22285742
13933,0.08114386
13934,0.02551195
13935,0.09314441
13936,0.019307397
13937,0.05028443
13938,0.0051559135
13939,0.023842312
13940,0.072960034
13941,0.06550701
13942,0.13628167
13943,0.05508861
13944,0.10683313
13945,0.04825514
13946,0.069310725
13947,0.035286102
13948,0.022605807
13949,0.018818304
13950,0.13239664
13951,0.031133562
13952,0.06059272
13953,0.034243073
13954,0.012456819
13955,0.026093885
13956,0.049103156
13957,0.06593097
13958,0.09562905
13959,0.16763958
13960,0.13798784
13961,0.25163844
13962,0.23378378
13963,0.1657697
13964,0.016664073
13965,0.089409605
13966,0.06111372
13967,0.008648559
13968,0.04647241
13969,0.1171751
13970,0.036037724
13971,0.021325655
13972,0.051320612
13973,0.038102057
13974,0.054193947
13975,0.080018416
13976,0.043988816
13977,0.0645066
13978,0.022285402
13979,0.030642629
13980,0.017327048
13981,0.093389586
13982,0.021410428
13983,0.052440085
13984,0.087651834
13985,0.07314533
13986,0.17444158
13987,0.3402767
13988,0.13222447
13989,0.12519628
13990,0.073790215
13991,0.10478176
13992,0.07935698
13993,0.09895498
13994,0.05318143
13995,0.012954667
13996,0.01558876
13997,0.27732858
13998,0.07284587
13999,0.087408625
14000,0.049688082
14001,0.09025801
14002,0.018378831
14003,0.023862757
14004,0.053373206
14005,0.18245202
14006,0.0829636
14007,0.06500835
14008,0.13672759
14009,0.60837746
14010,0.11443153
14011,0.019763306
14012,0.2327289
14013,0.074788734
14014,0.2481913
14015,0.18626821
14016,0.078843474
14017,0.048615396
14018,0.10216425
14019,0.16784771
14020,0.042492602
14021,0.1654497
14022,0.086276084
14023,0.07306946
14024,0.02121161
14025,0.027166642
14026,0.067077145
14027,0.08348206
14028,0.018731333
14029,0.1522372
14030,0.15206623
14031,0.15549481
14032,0.109710254
14033,0.04751754
14034,0.13826935
14035,0.23159912
14036,0.25375187
14037,0.061064776
14038,0.012767695
14039,0.05024575
14040,0.023427732
14041,0.0115717575
14042,0.07403485
14043,0.4619933
14044,0.04797707
14045,0.06458552
14046,0.38315868
14047,0.23597538
14048,0.01364737
14049,0.023973562
14050,0.05260278
14051,0.06548484
14052,0.25099114
14053,0.2531026
14054,0.12081326
14055,0.110021174
14056,0.13732606
14057,0.17441003
14058,0.16213652
14059,0.1940754
14060,0.35477874
14061,0.087823614
14062,0.04457265
14063,0.09215827
14064,0.05182596
14065,0.26874787
14066,0.9031272
14067,0.0066124722
14068,0.052936558
14069,0.37152442
14070,0.015939057
14071,0.04648926
14072,0.25591645
14073,0.062156443
14074,0.08823174
14075,0.021397792
14076,0.050757945
14077,0.45196125
14078,0.054548893
14079,0.098278984
14080,0.2559985
14081,0.2435103
14082,0.25171086
14083,0.3616596
14084,0.44227824
14085,0.028311096
14086,0.39013764
14087,0.2295978
14088,0.23213029
14089,0.8596225
14090,0.4063564
14091,0.41717437
14092,0.027105205
14093,0.2113967
14094,0.054381445
14095,0.031284776
14096,0.014937304
14097,0.06954844
14098,0.013484456
14099,0.014116593
14100,0.036915388
14101,0.07554906
14102,0.13328141
14103,0.11879812
14104,0.13909993
14105,0.09705257
14106,0.25531787
14107,0.113997065
14108,0.027537264
14109,0.110130765
14110,0.2604304
14111,0.020841978
14112,0.064252995
14113,0.9563169
14114,0.84941393
14115,0.46290243
14116,0.0078942105
14117,0.027734667
14118,0.0153191835
14119,0.048905034
14120,0.44360366
14121,0.07907907
14122,0.05179147
14123,0.013992742
14124,0.0623416
14125,0.08178621
14126,0.07390941
14127,0.014290869
14128,0.41303146
14129,0.021702915
14130,0.04697817
14131,0.1432262
14132,0.1304711
14133,0.06705023
14134,0.052071974
14135,0.22441506
14136,0.22465014
14137,0.022232443
14138,0.13428335
14139,0.09983686
14140,0.10369629
14141,0.9485152
14142,0.85163575
14143,0.5441546
14144,0.016717605
14145,0.06624858
14146,0.032467067
14147,0.01035241
14148,0.4408118
14149,0.105409645
14150,0.2473726
14151,0.039803255
14152,0.078089155
14153,0.027797751
14154,0.10258969
14155,0.13072771
14156,0.1577825
14157,0.11019693
14158,0.4914331
14159,0.4418475
14160,0.2584686
14161,0.17493975
14162,0.1139294
14163,0.07667154
14164,0.11425266
14165,0.048058882
14166,0.040824514
14167,0.024572015
14168,0.11199421
14169,0.120562926
14170,0.06270419
14171,0.10063245
14172,0.025968581
14173,0.9110666
14174,0.98964965
14175,0.929962
14176,0.11845838
14177,0.052034892
14178,0.13444056
14179,0.3979807
14180,0.025690608
14181,0.019609548
14182,0.024775565
14183,0.069039285
14184,0.13197845
14185,0.067138284
14186,0.35623172
14187,0.8818284
14188,0.08936244
14189,0.13350803
14190,0.12604515
14191,0.19468042
14192,0.07145983
14193,0.40687585
14194,0.12949546
14195,0.039690796
14196,0.10352089
14197,0.11868315
14198,0.098617315
14199,0.04872382
14200,0.023430124
14201,0.3968367
14202,0.280752
14203,0.17938294
14204,0.07086489
14205,0.116677165
14206,0.07698138
14207,0.2801209
14208,0.032886494
14209,0.04096901
14210,0.060353674
14211,0.019711956
14212,0.02763988
14213,0.05028529
14214,0.05462858
14215,0.37110567
14216,0.7438614
14217,0.28730085
14218,0.30147806
14219,0.12619281
14220,0.18476422
14221,0.24487877
14222,0.49025393
14223,0.06999429
14224,0.036052007
14225,0.04833262
14226,0.034273256
14227,0.22193822
14228,0.24794254
14229,0.113911845
14230,0.40788662
14231,0.2603227
14232,0.25304535
14233,1.0261946
14234,0.21619612
14235,0.015100859
14236,0.23856121
14237,0.23573673
14238,0.01895883
14239,0.058444172
14240,0.27049395
14241,0.005239919
14242,0.07899484
14243,0.04705917
14244,0.048860032
14245,0.056552086
14246,0.17595056
14247,0.41179535
14248,0.28010783
14249,0.5009748
14250,0.41182536
14251,0.17501575
14252,0.22578803
14253,0.23510596
14254,0.028854698
14255,0.17956819
14256,0.07346326
14257,0.056191083
14258,0.4237806
14259,0.25104293
14260,0.049805574
14261,0.53926843
14262,0.3712062
14263,0.005510591
14264,0.08118747
14265,0.12579647
14266,0.08960711
14267,0.05042366
14268,0.010447957
14269,0.021342143
14270,0.03248725
14271,0.071789555
14272,0.118845455
14273,0.13121235
14274,0.15600327
14275,0.3980706
14276,0.73771274
14277,0.39848125
14278,0.28953138
14279,0.5632001
14280,0.113733545
14281,0.025586903
14282,0.068701744
14283,0.07282243
14284,0.12645003
14285,0.18232325
14286,0.059319533
14287,0.030533731
14288,0.065717705
14289,0.14032334
14290,0.038726244
14291,0.12829429
14292,0.021824472
14293,0.040161796
14294,0.0101053715
14295,0.015215717
14296,0.03361277
14297,0.10588175
14298,0.07045284
14299,0.098657496
14300,0.25094667
14301,0.1642274
14302,0.3878964
14303,0.7377009
14304,0.59120643
14305,0.3724056
14306,0.10444246
14307,0.024424106
14308,0.056152955
14309,0.10803031
14310,0.01722671
14311,0.029528812
14312,0.8923199
14313,0.054357503
14314,0.016167492
14315,0.06567334
14316,0.04931774
14317,0.101055734
14318,0.055136576
14319,0.05403016
14320,0.016593099
14321,0.042326316
14322,0.0197865
14323,0.019476496
14324,0.03593482
14325,0.11879596
14326,0.13715991
14327,0.48506507
14328,0.35780698
14329,0.16508633
14330,0.92107403
14331,0.38591674
14332,0.4595538
14333,0.25068074
14334,0.046682086
14335,0.034897853
14336,0.039378848
14337,0.05365457
14338,0.04976149
14339,0.054493435
14340,0.4257502
14341,0.08924575
14342,0.36576658
14343,0.029535584
14344,0.08417613
14345,0.11698906
14346,0.12632936
14347,0.23106104
14348,0.0436918
14349,0.03168368
14350,0.01182431
14351,0.05513736
14352,0.16862673
14353,0.7998127
14354,0.43964258
14355,0.43650153
14356,0.4050643
14357,0.36060724
14358,0.17615041
14359,0.08816912
14360,0.047845017
14361,0.026746772
14362,0.057681937
14363,0.029186592
14364,0.13182472
14365,0.12628686
14366,0.060589723
14367,0.27759203
14368,0.030553944
14369,0.07293296
14370,0.015016995
14371,0.25495604
14372,0.04751441
14373,0.014433958
14374,0.018048003
14375,0.14270344
14376,0.24750966
14377,0.0496528
14378,0.379581
14379,0.2542421
14380,0.07991914
14381,0.10774447
14382,0.031713396
14383,0.1037675
14384,0.08072992
14385,0.045704704
14386,0.14758438
14387,0.116410196
14388,0.03629409
14389,0.0090504885
14390,0.22829095
14391,0.015226811
14392,0.1023013
14393,0.044987362
14394,0.15790564
14395,0.04396768
14396,0.068182744
14397,0.011686169
14398,0.06488231
14399,0.17894998
14400,0.3707722
14401,0.43367854
14402,0.0940883
14403,0.022704616
14404,0.04019904
14405,0.052737247
14406,0.06993859
14407,0.10348968
14408,0.013378367
14409,0.033894185
14410,0.013564445
14411,0.03118937
14412,0.0132443905
14413,0.037873376
14414,0.09756597
14415,0.12027188
14416,0.36791122
14417,0.016711429
14418,0.022102691
14419,0.07369882
14420,0.09440155
14421,0.12207298
14422,0.4187661
14423,0.08035516
14424,0.011900634
14425,0.22249559
14426,0.035292093
14427,0.075568445
14428,0.124002516
14429,0.04847408
14430,0.020822793
14431,0.27163756
14432,0.019752331
14433,0.034780603
14434,0.14499953
14435,0.080157295
14436,0.053830713
14437,0.026776202
14438,0.032570936
14439,0.08225854
14440,0.36526027
14441,0.031689387
14442,0.022209838
14443,0.042278945
14444,0.06125399
14445,0.23779213
14446,0.070746765
14447,0.18904573
14448,0.11076226
14449,0.026893385
14450,0.018840924
14451,0.048189174
14452,0.04483482
14453,0.025623247
14454,0.25078246
14455,0.025080286
14456,0.12456891
14457,0.12206203
14458,0.059925225
14459,0.012905575
14460,0.011391841
14461,0.37811282
14462,0.6420194
14463,0.23390874
14464,0.07019913
14465,0.015223049
14466,0.086976156
14467,0.05449336
14468,0.029929198
14469,0.109283656
14470,0.085639134
14471,0.10120181
14472,0.9403237
14473,0.0656676
14474,0.078324184
14475,0.08727786
14476,0.03694718
14477,0.13882983
14478,0.3125227
14479,0.06717006
14480,0.14472307
14481,0.028043732
14482,0.01910922
14483,0.03300151
14484,0.027344465
14485,0.10522796
14486,0.033972856
14487,0.028600194
14488,0.009246789
14489,0.056655627
14490,0.051710427
14491,0.026017576
14492,0.054263625
14493,0.02105704
14494,0.10555807
14495,0.040532924
14496,0.01864463
14497,0.039355133
14498,0.0853284
14499,0.096869454
14500,0.020733893
14501,0.025260068
14502,0.055824112
14503,0.7305978
14504,0.05436451
14505,0.110566296
14506,0.05400043
14507,0.041584525
14508,0.054742076
14509,0.05996167
14510,0.018497363
14511,0.025449298
14512,0.27987984
14513,0.031286016
14514,0.018475704
14515,0.050097987
14516,0.2088542
14517,0.019798234
14518,0.0141494945
14519,0.107451476
14520,0.03913305
14521,0.022219501
14522,0.044647366
14523,0.36694777
14524,0.02528523
14525,0.017023973
14526,0.008796863
14527,0.04501919
14528,0.035901766
14529,0.11674096
14530,0.06737966
14531,0.017758533
14532,0.017897502
14533,0.056895778
14534,0.13508976
14535,0.09060571
14536,0.08192213
14537,0.07593797
14538,0.029091462
14539,0.048405036
14540,0.071674116
14541,0.25169492
14542,0.11833221
14543,0.033279166
14544,0.019758783
14545,0.014543965
14546,0.017702341
14547,0.011772126
14548,0.02151753
14549,0.0076960996
14550,0.009706102
14551,0.018114835
14552,0.02486173
14553,0.06319551
14554,0.0478452
14555,0.12599587
14556,0.011527985
14557,0.12782872
14558,0.009304665
14559,0.17358428
14560,0.0076871514
14561,0.01693786
14562,0.027784288
14563,0.014426373
14564,0.008469202
14565,0.019826494
14566,0.01683817
14567,0.007520877
14568,0.021728404
14569,0.015489884
14570,0.01771909
14571,0.014371134
14572,0.06632203
14573,0.0053208247
14574,0.027864672
14575,0.03924512
14576,0.050647095
14577,0.018509232
14578,0.007148549
14579,0.102864854
14580,0.025798589
14581,0.048478283
14582,0.010471985
14583,0.027094185
14584,0.011520132
14585,0.014429815
14586,0.107269995
14587,0.011156492
14588,0.18232124
14589,0.057505775
14590,0.06322945
14591,0.07137032
14592,0.07634117
14593,0.02335301
14594,0.00851582
14595,0.0787395
14596,0.01567553
14597,0.07657926
14598,0.009144932
14599,0.11802316
14600,0.026954219
14601,0.034252584
14602,0.031174988
14603,0.025813363
14604,0.02800437
14605,0.013262622
14606,0.011600018
14607,0.01246652
14608,0.031283826
14609,0.010170847
14610,0.010480113
14611,0.03735379
14612,0.073386066
14613,0.027911216
14614,0.17732882
14615,0.010021485
14616,0.025310792
14617,0.03389041
14618,0.035544924
14619,0.003418669
14620,0.018771335
14621,0.049106568
14622,0.026417285
14623,0.018037863
14624,0.024878658
14625,0.021422572
14626,0.030916274
14627,0.011440247
14628,0.03298958
14629,0.08721179
14630,0.13351327
14631,0.08205153
14632,0.021072194
14633,0.023117408
14634,0.047764428
14635,0.029063605
14636,0.028992869
14637,0.049181234
14638,0.042145368
14639,0.056250397
14640,0.03947611
14641,0.2459023
14642,0.06584662
14643,0.041299935
14644,0.029277809
14645,0.076115474
14646,0.057434063
14647,0.064020805
14648,0.0506251
14649,0.2593761
14650,0.34080753
14651,0.019687653
14652,0.031434324
14653,0.2761134
14654,0.046193942
14655,0.19529048
14656,0.2619826
14657,0.14619371
14658,0.046146486
14659,0.017612368
14660,0.0050014034
14661,0.02780535
14662,0.10955684
14663,0.62155116
14664,0.25131106
14665,0.032579783
14666,0.35582808
14667,0.035084225
14668,0.010738753
14669,0.037633535
14670,0.015906513
14671,0.04446037
14672,0.032911945
14673,0.016651563
14674,0.035966862
14675,0.10799844
14676,0.12766887
14677,0.46632478
14678,0.44788122
14679,0.07421728
14680,0.2224712
14681,0.14060384
14682,0.022086836
14683,0.05511745
14684,0.038548928
14685,0.0488104
14686,0.06838874
14687,0.38477603
14688,0.13699049
14689,0.18198153
14690,0.52281916
14691,0.09960974
14692,0.025593512
14693,0.49432793
14694,0.057569318
14695,0.28667927
14696,0.040575724
14697,0.03589017
14698,0.051029176
14699,0.032664023
14700,0.11351929
14701,0.13569061
14702,0.081290215
14703,0.06439477
14704,0.2687822
14705,0.047365364
14706,0.0020447373
14707,0.038022492
14708,0.064221375
14709,0.06082363
14710,0.07292173
14711,0.02898182
14712,0.037219226
14713,0.05974329
14714,0.12947163
14715,0.036516506
14716,0.16729257
14717,0.26093605
14718,0.044981197
14719,0.04101209
14720,0.027625784
14721,0.0098471865
14722,0.46551108
14723,0.10546646
14724,0.08169631
14725,0.415931
14726,0.29420388
14727,0.084385805
14728,0.041933943
14729,0.024617419
14730,0.0072517544
14731,0.04096875
14732,0.012718663
14733,0.048188373
14734,0.09100737
14735,0.079901926
14736,0.09768487
14737,0.16162321
14738,0.4655286
14739,0.31781518
14740,0.05088614
14741,0.009409338
14742,0.027859397
14743,0.026994713
14744,0.041243743
14745,0.3595061
14746,0.021599501
14747,0.049877618
14748,0.06729793
14749,0.063095555
14750,0.1368648
14751,0.4897538
14752,0.048870374
14753,0.06716346
14754,0.020939142
14755,0.021545112
14756,0.047063682
14757,0.062024817
14758,0.01031635
14759,0.024370447
14760,0.028741963
14761,0.13686115
14762,0.16985108
14763,0.1017831
14764,0.07697524
14765,0.061180167
14766,0.01325614
14767,0.03187513
14768,0.037956405
14769,0.03491033
14770,0.047037095
14771,0.10522498
14772,0.07612115
14773,0.24315825
14774,0.018743828
14775,0.050378725
14776,0.038211383
14777,0.023159973
14778,0.01904478
14779,0.027548566
14780,0.03739686
14781,0.022251017
14782,0.02750229
14783,0.07721477
14784,0.28192094
14785,0.25825977
14786,0.04494187
14787,0.03970475
14788,0.038191184
14789,0.09364485
14790,0.068775386
14791,0.018215053
14792,0.0621
14793,0.017923474
14794,0.030315831
14795,0.16910157
14796,0.032018498
14797,0.03100887
14798,0.035694044
14799,0.010091312
14800,0.0821451
14801,0.07386111
14802,0.23868915
14803,0.13866457
14804,0.23287958
14805,0.07744356
14806,0.052973066
14807,0.01963561
14808,0.0533003
14809,0.044324726
14810,0.009065345
14811,0.013483822
14812,0.10666377
14813,0.04546341
14814,0.5530379
14815,0.12880144
14816,0.024165556
14817,0.13044016
14818,0.05516448
14819,0.043717813
14820,0.019778475
14821,0.06909309
14822,0.008595556
14823,0.02202136
14824,0.026335701
14825,0.090162925
14826,0.057196025
14827,0.094971605
14828,0.07485466
14829,0.123638
14830,0.24349946
14831,0.3794427
14832,0.08222986
14833,0.027942225
14834,0.08383711
14835,0.020515122
14836,0.04748957
14837,0.009930797
14838,0.027832791
14839,0.076226085
14840,0.06648425
14841,0.12340933
14842,0.056763783
14843,0.11025107
14844,0.04032584
14845,0.06254197
14846,0.04373877
14847,0.12831585
14848,0.028938167
14849,0.060315255
14850,0.033028457
14851,0.015521586
14852,0.013280496
14853,0.027148664
14854,0.04769487
14855,0.06430234
14856,0.097584285
14857,0.24235585
14858,0.13875826
14859,0.24534467
14860,0.14558971
14861,0.16158539
14862,0.018431082
14863,0.10439123
14864,0.0127491355
14865,0.06170659
14866,0.04549232
14867,0.10784155
14868,0.0368732
14869,0.023284785
14870,0.04820128
14871,0.046143595
14872,0.05198805
14873,0.08105505
14874,0.03851995
14875,0.061958916
14876,0.020124175
14877,0.02067034
14878,0.09045884
14879,0.020632736
14880,0.048212875
14881,0.08421085
14882,0.07550007
14883,0.25803062
14884,0.32934144
14885,0.12979604
14886,0.12485277
14887,0.07196659
14888,0.10015951
14889,0.080147035
14890,0.09594595
14891,0.057839125
14892,0.02667953
14893,0.366185
14894,0.07501808
14895,0.08094553
14896,0.07744829
14897,0.026765585
14898,0.021139413
14899,0.026532948
14900,0.05474093
14901,0.1857189
14902,0.075034134
14903,0.05608419
14904,0.14122723
14905,0.6240956
14906,0.11006168
14907,0.019983381
14908,0.23893982
14909,0.07701583
14910,0.24282157
14911,0.18733098
14912,0.07376212
14913,0.051989708
14914,0.100454785
14915,0.23981634
14916,0.0387017
14917,0.15815645
14918,0.09371505
14919,0.07116847
14920,0.016660325
14921,0.022315256
14922,0.06679507
14923,0.08682458
14924,0.019125864
14925,0.13680495
14926,0.14657071
14927,0.1533414
14928,0.09509481
14929,0.04869859
14930,0.14292738
14931,0.19284073
14932,0.24385986
14933,0.06467199
14934,0.052540995
14935,0.020866781
14936,0.009789951
14937,0.061600585
14938,0.43176
14939,0.051863108
14940,0.07543267
14941,0.36086157
14942,0.24633688
14943,0.01559484
14944,0.024377942
14945,0.009739205
14946,0.050552577
14947,0.07169243
14948,0.25729752
14949,0.25492507
14950,0.11701362
14951,0.106387824
14952,0.25788742
14953,0.1793457
14954,0.15960726
14955,0.19335295
14956,0.35307896
14957,0.10572818
14958,0.046660297
14959,0.08734315
14960,0.049514618
14961,0.2664335
14962,0.9302657
14963,0.005398296
14964,0.050183114
14965,0.369878
14966,0.01563418
14967,0.04809238
14968,0.25153467
14969,0.017453544
14970,0.019505858
14971,0.056829255
14972,0.09159598
14973,0.022661254
14974,0.060203794
14975,0.4535956
14976,0.05079153
14977,0.100274764
14978,0.26089805
14979,0.14738096
14980,0.25123766
14981,0.3713372
14982,0.4185453
14983,0.032292206
14984,0.24743986
14985,0.11139352
14986,0.11969191
14987,0.89501774
14988,0.29489475
14989,0.302727
14990,0.024639271
14991,0.20730695
14992,0.060105417
14993,0.020238586
14994,0.014313981
14995,0.07113376
14996,0.011643007
14997,0.014035679
14998,0.0412158
14999,0.07085078
15000,0.12891027
15001,0.12508209
15002,0.13659732
15003,0.09725297
15004,0.24161485
15005,0.12501422
15006,0.029028058
15007,0.11164116
15008,0.2656954
15009,0.017339684
15010,0.06018862
15011,1.0076928
15012,0.86702305
15013,0.52619934
15014,0.027314812
15015,0.016127147
15016,0.056149285
15017,0.4227083
15018,0.07819314
15019,0.054173768
15020,0.008307934
15021,0.012552217
15022,0.062331483
15023,0.084593706
15024,0.07998016
15025,0.015637986
15026,0.42054084
15027,0.017873652
15028,0.04434028
15029,0.14619128
15030,0.11779898
15031,0.07159625
15032,0.049051218
15033,0.23200819
15034,0.23514602
15035,0.024428412
15036,0.22527733
15037,0.09639598
15038,0.10425807
15039,0.9317812
15040,0.8037077
15041,0.553252
15042,0.017186254
15043,0.2137984
15044,0.031523056
15045,0.0087053925
15046,0.29529566
15047,0.095798746
15048,0.35883164
15049,0.039928038
15050,0.08272107
15051,0.025286801
15052,0.09696416
15053,0.14030564
15054,0.16521376
15055,0.11455047
15056,0.4803661
15057,0.4506196
15058,0.24627742
15059,0.17438674
15060,0.10566041
15061,0.074177414
15062,0.12011759
15063,0.04206231
15064,0.038136933
15065,0.025527604
15066,0.121477544
15067,0.13431364
15068,0.058982152
15069,0.10336939
15070,0.024351463
15071,0.902199
15072,1.0353158
15073,1.0032445
15074,0.114857085
15075,0.04993453
15076,0.21299136
15077,0.41529363
15078,0.026129365
15079,0.022886865
15080,0.022837654
15081,0.068513535
15082,0.12767565
15083,0.06606981
15084,0.35002598
15085,0.93187153
15086,0.088331886
15087,0.13779736
15088,0.12156049
15089,0.252777
15090,0.071145214
15091,0.37947127
15092,0.26280937
15093,0.03896899
15094,0.09597423
15095,0.09760992
15096,0.108403474
15097,0.051481597
15098,0.02796287
15099,0.2641302
15100,0.29141936
15101,0.17110181
15102,0.07928958
15103,0.032860752
15104,0.12967594
15105,0.0774088
15106,0.27532852
15107,0.026197754
15108,0.036978465
15109,0.058143515
15110,0.02308353
15111,0.031231783
15112,0.047759313
15113,0.051491965
15114,0.38646337
15115,0.7405518
15116,0.35662088
15117,0.17396042
15118,0.12657154
15119,0.18532942
15120,0.24044499
15121,0.5085688
15122,0.06557194
15123,0.041882347
15124,0.034776483
15125,0.13143945
15126,0.24603128
15127,0.11981068
15128,0.29372448
15129,0.2632871
15130,0.2524394
15131,1.0261693
15132,0.112348706
15133,0.017113447
15134,0.23861971
15135,0.24316081
15136,0.057932597
15137,0.4616636
15138,0.08087319
15139,0.04532716
15140,0.04701498
15141,0.056153048
15142,0.16386843
15143,0.38921228
15144,0.27164727
15145,0.48650882
15146,0.28429174
15147,0.17452863
15148,0.24060956
15149,0.2374917
15150,0.012987673
15151,0.18877375
15152,0.078702025
15153,0.052434996
15154,0.44131342
15155,0.24816042
15156,0.054958418
15157,0.49256828
15158,0.36761734
15159,0.006028071
15160,0.083989166
15161,0.12812833
15162,0.082209185
15163,0.048994005
15164,0.0112231895
15165,0.012810186
15166,0.032641515
15167,0.071942985
15168,0.12481406
15169,0.119943775
15170,0.15089014
15171,0.38967514
15172,0.72625816
15173,0.3999056
15174,0.3749142
15175,0.5624434
15176,0.10934983
15177,0.02170156
15178,0.07077584
15179,0.0746922
15180,0.15601157
15181,0.18993807
15182,0.061652713
15183,0.026875362
15184,0.05702831
15185,0.23527783
15186,0.042660695
15187,0.12501186
15188,0.020334475
15189,0.014269076
15190,0.04082138
15191,0.021390527
15192,0.021026291
15193,0.0146253705
15194,0.036145344
15195,0.094883196
15196,0.07341657
15197,0.09428824
15198,0.24069142
15199,0.17842859
15200,0.35220435
15201,0.7694364
15202,0.6266606
15203,0.27700424
15204,0.107365035
15205,0.044939715
15206,0.019716673
15207,0.054858193
15208,0.10495363
15209,0.017473496
15210,0.03503109
15211,0.9064217
15212,0.054723654
15213,0.019414566
15214,0.2078044
15215,0.04603045
15216,0.09824972
15217,0.051451404
15218,0.048629522
15219,0.017291196
15220,0.03908251
15221,0.02169837
15222,0.022563927
15223,0.037079263
15224,0.11589217
15225,0.1410294
15226,0.4806206
15227,0.35745046
15228,0.25658852
15229,0.98614806
15230,0.36659577
15231,0.45692545
15232,0.24178672
15233,0.04248554
15234,0.034034196
15235,0.028908536
15236,0.051642112
15237,0.046349186
15238,0.036444366
15239,0.0614664
15240,0.4611857
15241,0.0933914
15242,0.35825592
15243,0.032232776
15244,0.09716544
15245,0.12301933
15246,0.13528241
15247,0.18151012
15248,0.048912626
15249,0.03367813
15250,0.05287808
15251,0.16263476
15252,0.83219177
15253,0.3828159
15254,0.4337443
15255,0.38710096
15256,0.26620573
15257,0.23598972
15258,0.0883279
15259,0.035879135
15260,0.022356138
15261,0.0581121
15262,0.11589709
15263,0.14697358
15264,0.07304742
15265,0.19775659
15266,0.06923701
15267,0.01274275
15268,0.25769576
15269,0.04758564
15270,0.013071604
15271,0.014268495
15272,0.14489682
15273,0.25346982
15274,0.046921454
15275,0.0073087662
15276,0.24768314
15277,0.2540724
15278,0.07559625
15279,0.10187945
15280,0.03300725
15281,0.10260219
15282,0.07788947
15283,0.05071353
15284,0.12932055
15285,0.12283738
15286,0.032002266
15287,0.010967895
15288,0.24196836
15289,0.015014537
15290,0.115967184
15291,0.040088847
15292,0.15583216
15293,0.03944863
15294,0.06729787
15295,0.065411255
15296,0.17347142
15297,0.37316713
15298,0.44046423
15299,0.08372679
15300,0.015378378
15301,0.023296878
15302,0.035798922
15303,0.056270055
15304,0.018898137
15305,0.07145263
15306,0.115633115
15307,0.014803499
15308,0.035052374
15309,0.015749142
15310,0.030034862
15311,0.02302713
15312,0.01328063
15313,0.09303806
15314,0.12177851
15315,0.38398236
15316,0.01793541
15317,0.023025967
15318,0.078366816
15319,0.09029826
15320,0.1268052
15321,0.3865102
15322,0.08082908
15323,0.020166747
15324,0.012241662
15325,0.13014033
15326,0.034043368
15327,0.08768072
15328,0.1318269
15329,0.05038738
15330,0.010844834
15331,0.013997465
15332,0.022413038
15333,0.008809641
15334,0.27064157
15335,0.017536283
15336,0.032033924
15337,0.14826751
15338,0.07705498
15339,0.05253181
15340,0.022233963
15341,0.031436637
15342,0.08012015
15343,0.39103377
15344,0.029488549
15345,0.016386442
15346,0.038145266
15347,0.03755443
15348,0.069199145
15349,0.24780402
15350,0.075029165
15351,0.19279718
15352,0.11060819
15353,0.027267657
15354,0.040489532
15355,0.043945424
15356,0.027927972
15357,0.1986346
15358,0.019970298
15359,0.022097006
15360,0.1314946
15361,0.030217327
15362,0.11419875
15363,0.06233211
15364,0.012672007
15365,0.39668038
15366,0.6353646
15367,0.25054756
15368,0.068608634
15369,0.015013732
15370,0.0846792
15371,0.053319246
15372,0.030652523
15373,0.22872898
15374,0.07876812
15375,0.09139913
15376,0.9254683
15377,0.02112297
15378,0.07089383
15379,0.013934039
15380,0.08169501
15381,0.082540154
15382,0.021629699
15383,0.03979015
15384,0.1416635
15385,0.32192245
15386,0.0667691
15387,0.15253884
15388,0.031140607
15389,0.027383141
15390,0.1051014
15391,0.03423382
15392,0.030397274
15393,0.006273508
15394,0.05678517
15395,0.049491506
15396,0.021539725
15397,0.06094202
15398,0.016648673
15399,0.11714447
15400,0.04338051
15401,0.016836695
15402,0.036731195
15403,0.08528137
15404,0.105176695
15405,0.020913363
15406,0.029025733
15407,0.05617721
15408,0.7343483
15409,0.077839985
15410,0.10170246
15411,0.04412729
15412,0.040915236
15413,0.05350874
15414,0.059929468
15415,0.021372914
15416,0.021656953
15417,0.40738255
15418,0.031196013
15419,0.0068006516
15420,0.0139762685
15421,0.046938322
15422,0.09547509
15423,0.027091458
15424,0.11167254
15425,0.04422576
15426,0.024837807
15427,0.04653875
15428,0.37272978
15429,0.018597811
15430,0.018892601
15431,0.0065330267
15432,0.02061776
15433,0.037747353
15434,0.034986664
15435,0.116684616
15436,0.07726128
15437,0.018531933
15438,0.021357812
15439,0.053953532
15440,0.15506855
15441,0.09953036
15442,0.06973355
15443,0.07274499
15444,0.02734173
15445,0.03964881
15446,0.2045227
15447,0.24358082
15448,0.12489081
15449,0.008767016
15450,0.011703633
15451,0.03627555
15452,0.016990632
15453,0.015324689
15454,0.01785358
15455,0.011042409
15456,0.020391814
15457,0.0072781965
15458,0.015635997
15459,0.016774267
15460,0.010883987
15461,0.02354516
15462,0.04822584
15463,0.048391182
15464,0.124536484
15465,0.013577536
15466,0.14058721
15467,0.010676995
15468,0.3624924
15469,0.023451082
15470,0.022571303
15471,0.008296169
15472,0.021254398
15473,0.019561723
15474,0.02140043
15475,0.029460266
15476,0.0162374
15477,0.016645081
15478,0.05165963
15479,0.02424118
15480,0.037360713
15481,0.049997635
15482,0.015932657
15483,0.010138303
15484,0.0094238445
15485,0.09071538
15486,0.020240314
15487,0.044466347
15488,0.005025953
15489,0.012438372
15490,0.03128798
15491,0.012811914
15492,0.103937276
15493,0.016150638
15494,0.011584848
15495,0.28638586
15496,0.060883846
15497,0.065762065
15498,0.062518045
15499,0.07265496
15500,0.02384647
15501,0.011220209
15502,0.07087137
15503,0.017229266
15504,0.091921285
15505,0.00661768
15506,0.13054648
15507,0.017238751
15508,0.037100922
15509,0.030497558
15510,0.027025424
15511,0.007264018
15512,0.0111604035
15513,0.0118300915
15514,0.010624297
15515,0.035394207
15516,0.010536045
15517,0.01199159
15518,0.035111
15519,0.06488347
15520,0.029627703
15521,0.15914167
15522,0.020693831
15523,0.026254833
15524,0.019096412
15525,0.047560524
15526,0.020870872
15527,0.01743292
15528,0.02901312
15529,0.018446349
15530,0.036315855
15531,0.010380983
15532,0.032810107
15533,0.08942116
15534,0.2353529
15535,0.09288201
15536,0.020288102
15537,0.030555122
15538,0.06451721
15539,0.058350816
15540,0.04636517
15541,0.05605849
15542,0.044449348
15543,0.082618564
15544,0.06353019
15545,0.024681732
15546,0.112983115
15547,0.033093996
15548,0.23354173
15549,0.058199856
15550,0.3951028
15551,0.35904533
15552,0.057563484
15553,0.28521094
15554,0.058921948
15555,0.37096068
15556,0.09329989
15557,0.12513083
15558,0.043564387
15559,0.018557563
15560,0.05517555
15561,0.0136638805
15562,0.04436133
15563,0.24133569
15564,0.040480766
15565,0.6529343
15566,0.10550426
15567,0.045660887
15568,0.25645882
15569,0.037081998
15570,0.03005454
15571,0.015612014
15572,0.04863056
15573,0.02759678
15574,0.014671199
15575,0.016137585
15576,0.108956486
15577,0.44894645
15578,0.4305584
15579,0.043333724
15580,0.108227946
15581,0.13798723
15582,0.021286853
15583,0.04319114
15584,0.039316118
15585,0.04080602
15586,0.098975345
15587,0.36085722
15588,0.16078888
15589,0.17921892
15590,0.5088216
15591,0.10759561
15592,0.022966601
15593,0.48805138
15594,0.021076903
15595,0.05624705
15596,0.28104803
15597,0.044416443
15598,0.054276373
15599,0.03818773
15600,0.04532394
15601,0.09689736
15602,0.12324515
15603,0.082478635
15604,0.03413668
15605,0.04217286
15606,0.3964762
15607,0.05183089
15608,0.036829904
15609,0.055218577
15610,0.053117715
15611,0.07067348
15612,0.031691667
15613,0.03752445
15614,0.0066083223
15615,0.05625402
15616,0.12807477
15617,0.034817647
15618,0.07217775
15619,0.16430467
15620,0.04309644
15621,0.26066354
15622,0.04442587
15623,0.03308875
15624,0.043346524
15625,0.026537158
15626,0.013334841
15627,0.47795
15628,0.092189975
15629,0.074287936
15630,0.30118486
15631,0.4790477
15632,0.085347556
15633,0.047631714
15634,0.0138443485
15635,0.024517693
15636,0.015976049
15637,0.006785974
15638,0.039726183
15639,0.0117563605
15640,0.08971244
15641,0.07693433
15642,0.10379742
15643,0.2540321
15644,0.44927084
15645,0.008815631
15646,0.017092817
15647,0.18859498
15648,0.051275212
15649,0.009873167
15650,0.025600888
15651,0.039403047
15652,0.2612776
15653,0.022875614
15654,0.042738114
15655,0.017477632
15656,0.072045386
15657,0.2575519
15658,0.49684775
15659,0.037885647
15660,0.06328782
15661,0.018867478
15662,0.022658207
15663,0.047931597
15664,0.060837276
15665,0.010200821
15666,0.029010639
15667,0.015741073
15668,0.12992747
15669,0.17032562
15670,0.09745598
15671,0.0760194
15672,0.06966734
15673,0.036983136
15674,0.03519995
15675,0.03513788
15676,0.050757766
15677,0.09786892
15678,0.071168676
15679,0.120880894
15680,0.019595265
15681,0.04980155
15682,0.036366146
15683,0.02392988
15684,0.017846115
15685,0.026631609
15686,0.042067178
15687,0.025852293
15688,0.08284361
15689,0.27655396
15690,0.2519038
15691,0.049926918
15692,0.04026285
15693,0.038253266
15694,0.10384621
15695,0.069412954
15696,0.017370343
15697,0.05467889
15698,0.012368858
15699,0.029949166
15700,0.17094053
15701,0.032600425
15702,0.027572282
15703,0.037811887
15704,0.21411918
15705,0.07746399
15706,0.2493523
15707,0.23230425
15708,0.14882767
15709,0.07555722
15710,0.052825287
15711,0.02103044
15712,0.06048613
15713,0.044356298
15714,0.0062608123
15715,0.21935439
15716,0.044430237
15717,0.5528555
15718,0.12674221
15719,0.119347334
15720,0.0556228
15721,0.049019698
15722,0.018578418
15723,0.06768523
15724,0.017841235
15725,0.024357237
15726,0.024881795
15727,0.09589751
15728,0.057680637
15729,0.09292225
15730,0.07495846
15731,0.12465857
15732,0.23844442
15733,0.3792241
15734,0.08361548
15735,0.026901014
15736,0.08641822
15737,0.019304715
15738,0.046126734
15739,0.024971567
15740,0.08086692
15741,0.06692895
15742,0.12552169
15743,0.059999093
15744,0.116015136
15745,0.042146996
15746,0.066077724
15747,0.032039285
15748,0.021731578
15749,0.13031715
15750,0.012624972
15751,0.029800318
15752,0.051469307
15753,0.031017847
15754,0.0149156
15755,0.02731274
15756,0.048136353
15757,0.06603692
15758,0.09630889
15759,0.14979702
15760,0.13995603
15761,0.38327593
15762,0.12556754
15763,0.16209555
15764,0.01632452
15765,0.10446824
15766,0.013925716
15767,0.05895327
15768,0.045363992
15769,0.11506442
15770,0.035149764
15771,0.024338953
15772,0.04580785
15773,0.037576966
15774,0.054116193
15775,0.08401132
15776,0.04235763
15777,0.05995781
15778,0.029774964
15779,0.09471777
15780,0.021156102
15781,0.047974955
15782,0.10352596
15783,0.0743834
15784,0.16935386
15785,0.5799341
15786,0.13629784
15787,0.116424404
15788,0.06883924
15789,0.10452225
15790,0.0754386
15791,0.1019688
15792,0.056138415
15793,0.01251173
15794,0.017445743
15795,0.3644417
15796,0.06983663
15797,0.0793163
15798,0.050257772
15799,0.08682944
15800,0.026881434
15801,0.018887408
15802,0.02565559
15803,0.051709168
15804,0.18846424
15805,0.07442809
15806,0.05514985
15807,0.14079323
15808,0.61803275
15809,0.113630496
15810,0.021980084
15811,0.35952878
15812,0.075292036
15813,0.24960944
15814,0.1863136
15815,0.075675994
15816,0.050319735
15817,0.044622432
15818,0.09709014
15819,0.17512411
15820,0.04939669
15821,0.16133088
15822,0.0888565
15823,0.073091954
15824,0.017612673
15825,0.01367791
15826,0.023999773
15827,0.028362177
15828,0.066221505
15829,0.084342636
15830,0.019892998
15831,0.14708391
15832,0.15052977
15833,0.15766943
15834,0.0939826
15835,0.047620267
15836,0.12355613
15837,0.18852344
15838,0.24693766
15839,0.05936174
15840,0.05160714
15841,0.021306254
15842,0.20161971
15843,0.4613154
15844,0.053690493
15845,0.051174615
15846,0.37894124
15847,0.18123473
15848,0.017768398
15849,0.064408384
15850,0.2486035
15851,0.2550369
15852,0.017278701
15853,0.11282151
15854,0.10502718
15855,0.25944525
15856,0.1765332
15857,0.16081147
15858,0.19739771
15859,0.35587445
15860,0.09729267
15861,0.043596115
15862,0.08972177
15863,0.053901765
15864,0.27072713
15865,0.9481171
15866,0.005808413
15867,0.050316855
15868,0.3817277
15869,0.047951363
15870,0.24915126
15871,0.017536104
15872,0.021451369
15873,0.056836277
15874,0.08936498
15875,0.023180224
15876,0.06002147
15877,0.009956963
15878,0.44649723
15879,0.05185201
15880,0.09862284
15881,0.1883837
15882,0.1609568
15883,0.20730284
15884,0.36379883
15885,0.42235413
15886,0.030845813
15887,0.24630988
15888,0.23261583
15889,0.11887103
15890,0.8657207
15891,0.4070104
15892,0.30468473
15893,0.023288451
15894,0.21175824
15895,0.06305651
15896,0.01602666
15897,0.014062904
15898,0.06998086
15899,0.012263276
15900,0.039329607
15901,0.07787375
15902,0.13047415
15903,0.12069796
15904,0.13408457
15905,0.09965871
15906,0.24161485
15907,0.12517327
15908,0.029992387
15909,0.1115506
15910,0.38390678
15911,0.020473093
15912,0.0621404
15913,0.94118446
15914,0.84508014
15915,0.53961426
15916,0.024988815
15917,0.01814434
15918,0.06694396
15919,0.41020188
15920,0.07650014
15921,0.053845957
15922,0.06574533
15923,0.07992132
15924,0.07374832
15925,0.01495114
15926,0.38539585
15927,0.018386833
15928,0.043446586
15929,0.14647107
15930,0.1191383
15931,0.06537485
15932,0.049361356
15933,0.38230345
15934,0.34472066
15935,0.024757296
15936,0.11569222
15937,0.102531135
15938,0.10560921
15939,0.95099616
15940,0.89982945
15941,0.5207648
15942,0.017751127
15943,0.06466684
15944,0.032025136
15945,0.41642448
15946,0.09305403
15947,0.3782339
15948,0.044012625
15949,0.08424122
15950,0.028987743
15951,0.09589712
15952,0.12746681
15953,0.16458371
15954,0.14195722
15955,0.48082414
15956,0.4329924
15957,0.2630434
15958,0.17328793
15959,0.107277796
15960,0.07222746
15961,0.12733766
15962,0.043253705
15963,0.036654208
15964,0.026899494
15965,0.1096435
15966,0.1299054
15967,0.0610563
15968,0.10562177
15969,0.02563589
15970,0.85908616
15971,1.0028734
15972,0.96386856
15973,0.121883154
15974,0.04686182
15975,0.23029536
15976,0.43050653
15977,0.029836103
15978,0.02401933
15979,0.023891054
15980,0.06540823
15981,0.13190421
15982,0.066827714
15983,0.36124936
15984,0.9171716
15985,0.07397619
15986,0.14014798
15987,0.13932443
15988,0.1799322
15989,0.07700056
15990,0.37575227
15991,0.26523668
15992,0.038425006
15993,0.106057815
15994,0.093613595
15995,0.10396944
15996,0.05199643
15997,0.37053457
15998,0.19793919
15999,0.17631704
16000,0.07317711
16001,0.031636246
16002,0.120075315
16003,0.21761788
16004,0.26878157
16005,0.02962771
16006,0.042644568
16007,0.0503214
16008,0.021526113
16009,0.026134305
16010,0.051286157
16011,0.056889698
16012,0.25178787
16013,0.7875313
16014,0.28313708
16015,0.28177541
16016,0.13575938
16017,0.1849106
16018,0.2451601
16019,0.4900879
16020,0.07088959
16021,0.030687258
16022,0.04151288
16023,0.031880684
16024,0.13076505
16025,0.26411623
16026,0.120765254
16027,0.29372448
16028,0.26217422
16029,0.1786477
16030,1.0054053
16031,0.115727656
16032,0.017161503
16033,0.24433008
16034,0.24278322
16035,0.05836925
16036,0.16576406
16037,0.07766824
16038,0.046853345
16039,0.050552152
16040,0.056373592
16041,0.16791603
16042,0.37320074
16043,0.27172816
16044,0.49929193
16045,0.29150012
16046,0.17016885
16047,0.15148239
16048,0.24241415
16049,0.16468903
16050,0.06817208
16051,0.05199544
16052,0.46399748
16053,0.25083306
16054,0.050567042
16055,0.016375393
16056,0.48394573
16057,0.37595317
16058,0.08294336
16059,0.11056616
16060,0.084904715
16061,0.046920434
16062,0.010432757
16063,0.012609936
16064,0.019901142
16065,0.03524806
16066,0.07434134
16067,0.12139315
16068,0.12581718
16069,0.14916804
16070,0.37439635
16071,0.76485497
16072,0.40091908
16073,0.3941441
16074,0.5344412
16075,0.10905087
16076,0.022711284
16077,0.07545182
16078,0.073987484
16079,0.14428923
16080,0.25605923
16081,0.061428387
16082,0.02801627
16083,0.06594291
16084,0.13271451
16085,0.020531774
16086,0.0420592
16087,0.12260763
16088,0.013721168
16089,0.04179169
16090,0.020361751
16091,0.015242584
16092,0.036319204
16093,0.100504875
16094,0.075163245
16095,0.093917914
16096,0.23750904
16097,0.1778231
16098,0.33500364
16099,0.7566255
16100,0.61719865
16101,0.39530155
16102,0.12210923
16103,0.047038313
16104,0.019979373
16105,0.05756147
16106,0.102958545
16107,0.91395205
16108,0.048173588
16109,0.02136036
16110,0.06925588
16111,0.046804667
16112,0.09804884
16113,0.060124163
16114,0.050085325
16115,0.016264312
16116,0.04161848
16117,0.019624002
16118,0.022505738
16119,0.036910057
16120,0.12739286
16121,0.13491103
16122,0.54614687
16123,0.34274417
16124,0.24398243
16125,0.3757577
16126,0.38477013
16127,0.45065257
16128,0.25393492
16129,0.0419203
16130,0.037251722
16131,0.036861666
16132,0.049679484
16133,0.054873962
16134,0.058511134
16135,0.4494527
16136,0.2204333
16137,0.35669953
16138,0.037184887
16139,0.0987227
16140,0.11433545
16141,0.12102222
16142,0.17222369
16143,0.047424983
16144,0.036727194
16145,0.054732077
16146,0.1604132
16147,0.8645159
16148,0.38214043
16149,0.4151886
16150,0.26002744
16151,0.38228074
16152,0.24150729
16153,0.09009755
16154,0.04319106
16155,0.015804298
16156,0.020987928
16157,0.010108165
16158,0.057496402
16159,0.027693048
16160,0.13978243
16161,0.13937964
16162,0.05639346
16163,0.19664145
16164,0.07017974
16165,0.011146069
16166,0.36400512
16167,0.044435848
16168,0.014629133
16169,0.016061522
16170,0.15200943
16171,0.24331352
16172,0.04011538
16173,0.0106166825
16174,0.34203374
16175,0.18332046
16176,0.079428375
16177,0.114137605
16178,0.03589692
16179,0.100761205
16180,0.08051794
16181,0.050762866
16182,0.12528391
16183,0.1288515
16184,0.03930992
16185,0.032708846
16186,0.010166861
16187,0.23663741
16188,0.013393141
16189,0.016651534
16190,0.11325424
16191,0.0392741
16192,0.043207977
16193,0.16411619
16194,0.037981227
16195,0.06809242
16196,0.011901699
16197,0.06855162
16198,0.17448685
16199,0.37793353
16200,0.45663226
16201,0.09199392
16202,0.035842527
16203,0.05354206
16204,0.01696872
16205,0.07539674
16206,0.11649331
16207,0.014373958
16208,0.048196428
16209,0.016660832
16210,0.031106014
16211,0.020851403
16212,0.011135049
16213,0.034361757
16214,0.09238865
16215,0.11911635
16216,0.3691768
16217,0.017085813
16218,0.02324488
16219,0.07444785
16220,0.088127255
16221,0.11995134
16222,0.39313233
16223,0.10071697
16224,0.01518894
16225,0.14064986
16226,0.03901135
16227,0.019330263
16228,0.07777496
16229,0.12121962
16230,0.046198282
16231,0.012896627
16232,0.020157777
16233,0.21535
16234,0.017931141
16235,0.029960781
16236,0.14848958
16237,0.07803418
16238,0.055139754
16239,0.023350626
16240,0.03423495
16241,0.080701284
16242,0.35967857
16243,0.028595105
16244,0.017893933
16245,0.035230406
16246,0.043733515
16247,0.06637667
16248,0.16885778
16249,0.07273643
16250,0.24485978
16251,0.10980131
16252,0.026131928
16253,0.021712147
16254,0.04175676
16255,0.048255626
16256,0.027466618
16257,0.25262812
16258,0.110729076
16259,0.025588043
16260,0.11895145
16261,0.061962415
16262,0.01444111
16263,0.37932768
16264,0.60348326
16265,0.12792599
16266,0.063491635
16267,0.013659589
16268,0.09201377
16269,0.056182556
16270,0.10496812
16271,0.07879657
16272,0.08759974
16273,0.91938215
16274,0.023404546
16275,0.063323714
16276,0.014651589
16277,0.08020428
16278,0.077569395
16279,0.04504598
16280,0.13632527
16281,0.31860286
16282,0.07462421
16283,0.15307418
16284,0.02920238
16285,0.03582949
16286,0.104072854
16287,0.035766583
16288,0.028851293
16289,0.0073376745
16290,0.05761464
16291,0.048952047
16292,0.022348419
16293,0.020034455
16294,0.055901304
16295,0.014052294
16296,0.01916217
16297,0.11190796
16298,0.0351156
16299,0.037853226
16300,0.014292367
16301,0.037876613
16302,0.073842555
16303,0.10715917
16304,0.056819655
16305,0.7712087
16306,0.06037907
16307,0.11426033
16308,0.0439225
16309,0.053791244
16310,0.05733895
16311,0.020626575
16312,0.41774487
16313,0.028219163
16314,0.020206377
16315,0.010929912
16316,0.04971309
16317,0.10683289
16318,0.02242554
16319,0.13057302
16320,0.04520201
16321,0.043341275
16322,0.3662871
16323,0.016278215
16324,0.022633255
16325,0.009825103
16326,0.019802503
16327,0.01610598
16328,0.042075522
16329,0.010366872
16330,0.041036006
16331,0.14593136
16332,0.06974012
16333,0.018923186
16334,0.01929874
16335,0.056056242
16336,0.22487497
16337,0.10373133
16338,0.075071506
16339,0.077513784
16340,0.026971914
16341,0.04976154
16342,0.21115096
16343,0.2545021
16344,0.21229914
16345,0.0055359155
16346,0.01176618
16347,0.018703587
16348,0.01340615
16349,0.015760921
16350,0.011129677
16351,0.022145353
16352,0.009641774
16353,0.016279653
16354,0.015199639
16355,0.008760311
16356,0.026743717
16357,0.049608305
16358,0.056871194
16359,0.1462579
16360,0.0059190616
16361,0.11388877
16362,0.006720364
16363,0.27310762
16364,0.0076374635
16365,0.013361834
16366,0.010834962
16367,0.026204325
16368,0.011431038
16369,0.010931291
16370,0.018702455
16371,0.024959423
16372,0.015567899
16373,0.009840101
16374,0.058257543
16375,0.026623555
16376,0.035488605
16377,0.05188569
16378,0.015734956
16379,0.009690113
16380,0.015411973
16381,0.009654783
16382,0.09288478
16383,0.024325497
16384,0.042705033
16385,0.013424993
16386,0.028706558
16387,0.09398192
16388,0.011005677
16389,0.1872507
16390,0.057260055
16391,0.05685857
16392,0.06319525
16393,0.016417593
16394,0.0685163
16395,0.025111422
16396,0.0123191625
16397,0.08249964
16398,0.016930394
16399,0.07898706
16400,0.008951515
16401,0.12156659
16402,0.021203943
16403,0.036863483
16404,0.029311359
16405,0.022166073
16406,0.009390347
16407,0.013541348
16408,0.00855837
16409,0.0108380765
16410,0.029263772
16411,0.010456637
16412,0.043768987
16413,0.07608314
16414,0.0075927675
16415,0.16258153
16416,0.023386948
16417,0.029403582
16418,0.012204535
16419,0.01951719
16420,0.04943884
16421,0.023466244
16422,0.01729633
16423,0.028756388
16424,0.017432295
16425,0.036754332
16426,0.010515504
16427,0.09107978
16428,0.13592316
16429,0.07904723
16430,0.021114983
16431,0.045406483
16432,0.037190933
16433,0.030905113
16434,0.06813662
16435,0.045867715
16436,0.049961917
16437,0.023393355
16438,0.11016349
16439,0.051971316
16440,0.032853957
16441,0.11143333
16442,0.052769914
16443,0.061767023
16444,0.041090325
16445,0.15791678
16446,0.21656471
16447,0.018705279
16448,0.045683514
16449,0.27288896
16450,0.048049267
16451,0.29810476
16452,0.08172593
16453,0.23016897
16454,0.045065824
16455,0.019874327
16456,0.051995527
16457,0.01627291
16458,0.039218567
16459,0.014110565
16460,0.094293594
16461,0.05034461
16462,0.65396225
16463,0.23637366
16464,0.098472625
16465,0.051396765
16466,0.0323906
16467,0.018404983
16468,0.0387605
16469,0.12777266
16470,0.103307545
16471,0.29261264
16472,0.44142374
16473,0.028540887
16474,0.11555423
16475,0.13281615
16476,0.018936
16477,0.043244895
16478,0.035557475
16479,0.048566252
16480,0.01539737
16481,0.086279094
16482,0.39279923
16483,0.14475372
16484,0.17990968
16485,0.50903404
16486,0.10852268
16487,0.028782003
16488,0.47330993
16489,0.06649918
16490,0.2941122
16491,0.0458405
16492,0.053542167
16493,0.037338782
16494,0.050092872
16495,0.112923846
16496,0.121857524
16497,0.08248409
16498,0.03443633
16499,0.044724375
16500,0.05245077
16501,0.375644
16502,0.047025993
16503,0.036693834
16504,0.05761171
16505,0.05792026
16506,0.064329915
16507,0.03151844
16508,0.11054845
16509,0.071981885
16510,0.24016485
16511,0.26730016
16512,0.046971317
16513,0.041315153
16514,0.025451079
16515,0.016012795
16516,0.48262092
16517,0.087955736
16518,0.07189843
16519,0.2843867
16520,0.46223456
16521,0.08953052
16522,0.043051183
16523,0.01799003
16524,0.021928035
16525,0.016541563
16526,0.047607586
16527,0.010509536
16528,0.006006062
16529,0.009002812
16530,0.08803629
16531,0.08017761
16532,0.25352433
16533,0.45399454
16534,0.019793168
16535,0.18632951
16536,0.05260964
16537,0.009302199
16538,0.04027632
16539,0.27593362
16540,0.02307722
16541,0.049252238
16542,0.016717345
16543,0.06898888
16544,0.032387275
16545,0.36779815
16546,0.47923622
16547,0.051997457
16548,0.022318244
16549,0.044854358
16550,0.06760988
16551,0.023042873
16552,0.03940004
16553,0.11404431
16554,0.1815632
16555,0.08847246
16556,0.07969344
16557,0.05730929
16558,0.033691503
16559,0.036715407
16560,0.03625698
16561,0.04583275
16562,0.087808415
16563,0.07409331
16564,0.23956084
16565,0.01869031
16566,0.05222608
16567,0.03751443
16568,0.024203278
16569,0.017469503
16570,0.026276223
16571,0.04767307
16572,0.027031727
16573,0.024857163
16574,0.07578612
16575,0.20315245
16576,0.25060064
16577,0.044353254
16578,0.040077113
16579,0.04757255
16580,0.091088876
16581,0.07375039
16582,0.018773586
16583,0.05407324
16584,0.03031677
16585,0.16588998
16586,0.030112535
16587,0.029839076
16588,0.03713952
16589,0.22503266
16590,0.084932186
16591,0.23503563
16592,0.23713928
16593,0.23549297
16594,0.07747476
16595,0.051880203
16596,0.020561092
16597,0.05852431
16598,0.04527444
16599,0.10529232
16600,0.042538792
16601,0.56356347
16602,0.13209245
16603,0.021883428
16604,0.12759337
16605,0.055938635
16606,0.05303262
16607,0.018264063
16608,0.00941477
16609,0.011912577
16610,0.068282455
16611,0.03508448
16612,0.022628024
16613,0.025551379
16614,0.084029384
16615,0.05367979
16616,0.09281492
16617,0.0744673
16618,0.12108803
16619,0.23946303
16620,0.3794549
16621,0.08689009
16622,0.02650822
16623,0.08935607
16624,0.019888945
16625,0.051949367
16626,0.028271504
16627,0.011144482
16628,0.071321584
16629,0.06585242
16630,0.12578224
16631,0.055533327
16632,0.10847448
16633,0.043753132
16634,0.06815256
16635,0.040342603
16636,0.1338308
16637,0.011887021
16638,0.035150994
16639,0.06001469
16640,0.030804224
16641,0.013968363
16642,0.027037017
16643,0.04690353
16644,0.06964369
16645,0.09739133
16646,0.15419982
16647,0.14614424
16648,0.2418522
16649,0.13294597
16650,0.16506694
16651,0.018575512
16652,0.10196643
16653,0.057281706
16654,0.009503186
16655,0.044615082
16656,0.11525602
16657,0.034441404
16658,0.02101884
16659,0.05181265
16660,0.042425532
16661,0.05258967
16662,0.084504485
16663,0.038064662
16664,0.0634222
16665,0.019155525
16666,0.02853202
16667,0.100739956
16668,0.01998765
16669,0.045408737
16670,0.09468034
16671,0.07840707
16672,0.17413361
16673,0.5385615
16674,0.1290891
16675,0.14583445
16676,0.07332092
16677,0.106772274
16678,0.079763226
16679,0.10015919
16680,0.0568896
16681,0.022705644
16682,0.26251668
16683,0.07286661
16684,0.08772761
16685,0.054023247
16686,0.08735194
16687,0.0154815465
16688,0.02490072
16689,0.01887954
16690,0.025132157
16691,0.05229189
16692,0.19929874
16693,0.08082685
16694,0.055521958
16695,0.1416547
16696,0.6410373
16697,0.11769062
16698,0.019220687
16699,0.23240349
16700,0.06835075
16701,0.24294037
16702,0.19470683
16703,0.076219566
16704,0.022124656
16705,0.048293024
16706,0.039870843
16707,0.10104813
16708,0.22886342
16709,0.044587877
16710,0.23152795
16711,0.09385243
16712,0.072508305
16713,0.011310384
16714,0.024069205
16715,0.028842412
16716,0.07035959
16717,0.08465342
16718,0.021044508
16719,0.14471392
16720,0.15540266
16721,0.24038768
16722,0.106617875
16723,0.049164236
16724,0.1383297
16725,0.19826074
16726,0.40601134
16727,0.06411794
16728,0.049421553
16729,0.023025803
16730,0.06814783
16731,0.4510801
16732,0.04690918
16733,0.062905475
16734,0.39776185
16735,0.17529693
16736,0.017439052
16737,0.023474
16738,0.010674074
16739,0.049798347
16740,0.069193065
16741,0.25215954
16742,0.25218293
16743,0.016171396
16744,0.12011721
16745,0.10259438
16746,0.24623919
16747,0.17345563
16748,0.15636879
16749,0.24082339
16750,0.36046597
16751,0.090351924
16752,0.04646088
16753,0.09397657
16754,0.047350276
16755,0.19122139
16756,0.89158654
16757,0.008019485
16758,0.049313426
16759,0.37603185
16760,0.047485642
16761,0.25334764
16762,0.060694322
16763,0.0947006
16764,0.022205107
16765,0.057842605
16766,0.009046063
16767,0.4379456
16768,0.04861678
16769,0.098611064
16770,0.19282195
16771,0.1585683
16772,0.20464975
16773,0.3911852
16774,0.3834044
16775,0.029745586
16776,0.23995966
16777,0.114583574
16778,0.22925934
16779,0.92549163
16780,0.2981447
16781,0.30358326
16782,0.0247064
16783,0.2018154
16784,0.061880223
16785,0.03017389
16786,0.015339039
16787,0.07239437
16788,0.012065589
16789,0.014299028
16790,0.04384825
16791,0.069329254
16792,0.12584203
16793,0.11623937
16794,0.13974765
16795,0.099836424
16796,0.25384077
16797,0.12839708
16798,0.14155938
16799,0.25869152
16800,0.017848723
16801,0.05940367
16802,0.996511
16803,0.89961207
16804,0.5031896
16805,0.026137024
16806,0.016572893
16807,0.06523125
16808,0.43637884
16809,0.07070251
16810,0.018953696
16811,0.057414517
16812,0.0125866905
16813,0.0624704
16814,0.081505865
16815,0.07423907
16816,0.015354998
16817,0.42989084
16818,0.021957919
16819,0.045167156
16820,0.14758675
16821,0.11826616
16822,0.06169685
16823,0.049186315
16824,0.22968364
16825,0.35267788
16826,0.023492254
16827,0.12345249
16828,0.104239576
16829,0.23320705
16830,0.9757558
16831,0.8255866
16832,0.5106412
16833,0.019757904
16834,0.066628374
16835,0.03161771
16836,0.444563
16837,0.101598844
16838,0.25027195
16839,0.04700638
16840,0.08616475
16841,0.024914749
16842,0.095994055
16843,0.1332151
16844,0.16199827
16845,0.1313127
16846,0.51185805
16847,0.4493759
16848,0.26590547
16849,0.17698172
16850,0.107350826
16851,0.07023078
16852,0.24140736
16853,0.046628825
16854,0.032114066
16855,0.02608215
16856,0.12247306
16857,0.13445249
16858,0.06343856
16859,0.105724424
16860,0.023524098
16861,0.89260733
16862,1.0012281
16863,0.9516652
16864,0.1210632
16865,0.04833605
16866,0.22859955
16867,0.29861188
16868,0.028100759
16869,0.022211857
16870,0.02434995
16871,0.066524856
16872,0.12762323
16873,0.06856205
16874,0.3622521
16875,0.89742136
16876,0.08291725
16877,0.13105811
16878,0.13266134
16879,0.16984223
16880,0.07130097
16881,0.3806595
16882,0.24570698
16883,0.03750407
16884,0.10094024
16885,0.100749426
16886,0.10946448
16887,0.058394767
16888,0.026217237
16889,0.26283708
16890,0.2977722
16891,0.17003423
16892,0.08414029
16893,0.030787997
16894,0.10460952
16895,0.073785946
16896,0.26568776
16897,0.029955328
16898,0.038426235
16899,0.060628906
16900,0.025416844
16901,0.027245708
16902,0.04856468
16903,0.05073816
16904,0.38558692
16905,0.75284886
16906,0.28469273
16907,0.2919692
16908,0.12285929
16909,0.17973611
16910,0.24041021
16911,0.49109644
16912,0.06287507
16913,0.050206315
16914,0.03799685
16915,0.12547281
16916,0.26348788
16917,0.11576731
16918,0.3069782
16919,0.26052883
16920,0.25629824
16921,1.0260234
16922,0.20559937
16923,0.016816378
16924,0.14367414
16925,0.23971796
16926,0.020460837
16927,0.05962726
16928,0.16920963
16929,0.07665233
16930,0.04422907
16931,0.051138002
16932,0.056967612
16933,0.168733
16934,0.36923566
16935,0.26532942
16936,0.4906733
16937,0.29217073
16938,0.18346581
16939,0.15238494
16940,0.34781688
16941,0.023974076
16942,0.1662156
16943,0.06951769
16944,0.049976688
16945,0.44784477
16946,0.24634665
16947,0.050828144
16948,0.015723944
16949,0.53860813
16950,0.35277322
16951,0.08051251
16952,0.116783105
16953,0.08843407
16954,0.046294764
16955,0.010349713
16956,0.03376968
16957,0.07296419
16958,0.1155023
16959,0.11872107
16960,0.15073165
16961,0.3674489
16962,0.7294865
16963,0.41638228
16964,0.3540987
16965,0.5592439
16966,0.11575766
16967,0.07026125
16968,0.07711836
16969,0.23968732
16970,0.2008722
16971,0.0672147
16972,0.027499713
16973,0.06437853
16974,0.14358482
16975,0.020754144
16976,0.041695956
16977,0.11806067
16978,0.019207224
16979,0.035888903
16980,0.021905527
16981,0.014437646
16982,0.036443066
16983,0.09240628
16984,0.077496104
16985,0.09805143
16986,0.24648148
16987,0.26987094
16988,0.36182135
16989,0.7661521
16990,0.63624525
16991,0.27502322
16992,0.11234277
16993,0.042081114
16994,0.02016779
16995,0.05639429
16996,0.100441664
16997,0.018125966
16998,0.007513173
16999,0.028653972
17000,0.9351573
17001,0.04809913
17002,0.018823497
17003,0.069049016
17004,0.04317015
17005,0.099880636
17006,0.055757888
17007,0.050514247
17008,0.015687615
17009,0.044432778
17010,0.020379268
17011,0.021046527
17012,0.029516697
17013,0.12568362
17014,0.13622817
17015,0.54886305
17016,0.3746391
17017,0.23661792
17018,0.9960311
17019,0.37745053
17020,0.4385881
17021,0.25853547
17022,0.04150738
17023,0.03357578
17024,0.027135246
17025,0.050123077
17026,0.05606576
17027,0.040307865
17028,0.061640937
17029,0.41596156
17030,0.22714216
17031,0.3508549
17032,0.034305897
17033,0.08909368
17034,0.12463257
17035,0.12765989
17036,0.17365296
17037,0.052214935
17038,0.035369318
17039,0.012495287
17040,0.051792845
17041,0.16327244
17042,0.8431235
17043,0.3952117
17044,0.45002577
17045,0.26804137
17046,0.37067395
17047,0.19242138
17048,0.09354561
17049,0.04641398
17050,0.016754359
17051,0.02265092
17052,0.027042039
17053,0.12678626
17054,0.13172822
17055,0.054898296
17056,0.2853887
17057,0.071863845
17058,0.0119674355
17059,0.35397393
17060,0.0479567
17061,0.016781427
17062,0.15912662
17063,0.2513186
17064,0.04496913
17065,0.009511471
17066,0.34938478
17067,0.18048123
17068,0.079120666
17069,0.11762282
17070,0.030871205
17071,0.09847673
17072,0.081851624
17073,0.049593814
17074,0.11805298
17075,0.108327016
17076,0.03803074
17077,0.011624947
17078,0.24250412
17079,0.013456523
17080,0.1152131
17081,0.041473094
17082,0.1513434
17083,0.04224959
17084,0.06212749
17085,0.013878927
17086,0.064737655
17087,0.18349594
17088,0.36756462
17089,0.45461857
17090,0.09560347
17091,0.036127895
17092,0.052221935
17093,0.01774165
17094,0.073358424
17095,0.111983016
17096,0.012576625
17097,0.038901072
17098,0.01527676
17099,0.026386186
17100,0.014129281
17101,0.032583598
17102,0.09655981
17103,0.11998421
17104,0.3495766
17105,0.018492758
17106,0.022920184
17107,0.07821176
17108,0.08618931
17109,0.1178855
17110,0.39671138
17111,0.09156464
17112,0.013712779
17113,0.13361147
17114,0.034205403
17115,0.07830917
17116,0.1367122
17117,0.04892431
17118,0.018991947
17119,0.20243102
17120,0.00992725
17121,0.015220545
17122,0.030158617
17123,0.15336853
17124,0.07522529
17125,0.057441156
17126,0.024433464
17127,0.033638008
17128,0.07032912
17129,0.28728893
17130,0.02748768
17131,0.024320066
17132,0.034124903
17133,0.038923528
17134,0.06524062
17135,0.17382161
17136,0.06788662
17137,0.24451262
17138,0.10913886
17139,0.028732195
17140,0.017883956
17141,0.045206133
17142,0.049260795
17143,0.031606797
17144,0.25660998
17145,0.11684026
17146,0.026463844
17147,0.11992709
17148,0.062392518
17149,0.013817348
17150,0.3895516
17151,0.7079554
17152,0.24812299
17153,0.0532543
17154,0.01541616
17155,0.089433625
17156,0.05457308
17157,0.10307293
17158,0.075867996
17159,0.09274433
17160,0.9327978
17161,0.021709554
17162,0.06580049
17163,0.0833707
17164,0.08071389
17165,0.020315506
17166,0.040026385
17167,0.13749419
17168,0.42797697
17169,0.07128904
17170,0.15070212
17171,0.026376463
17172,0.035939857
17173,0.027748197
17174,0.103733495
17175,0.034376424
17176,0.031124298
17177,0.008862108
17178,0.055497736
17179,0.048882283
17180,0.018591687
17181,0.05965985
17182,0.014472231
17183,0.01747474
17184,0.1310171
17185,0.03717434
17186,0.038902335
17187,0.018197276
17188,0.033162758
17189,0.08096043
17190,0.103182286
17191,0.020026147
17192,0.061776284
17193,0.74101996
17194,0.0747734
17195,0.10026297
17196,0.046223063
17197,0.040552493
17198,0.052740805
17199,0.061353937
17200,0.021286689
17201,0.02096752
17202,0.2867684
17203,0.02937439
17204,0.0068006516
17205,0.005172305
17206,0.007048309
17207,0.017960995
17208,0.013634384
17209,0.049750663
17210,0.10167597
17211,0.0241545
17212,0.012962416
17213,0.110807315
17214,0.040015623
17215,0.026164941
17216,0.044119876
17217,0.3710104
17218,0.016968146
17219,0.004739538
17220,0.01762586
17221,0.04430675
17222,0.009300634
17223,0.040036894
17224,0.14314432
17225,0.06372479
17226,0.017945327
17227,0.018897481
17228,0.05225527
17229,0.14226356
17230,0.10257347
17231,0.08042171
17232,0.069088794
17233,0.025775157
17234,0.04717078
17235,0.0179521
17236,0.20487335
17237,0.24441269
17238,0.12533332
17239,0.007912569
17240,0.011691608
17241,0.02865059
17242,0.017324224
17243,0.015316844
17244,0.01730173
17245,0.012847826
17246,0.021529838
17247,0.0152398795
17248,0.014067911
17249,0.008893147
17250,0.022061288
17251,0.056993533
17252,0.04917807
17253,0.11354126
17254,0.0072090253
17255,0.12202995
17256,0.0072988123
17257,0.20198096
17258,0.008736879
17259,0.02837263
17260,0.012698412
17261,0.012019642
17262,0.01855079
17263,0.016389728
17264,0.018397562
17265,0.033702232
17266,0.017277613
17267,0.008819424
17268,0.064756334
17269,0.026893392
17270,0.03683799
17271,0.05166375
17272,0.016465798
17273,0.015489981
17274,0.009965025
17275,0.086140744
17276,0.025105156
17277,0.048357952
17278,0.0061715096
17279,0.011084318
17280,0.028931744
17281,0.093593195
17282,0.0039511397
17283,0.010987803
17284,0.18344697
17285,0.0551798
17286,0.057090815
17287,0.06263656
17288,0.016181856
17289,0.07695943
17290,0.02448558
17291,0.012425445
17292,0.005958706
17293,0.07899571
17294,0.072022736
17295,0.007859029
17296,0.11752131
17297,0.018000722
17298,0.027262576
17299,0.039224196
17300,0.024564363
17301,0.02399242
17302,0.0108955875
17303,0.010789059
17304,0.011537842
17305,0.033010516
17306,0.008282244
17307,0.038482223
17308,0.07374875
17309,0.012596309
17310,0.25612807
17311,0.02217494
17312,0.028662369
17313,0.014667019
17314,0.0057701096
17315,0.018458858
17316,0.04203452
17317,0.022424534
17318,0.014432892
17319,0.026687726
17320,0.018510967
17321,0.03102988
17322,0.019860886
17323,0.029513858
17324,0.104578555
17325,0.159981
17326,0.07912089
17327,0.020980172
17328,0.032517757
17329,0.011250958
17330,0.042093635
17331,0.1857748
17332,0.028948933
17333,0.028113708
17334,0.086286664
17335,0.04273559
17336,0.027664468
17337,0.106777124
17338,0.059266176
17339,0.059487913
17340,0.14924338
17341,0.38714552
17342,0.018864267
17343,0.041332744
17344,0.037223756
17345,0.254703
17346,0.032285735
17347,0.28929794
17348,0.0980276
17349,0.11675535
17350,0.051329006
17351,0.017628439
17352,0.01616931
17353,0.013291657
17354,0.009166896
17355,0.34222937
17356,0.054024108
17357,0.5937331
17358,0.23573813
17359,0.037992936
17360,0.23587528
17361,0.034897197
17362,0.068665504
17363,0.037245795
17364,0.01642786
17365,0.016080365
17366,0.106161766
17367,0.26387963
17368,0.46673197
17369,0.4805883
17370,0.101406045
17371,0.24825367
17372,0.0498722
17373,0.04386054
17374,0.059931006
17375,0.014614239
17376,0.09795377
17377,0.043403167
17378,0.39822045
17379,0.1390665
17380,0.2705735
17381,0.49489507
17382,0.07826066
17383,0.021509841
17384,0.5009564
17385,0.057994734
17386,0.2809727
17387,0.05512204
17388,0.06084589
17389,0.036109105
17390,0.056201342
17391,0.028050609
17392,0.108283706
17393,0.112880826
17394,0.09328538
17395,0.03385877
17396,0.047913305
17397,0.06051814
17398,0.37719873
17399,0.04962772
17400,0.039278314
17401,0.0706447
17402,0.055383425
17403,0.07132438
17404,0.03691964
17405,0.040406022
17406,0.06103214
17407,0.1068732
17408,0.032142036
17409,0.07083295
17410,0.15887395
17411,0.27117407
17412,0.04182709
17413,0.05413725
17414,0.025772288
17415,0.014538258
17416,0.015988246
17417,0.5132939
17418,0.11328161
17419,0.0643754
17420,0.4510691
17421,0.27093843
17422,0.011713259
17423,0.096759096
17424,0.050586514
17425,0.015559502
17426,0.022290908
17427,0.022822961
17428,0.008080587
17429,0.039986875
17430,0.006256148
17431,0.08531238
17432,0.08318158
17433,0.10364163
17434,0.09396866
17435,0.24945185
17436,0.44820386
17437,0.018271133
17438,0.18364021
17439,0.05767397
17440,0.011892043
17441,0.026458673
17442,0.025365725
17443,0.03955725
17444,0.26501173
17445,0.05556089
17446,0.015698746
17447,0.065101266
17448,0.07072456
17449,0.25091574
17450,0.49319354
17451,0.049740426
17452,0.06224288
17453,0.021658048
17454,0.045461576
17455,0.06519174
17456,0.020944968
17457,0.02752024
17458,0.015265398
17459,0.12892777
17460,0.18501441
17461,0.10452677
17462,0.08999836
17463,0.06348969
17464,0.012700066
17465,0.037264626
17466,0.038746923
17467,0.0354165
17468,0.10089367
17469,0.07568547
17470,0.23394465
17471,0.02048304
17472,0.04881273
17473,0.03864622
17474,0.022283249
17475,0.017168492
17476,0.024478242
17477,0.042245053
17478,0.02236902
17479,0.020248361
17480,0.07800769
17481,0.19279204
17482,0.26660314
17483,0.04987945
17484,0.037732948
17485,0.04012221
17486,0.10941285
17487,0.07385221
17488,0.016110592
17489,0.058344264
17490,0.014051653
17491,0.029248394
17492,0.17144042
17493,0.028534114
17494,0.027526878
17495,0.035599463
17496,0.07780045
17497,0.08591773
17498,0.24130222
17499,0.2493003
17500,0.23812705
17501,0.07579396
17502,0.05199562
17503,0.018493474
17504,0.05995546
17505,0.051242344
17506,0.014339417
17507,0.102414414
17508,0.047436275
17509,0.56458366
17510,0.13850269
17511,0.017564401
17512,0.11822722
17513,0.05323569
17514,0.055842806
17515,0.017645948
17516,0.070731595
17517,0.021744668
17518,0.025223725
17519,0.094410315
17520,0.0597901
17521,0.09683718
17522,0.07037565
17523,0.1324738
17524,0.24916011
17525,0.2897049
17526,0.081584714
17527,0.028241359
17528,0.08973278
17529,0.018002383
17530,0.048464686
17531,0.07114828
17532,0.06626959
17533,0.13354686
17534,0.052127175
17535,0.10273898
17536,0.042249896
17537,0.068441495
17538,0.037245795
17539,0.01846639
17540,0.12801345
17541,0.013466962
17542,0.034866348
17543,0.063435875
17544,0.030268468
17545,0.014167726
17546,0.024298102
17547,0.04812308
17548,0.066694796
17549,0.10171213
17550,0.14786784
17551,0.1362569
17552,0.23914063
17553,0.23847169
17554,0.16612734
17555,0.017063461
17556,0.09437395
17557,0.059163082
17558,0.041557394
17559,0.09078576
17560,0.03478856
17561,0.0380842
17562,0.010121055
17563,0.051372115
17564,0.084778495
17565,0.037220083
17566,0.062383898
17567,0.0057416335
17568,0.018015802
17569,0.03036318
17570,0.11150217
17571,0.018618606
17572,0.048778325
17573,0.12032108
17574,0.07275806
17575,0.1647685
17576,0.33091903
17577,0.13829704
17578,0.12664305
17579,0.075396895
17580,0.1097181
17581,0.072666615
17582,0.09959906
17583,0.057972644
17584,0.011547588
17585,0.014218919
17586,0.28216705
17587,0.07955256
17588,0.09457785
17589,0.06151461
17590,0.09257861
17591,0.027205497
17592,0.017666876
17593,0.023489796
17594,0.05212929
17595,0.18132874
17596,0.07881686
17597,0.059443943
17598,0.14923364
17599,0.6381755
17600,0.112743124
17601,0.020635232
17602,0.39186072
17603,0.06952985
17604,0.24756241
17605,0.1881106
17606,0.074592516
17607,0.019408055
17608,0.05053375
17609,0.11019537
17610,0.17409952
17611,0.042951908
17612,0.24216458
17613,0.09309142
17614,0.0784522
17615,0.017237924
17616,0.028415106
17617,0.03006564
17618,0.07063674
17619,0.08660085
17620,0.018735051
17621,0.1445894
17622,0.14511177
17623,0.14651577
17624,0.12772137
17625,0.043755125
17626,0.13301015
17627,0.24373963
17628,0.3534654
17629,0.06342356
17630,0.054388218
17631,0.020202272
17632,0.010188095
17633,0.06439263
17634,0.49151662
17635,0.07932797
17636,0.36738175
17637,0.24648988
17638,0.016302325
17639,0.009426996
17640,0.014484569
17641,0.056716453
17642,0.066390246
17643,0.24919158
17644,0.26464796
17645,0.12978396
17646,0.10593114
17647,0.13709973
17648,0.16095133
17649,0.15630656
17650,0.18395987
17651,0.35529444
17652,0.095959395
17653,0.052495074
17654,0.09044062
17655,0.05800663
17656,0.26174986
17657,0.88503736
17658,0.05016717
17659,0.37959012
17660,0.05409112
17661,0.25659862
17662,0.018214948
17663,0.05924127
17664,0.10380462
17665,0.0189142
17666,0.06012186
17667,0.008416846
17668,0.45211673
17669,0.05569397
17670,0.10829735
17671,0.27382225
17672,0.16238916
17673,0.20928973
17674,0.373882
17675,0.4029464
17676,0.1686711
17677,0.23697543
17678,0.23491731
17679,0.95833266
17680,0.31088978
17681,0.43889534
17682,0.023331784
17683,0.21979836
17684,0.07300199
17685,0.026596501
17686,0.02033469
17687,0.014556676
17688,0.07189468
17689,0.0142271295
17690,0.05044015
17691,0.07762262
17692,0.12194766
17693,0.12453847
17694,0.13690594
17695,0.09734651
17696,0.2447145
17697,0.22999427
17698,0.09990152
17699,0.37475696
17700,0.016530454
17701,0.06064415
17702,0.90082294
17703,0.86767954
17704,0.5302268
17705,0.0071337
17706,0.025125198
17707,0.01593399
17708,0.069789454
17709,0.43928215
17710,0.08315886
17711,0.018654525
17712,0.056860782
17713,0.014240965
17714,0.06358042
17715,0.081513055
17716,0.07345902
17717,0.014697596
17718,0.40157545
17719,0.017735362
17720,0.046610713
17721,0.2648375
17722,0.12510978
17723,0.067012474
17724,0.05976363
17725,0.24527541
17726,0.38868853
17727,0.02467332
17728,0.11715165
17729,0.10442403
17730,0.10597881
17731,0.92682725
17732,0.8207351
17733,0.5207922
17734,0.017691642
17735,0.07338355
17736,0.025234304
17737,0.29566386
17738,0.096368656
17739,0.2506933
17740,0.09067986
17741,0.025564052
17742,0.11228596
17743,0.14213477
17744,0.16152632
17745,0.13992581
17746,0.49674287
17747,0.46414417
17748,0.26394674
17749,0.1676319
17750,0.1105385
17751,0.07234675
17752,0.12135609
17753,0.054346435
17754,0.035784855
17755,0.120775186
17756,0.124041736
17757,0.052444816
17758,0.10862241
17759,0.02750916
17760,0.8060541
17761,0.9941007
17762,0.982868
17763,0.13034606
17764,0.050657228
17765,0.24579966
17766,0.2841923
17767,0.022087231
17768,0.024455152
17769,0.06410857
17770,0.122799374
17771,0.06872068
17772,0.38813022
17773,0.8986786
17774,0.091081046
17775,0.13758206
17776,0.13783537
17777,0.18542339
17778,0.074876875
17779,0.40168524
17780,0.11915088
17781,0.03658524
17782,0.09679455
17783,0.09837187
17784,0.112445645
17785,0.05323782
17786,0.022670157
17787,0.27438843
17788,0.3768446
17789,0.15397719
17790,0.07538876
17791,0.12221036
17792,0.078231186
17793,0.2776541
17794,0.029643722
17795,0.042609576
17796,0.055503786
17797,0.02358491
17798,0.025614426
17799,0.05349418
17800,0.05583838
17801,0.37055466
17802,0.30750647
17803,0.27850097
17804,0.28413022
17805,0.13071705
17806,0.1826362
17807,0.17832243
17808,0.53942645
17809,0.06706505
17810,0.03443684
17811,0.043376315
17812,0.035397567
17813,0.13446431
17814,0.16864116
17815,0.11824675
17816,0.398264
17817,0.28202125
17818,0.24519187
17819,1.0725828
17820,0.13557376
17821,0.015469395
17822,0.13727796
17823,0.23928183
17824,0.018248975
17825,0.057070296
17826,0.16776653
17827,0.07867606
17828,0.045961436
17829,0.051228676
17830,0.059566766
17831,0.25360575
17832,0.4017359
17833,0.28761047
17834,0.5132041
17835,0.4401683
17836,0.18166871
17837,0.12784481
17838,0.23566705
17839,0.02624619
17840,0.17696744
17841,0.077324286
17842,0.05808511
17843,0.45946497
17844,0.25350773
17845,0.04581924
17846,0.01698102
17847,0.48121873
17848,0.3630177
17849,0.08303791
17850,0.12245153
17851,0.08650161
17852,0.05263782
17853,0.009155482
17854,0.028714217
17855,0.074100845
17856,0.12608188
17857,0.13512383
17858,0.14904766
17859,0.40670398
17860,0.7717214
17861,0.4155224
17862,0.3945392
17863,0.58645654
17864,0.10579573
17865,0.07131168
17866,0.07377868
17867,0.1357713
17868,0.18448552
17869,0.0580064
17870,0.02885954
17871,0.07481693
17872,0.13702962
17873,0.017682217
17874,0.04625066
17875,0.11135728
17876,0.01894296
17877,0.016230114
17878,0.02024185
17879,0.015342936
17880,0.034806456
17881,0.10414096
17882,0.07566658
17883,0.102100655
17884,0.24329215
17885,0.16986972
17886,0.3948038
17887,0.7577588
17888,0.6301314
17889,0.27142552
17890,0.10813193
17891,0.045569643
17892,0.018745638
17893,0.058865897
17894,0.10405928
17895,0.017137952
17896,0.00790786
17897,0.028683424
17898,0.9177234
17899,0.05397096
17900,0.019217841
17901,0.066486865
17902,0.046685893
17903,0.10405727
17904,0.050234832
17905,0.049126472
17906,0.013808779
17907,0.043023463
17908,0.019023746
17909,0.021726288
17910,0.034474082
17911,0.11905007
17912,0.13370484
17913,0.54885435
17914,0.37860084
17915,0.25268888
17916,0.95616406
17917,0.38781118
17918,0.42698047
17919,0.2632447
17920,0.043581676
17921,0.036633197
17922,0.027032495
17923,0.056412082
17924,0.049946696
17925,0.038465697
17926,0.06359472
17927,0.41887307
17928,0.22072482
17929,0.37167662
17930,0.03177798
17931,0.09483164
17932,0.11652556
17933,0.12043728
17934,0.16223639
17935,0.04820392
17936,0.033684704
17937,0.054690823
17938,0.16703977
17939,0.85346186
17940,0.4136418
17941,0.49601018
17942,0.40225166
17943,0.27742034
17944,0.2378447
17945,0.103070065
17946,0.03909952
17947,0.021456465
17948,0.009586044
17949,0.051102906
17950,0.025681183
17951,0.12342268
17952,0.1166632
17953,0.058466017
17954,0.17822474
17955,0.030302666
17956,0.071740516
17957,0.01272738
17958,0.38624114
17959,0.044877615
17960,0.013179824
17961,0.011724539
17962,0.13474399
17963,0.26289687
17964,0.041118007
17965,0.0072177947
17966,0.23883095
17967,0.2643745
17968,0.077248454
17969,0.10518716
17970,0.029319279
17971,0.10387305
17972,0.0846615
17973,0.05217876
17974,0.12705868
17975,0.11950808
17976,0.036887072
17977,0.031517528
17978,0.13349813
17979,0.098048285
17980,0.04093766
17981,0.14543192
17982,0.04060231
17983,0.060709313
17984,0.012298875
17985,0.06671741
17986,0.18337533
17987,0.3760955
17988,0.45925173
17989,0.1077959
17990,0.015070051
17991,0.034463502
17992,0.050267357
17993,0.015655048
17994,0.06676848
17995,0.13205984
17996,0.01319021
17997,0.040201742
17998,0.01339636
17999,0.021199085
18000,0.01576195
18001,0.034669247
18002,0.093706794
18003,0.109136924
18004,0.3878257
18005,0.0172403
18006,0.022177592
18007,0.20835444
18008,0.084040314
18009,0.116466
18010,0.41672832
18011,0.092869684
18012,0.0127058625
18013,0.13570844
18014,0.030797616
18015,0.080299765
18016,0.14027144
18017,0.018114872
18018,0.20469433
18019,0.030429639
18020,0.1528619
18021,0.08518499
18022,0.057011012
18023,0.021400712
18024,0.032527734
18025,0.07924202
18026,0.28120643
18027,0.032357503
18028,0.01853817
18029,0.035174455
18030,0.04177269
18031,0.06962127
18032,0.16098854
18033,0.06833613
18034,0.23788092
18035,0.09495658
18036,0.027210288
18037,0.019758381
18038,0.05316902
18039,0.046944976
18040,0.033174604
18041,0.26661375
18042,0.13621604
18043,0.025811829
18044,0.13277484
18045,0.06259668
18046,0.013032891
18047,0.0155447945
18048,0.39625657
18049,0.5936924
18050,0.24746445
18051,0.059060268
18052,0.08863442
18053,0.049661066
18054,0.03432243
18055,0.098577306
18056,0.086274356
18057,0.10335676
18058,0.9197431
18059,0.08053549
18060,0.014721043
18061,0.07909481
18062,0.08709043
18063,0.02039472
18064,0.036389068
18065,0.14187014
18066,0.48477903
18067,0.066777125
18068,0.24494001
18069,0.027604267
18070,0.047181528
18071,0.024550788
18072,0.109109014
18073,0.033655424
18074,0.030324817
18075,0.006388694
18076,0.05479588
18077,0.05349012
18078,0.02367267
18079,0.020498447
18080,0.06277049
18081,0.0190368
18082,0.110730276
18083,0.02934555
18084,0.047423232
18085,0.01762893
18086,0.03789566
18087,0.08929855
18088,0.100860916
18089,0.018241227
18090,0.05324651
18091,0.83579564
18092,0.0622891
18093,0.22227943
18094,0.053484965
18095,0.041001
18096,0.053366184
18097,0.063109264
18098,0.020745933
18099,0.29202732
18100,0.028971024
18101,0.0059197843
18102,0.01797124
18103,0.05418205
18104,0.10721472
18105,0.01933892
18106,0.11139403
18107,0.04665758
18108,0.022692963
18109,0.048478
18110,0.37323064
18111,0.022317722
18112,0.016060248
18113,0.012128338
18114,0.018276185
18115,0.011000432
18116,0.047483984
18117,0.029092513
18118,0.12186405
18119,0.07426749
18120,0.020141944
18121,0.06144017
18122,0.17477699
18123,0.10724675
18124,0.087154835
18125,0.080742925
18126,0.026446506
18127,0.05815754
18128,0.21513334
18129,0.25556654
18130,0.11751427
18131,0.0077063963
18132,0.039714873
18133,0.015079424
18134,0.013100654
18135,0.014882132
18136,0.011252388
18137,0.018002272
18138,0.015944436
18139,0.022898667
18140,0.051666263
18141,0.053481955
18142,0.13324106
18143,0.005986795
18144,0.12447826
18145,0.010187946
18146,0.18125385
18147,0.024456657
18148,0.01038561
18149,0.012252189
18150,0.0155980885
18151,0.019674815
18152,0.01857002
18153,0.036201045
18154,0.008788846
18155,0.090122685
18156,0.027713664
18157,0.04606027
18158,0.018672109
18159,0.054747522
18160,0.016988762
18161,0.008490503
18162,0.007656902
18163,0.009682924
18164,0.09698965
18165,0.022600569
18166,0.049624637
18167,0.0059850514
18168,0.029972017
18169,0.017494887
18170,0.10299988
18171,0.30249766
18172,0.05730074
18173,0.06430591
18174,0.0736925
18175,0.0749522
18176,0.02042932
18177,0.012219079
18178,0.077025115
18179,0.09694811
18180,0.011632584
18181,0.14599286
18182,0.016720444
18183,0.023613594
18184,0.04685754
18185,0.035675444
18186,0.026443519
18187,0.025881417
18188,0.0065940693
18189,0.012025103
18190,0.012578778
18191,0.008284509
18192,0.03569782
18193,0.008704208
18194,0.008903801
18195,0.0500727
18196,0.07403131
18197,0.007476032
18198,0.014944278
18199,0.26653153
18200,0.022208184
18201,0.0235999
18202,0.015522331
18203,0.036680736
18204,0.005245328
18205,0.010610156
18206,0.02101016
18207,0.047642987
18208,0.020572878
18209,0.01609765
18210,0.027720787
18211,0.03967086
18212,0.0149636045
18213,0.011393599
18214,0.035049703
18215,0.12839763
18216,0.15647899
18217,0.02008222
18218,0.09563446
18219,0.02074933
18220,0.013053328
18221,0.038159613
18222,0.010299414
18223,0.19627655
18224,0.026473224
18225,0.02777294
18226,0.11231751
18227,0.040368225
18228,0.02460023
18229,0.13026078
18230,0.046548743
18231,0.06532082
18232,0.044479918
18233,0.3613219
18234,0.38862404
18235,0.03272567
18236,0.15128538
18237,0.049335368
18238,0.29909164
18239,0.098567285
18240,0.12379916
18241,0.015538052
18242,0.03600097
18243,0.024609655
18244,0.018979482
18245,0.2523147
18246,0.054783005
18247,0.59290457
18248,0.24674773
18249,0.042973198
18250,0.10280946
18251,0.044537444
18252,0.011422269
18253,0.032586653
18254,0.015774325
18255,0.05848748
18256,0.032511953
18257,0.015593573
18258,0.017084628
18259,0.1290299
18260,0.26834235
18261,0.47378376
18262,0.42658833
18263,0.0649468
18264,0.25531095
18265,0.017404713
18266,0.048718162
18267,0.04319298
18268,0.054686297
18269,0.07939243
18270,0.4123344
18271,0.14128311
18272,0.16557887
18273,0.51839674
18274,0.07756563
18275,0.022359371
18276,0.5406295
18277,0.061905142
18278,0.53584945
18279,0.05132613
18280,0.054869864
18281,0.039748866
18282,0.05856745
18283,0.1005567
18284,0.21128628
18285,0.08825384
18286,0.030501962
18287,0.045327075
18288,0.06078101
18289,0.28050762
18290,0.049544033
18291,0.03943419
18292,0.058439348
18293,0.06313947
18294,0.06677048
18295,0.03775754
18296,0.05870693
18297,0.111119024
18298,0.073603235
18299,0.14113218
18300,0.26427826
18301,0.047894455
18302,0.03865426
18303,0.023371123
18304,0.013325259
18305,0.4906029
18306,0.103453964
18307,0.06629616
18308,0.3001119
18309,0.29095984
18310,0.07980288
18311,0.05187538
18312,0.013993457
18313,0.023158863
18314,0.0174914
18315,0.008148231
18316,0.0057985485
18317,0.08130726
18318,0.009918369
18319,0.08467643
18320,0.09463191
18321,0.09530957
18322,0.16164456
18323,0.46159247
18324,0.017536782
18325,0.1936225
18326,0.051066518
18327,0.0074238777
18328,0.028933667
18329,0.024165228
18330,0.17848319
18331,0.049433913
18332,0.013851769
18333,0.056284267
18334,0.061012357
18335,0.03343449
18336,0.1254389
18337,0.4754535
18338,0.050600585
18339,0.06428094
18340,0.020184077
18341,0.019027792
18342,0.04508873
18343,0.062189996
18344,0.009531304
18345,0.03003256
18346,0.0130243
18347,0.12507911
18348,0.17659275
18349,0.090091735
18350,0.082909
18351,0.06268129
18352,0.034164723
18353,0.038306236
18354,0.035173897
18355,0.040332016
18356,0.104387514
18357,0.072020724
18358,0.2300817
18359,0.017411076
18360,0.047581583
18361,0.03505477
18362,0.022720657
18363,0.015162043
18364,0.02415619
18365,0.03935443
18366,0.024204746
18367,0.06820585
18368,0.20665635
18369,0.37184563
18370,0.045115184
18371,0.039236262
18372,0.037598345
18373,0.10677061
18374,0.06607215
18375,0.01654999
18376,0.050508287
18377,0.16616498
18378,0.029730298
18379,0.026293494
18380,0.03584718
18381,0.0073210523
18382,0.2162888
18383,0.07884957
18384,0.24766347
18385,0.23837289
18386,0.23508912
18387,0.075403884
18388,0.05341698
18389,0.018628076
18390,0.057077695
18391,0.04716365
18392,0.012873404
18393,0.10279088
18394,0.050638083
18395,0.5995209
18396,0.12667839
18397,0.019183494
18398,0.11282344
18399,0.055020027
18400,0.050046135
18401,0.016867101
18402,0.0673771
18403,0.02589655
18404,0.0217487
18405,0.025448509
18406,0.078466825
18407,0.05776277
18408,0.22613838
18409,0.06816483
18410,0.118270926
18411,0.23429453
18412,0.3721045
18413,0.0805604
18414,0.025760546
18415,0.087188505
18416,0.020526513
18417,0.045945324
18418,0.006806843
18419,0.025513276
18420,0.010065854
18421,0.07776819
18422,0.063463464
18423,0.116417095
18424,0.05708866
18425,0.09896715
18426,0.0425349
18427,0.06562281
18428,0.034482222
18429,0.12799501
18430,0.033508893
18431,0.061620183
18432,0.03058403
18433,0.025645033
18434,0.043489408
18435,0.06770549
18436,0.09278601
18437,0.14082575
18438,0.13395214
18439,0.23837641
18440,0.14818257
18441,0.17669663
18442,0.015035011
18443,0.09757202
18444,0.012047201
18445,0.056908064
18446,0.009294488
18447,0.04458853
18448,0.10475055
18449,0.018782742
18450,0.044742875
18451,0.036150146
18452,0.012072116
18453,0.051118787
18454,0.08231412
18455,0.034529585
18456,0.062476516
18457,0.022195317
18458,0.10358259
18459,0.02095937
18460,0.04749173
18461,0.120176926
18462,0.071620904
18463,0.15717702
18464,0.32564098
18465,0.13134961
18466,0.12085402
18467,0.06823662
18468,0.102168314
18469,0.077298015
18470,0.09524736
18471,0.055823058
18472,0.010301702
18473,0.01706528
18474,0.19925404
18475,0.0723182
18476,0.08967326
18477,0.054415613
18478,0.08193199
18479,0.02012515
18480,0.018847108
18481,0.022947825
18482,0.05178623
18483,0.20811303
18484,0.07695542
18485,0.055904716
18486,0.1354955
18487,0.6690142
18488,0.10981765
18489,0.018813439
18490,0.37236586
18491,0.07012209
18492,0.24795577
18493,0.19333795
18494,0.076224595
18495,0.020411238
18496,0.05231344
18497,0.08293362
18498,0.034812737
18499,0.1023975
18500,0.15879333
18501,0.04542788
18502,0.23622048
18503,0.08446665
18504,0.074915126
18505,0.015197486
18506,0.02093561
18507,0.027064465
18508,0.06533734
18509,0.07921597
18510,0.019537657
18511,0.14257428
18512,0.14946447
18513,0.24404037
18514,0.10952577
18515,0.039722674
18516,0.11780302
18517,0.19145757
18518,0.392232
18519,0.06024228
18520,0.048966765
18521,0.020511322
18522,0.009008907
18523,0.065821454
18524,0.44251272
18525,0.05113762
18526,0.09158038
18527,0.3716421
18528,0.18140587
18529,0.01852312
18530,0.009728625
18531,0.0122222155
18532,0.0525344
18533,0.06527569
18534,0.24255604
18535,0.24801236
18536,0.11598782
18537,0.1015246
18538,0.14624214
18539,0.15683016
18540,0.14806181
18541,0.18705907
18542,0.38213003
18543,0.09284743
18544,0.015479147
18545,0.04833277
18546,0.08434377
18547,0.05065757
18548,0.36986557
18549,0.8841281
18550,0.0053943917
18551,0.04758973
18552,0.3913479
18553,0.04545157
18554,0.38808835
18555,0.057840943
18556,0.09251166
18557,0.020164467
18558,0.058131725
18559,0.47174224
18560,0.05017142
18561,0.10180682
18562,0.26331994
18563,0.15726036
18564,0.25753805
18565,0.39805058
18566,0.38851914
18567,0.027698226
18568,0.2513085
18569,0.24030703
18570,0.11016749
18571,0.8436817
18572,0.3033087
18573,0.44798362
18574,0.022564538
18575,0.113471225
18576,0.07781784
18577,0.027059525
18578,0.021802843
18579,0.006812848
18580,0.013994187
18581,0.071930766
18582,0.0100983605
18583,0.012744106
18584,0.03438876
18585,0.21386302
18586,0.12232658
18587,0.118935205
18588,0.13200259
18589,0.085349694
18590,0.25120416
18591,0.2407214
18592,0.026639514
18593,0.11501124
18594,0.2776924
18595,0.06865868
18596,0.96330756
18597,0.8484044
18598,0.53158164
18599,0.023729742
18600,0.077027276
18601,0.4412691
18602,0.07965167
18603,0.014180787
18604,0.05302583
18605,0.012670964
18606,0.062660314
18607,0.08462101
18608,0.07376755
18609,0.015582234
18610,0.4064928
18611,0.020371757
18612,0.03785667
18613,0.14566007
18614,0.12216301
18615,0.06240046
18616,0.052754007
18617,0.23513046
18618,0.35195604
18619,0.022873767
18620,0.114062175
18621,0.08824441
18622,0.24627268
18623,0.98269767
18624,0.8337692
18625,0.54655075
18626,0.019713588
18627,0.059358988
18628,0.026753522
18629,0.31213117
18630,0.08615872
18631,0.25734738
18632,0.07934101
18633,0.026551202
18634,0.10186743
18635,0.1602003
18636,0.15416078
18637,0.15998727
18638,0.49601966
18639,0.47329447
18640,0.2582206
18641,0.16697939
18642,0.099410206
18643,0.06676632
18644,0.1149067
18645,0.04231983
18646,0.032731462
18647,0.11792525
18648,0.13549705
18649,0.057933897
18650,0.09293927
18651,0.023211181
18652,0.83722377
18653,0.98067194
18654,0.9774838
18655,0.12847728
18656,0.047645777
18657,0.13519241
18658,0.44205603
18659,0.025491059
18660,0.018818744
18661,0.022224128
18662,0.058460083
18663,0.12078595
18664,0.06951935
18665,0.4014625
18666,0.93857306
18667,0.08402852
18668,0.12804687
18669,0.13805686
18670,0.17644078
18671,0.069814794
18672,0.4032394
18673,0.25810054
18674,0.036482293
18675,0.09450292
18676,0.090215296
18677,0.13253084
18678,0.05045908
18679,0.02598267
18680,0.27338
18681,0.3078323
18682,0.15241233
18683,0.0778494
18684,0.028431602
18685,0.11769895
18686,0.07314598
18687,0.26517248
18688,0.031250186
18689,0.03915975
18690,0.056778125
18691,0.019925646
18692,0.025320835
18693,0.051590472
18694,0.054229237
18695,0.4092102
18696,0.7924373
18697,0.27769628
18698,0.16526955
18699,0.11637173
18700,0.19070098
18701,0.16443855
18702,0.54745185
18703,0.061495032
18704,0.029032275
18705,0.039262198
18706,0.030731097
18707,0.13330172
18708,0.1674037
18709,0.10665633
18710,0.42192855
18711,0.26166338
18712,0.25913337
18713,0.99916816
18714,0.11499387
18715,0.014933601
18716,0.13457258
18717,0.25132728
18718,0.018631414
18719,0.059868373
18720,0.4860693
18721,0.07233216
18722,0.04486531
18723,0.047784932
18724,0.053905513
18725,0.25030646
18726,0.38877782
18727,0.38195685
18728,0.51690227
18729,0.43164155
18730,0.1727485
18731,0.14793126
18732,0.35275775
18733,0.17434862
18734,0.07292368
18735,0.043436866
18736,0.45990458
18737,0.25551304
18738,0.044028454
18739,0.014443427
18740,0.5123134
18741,0.28188303
18742,0.004145935
18743,0.08293796
18744,0.123688154
18745,0.090271056
18746,0.048319083
18747,0.011118636
18748,0.01056198
18749,0.02035854
18750,0.03476905
18751,0.06702567
18752,0.11839588
18753,0.12335568
18754,0.1480931
18755,0.40011024
18756,0.76663625
18757,0.43176126
18758,0.38887826
18759,0.57229537
18760,0.10777305
18761,0.01899767
18762,0.06545748
18763,0.06860575
18764,0.15034187
18765,0.1924861
18766,0.05776236
18767,0.026396327
18768,0.06175949
18769,0.14241715
18770,0.020241633
18771,0.0039880276
18772,0.046987265
18773,0.10894696
18774,0.018934257
18775,0.013318472
18776,0.037472654
18777,0.01871106
18778,0.015982755
18779,0.032212965
18780,0.09081214
18781,0.07305076
18782,0.089929186
18783,0.36229113
18784,0.17257369
18785,0.36105025
18786,0.7833413
18787,0.6042819
18788,0.2778956
18789,0.100750394
18790,0.043731976
18791,0.019060083
18792,0.053812712
18793,0.097875096
18794,0.01770483
18795,0.0059393346
18796,0.028017074
18797,0.933546
18798,0.04885979
18799,0.017071456
18800,0.07303865
18801,0.04392602
18802,0.1046067
18803,0.05427976
18804,0.04525171
18805,0.03827436
18806,0.018717237
18807,0.019335128
18808,0.034227375
18809,0.11609289
18810,0.13443074
18811,0.5826289
18812,0.35440725
18813,0.24128073
18814,1.0089421
18815,0.4033757
18816,0.47675744
18817,0.26287425
18818,0.0076543167
18819,0.03988484
18820,0.031671535
18821,0.031378537
18822,0.051225938
18823,0.055763986
18824,0.017547637
18825,0.039191384
18826,0.059433576
18827,0.45727107
18828,0.08124282
18829,0.37338418
18830,0.02907814
18831,0.095478125
18832,0.1120156
18833,0.12375335
18834,0.16908577
18835,0.0454284
18836,0.030958317
18837,0.053123724
18838,0.1633678
18839,0.892786
18840,0.40053895
18841,0.5116283
18842,0.27639222
18843,0.3850969
18844,0.1671167
18845,0.10397581
18846,0.04550345
18847,0.011442766
18848,0.053844675
18849,0.02063188
18850,0.12933362
18851,0.13446528
18852,0.06952726
18853,0.27267486
18854,0.030517168
18855,0.0672724
18856,0.011801958
18857,0.2604804
18858,0.04052721
18859,0.013949759
18860,0.01394552
18861,0.13283926
18862,0.24971628
18863,0.048476726
18864,0.009493649
18865,0.38029075
18866,0.2567232
18867,0.0738108
18868,0.10450732
18869,0.026725233
18870,0.0975887
18871,0.07349347
18872,0.052294187
18873,0.1158506
18874,0.10385144
18875,0.031929325
18876,0.008782096
18877,0.24264136
18878,0.10382335
18879,0.04067547
18880,0.14164636
18881,0.038814284
18882,0.06910627
18883,0.011386372
18884,0.06562594
18885,0.16216096
18886,0.3683165
18887,0.47676995
18888,0.10379202
18889,0.01895266
18890,0.030141935
18891,0.046077903
18892,0.060669757
18893,0.116095096
18894,0.0135263875
18895,0.032870524
18896,0.015187137
18897,0.020207375
18898,0.0124704465
18899,0.035163913
18900,0.09086452
18901,0.114032835
18902,0.38623652
18903,0.016413264
18904,0.022946112
18905,0.20291243
18906,0.07854018
18907,0.12258315
18908,0.4152032
18909,0.10169358
18910,0.011158183
18911,0.011382081
18912,0.24253207
18913,0.031977817
18914,0.016789012
18915,0.077556446
18916,0.14183834
18917,0.04754215
18918,0.017518744
18919,0.2094607
18920,0.01574076
18921,0.031952016
18922,0.1397724
18923,0.071234226
18924,0.05227243
18925,0.031949174
18926,0.07512841
18927,0.29041252
18928,0.030645177
18929,0.013965994
18930,0.035968203
18931,0.041533995
18932,0.06342021
18933,0.16735685
18934,0.0689957
18935,0.2425713
18936,0.090621
18937,0.02807682
18938,0.016136274
18939,0.048279494
18940,0.047834773
18941,0.026167504
18942,0.26997292
18943,0.14589244
18944,0.024003968
18945,0.11898148
18946,0.058778405
18947,0.011773422
18948,0.39534655
18949,0.6998494
18950,0.1435813
18951,0.049787823
18952,0.013185412
18953,0.08919889
18954,0.049136337
18955,0.034321684
18956,0.09396921
18957,0.081738316
18958,0.08422715
18959,0.93590665
18960,0.07212218
18961,0.016199395
18962,0.071343526
18963,0.08079124
18964,0.01992353
18965,0.14128754
18966,0.31285256
18967,0.063534565
18968,0.13976884
18969,0.043032795
18970,0.026340462
18971,0.10109287
18972,0.03552229
18973,0.028953135
18974,0.008335218
18975,0.05585159
18976,0.04998214
18977,0.020338766
18978,0.022152014
18979,0.05863604
18980,0.020541564
18981,0.12582807
18982,0.041205093
18983,0.03673261
18984,0.072487175
18985,0.09696126
18986,0.019903071
18987,0.052488673
18988,0.8724251
18989,0.062468935
18990,0.100375585
18991,0.05092401
18992,0.036192287
18993,0.05373381
18994,0.056486737
18995,0.019499645
18996,0.019981861
18997,0.4249957
18998,0.026448026
18999,0.0068691447
19000,0.003696695
19001,0.006801918
19002,0.01752381
19003,0.011140488
19004,0.050470576
19005,0.108698756
19006,0.022850573
19007,0.007315658
19008,0.10762583
19009,0.044036593
19010,0.005340986
19011,0.043764703
19012,0.2707299
19013,0.018067345
19014,0.005995482
19015,0.021068089
19016,0.013955556
19017,0.044097554
19018,0.009884231
19019,0.03475228
19020,0.0057891235
19021,0.13908616
19022,0.07040094
19023,0.0053243935
19024,0.015224218
19025,0.015772559
19026,0.024493173
19027,0.06078513
19028,0.14748816
19029,0.08583317
19030,0.08894741
19031,0.0796809
19032,0.026798248
19033,0.051506083
19034,0.21398722
19035,0.2447786
19036,0.23207352
19037,0.0069511756
19038,0.028503723
19039,0.016437188
19040,0.011588253
19041,0.013864629
19042,0.012368217
19043,0.01560621
19044,0.008394077
19045,0.014114223
19046,0.017092906
19047,0.008490436
19048,0.02515193
19049,0.06094931
19050,0.059536234
19051,0.12202257
19052,0.0053187087
19053,0.01309219
19054,0.11776963
19055,0.008578621
19056,0.27898684
19057,0.008017868
19058,0.025470093
19059,0.010066144
19060,0.009306021
19061,0.017064303
19062,0.017909281
19063,0.016634405
19064,0.03703753
19065,0.015278168
19066,0.0689337
19067,0.025604948
19068,0.04535586
19069,0.015833482
19070,0.054481756
19071,0.017283142
19072,0.017373428
19073,0.007757023
19074,0.09201163
19075,0.022666208
19076,0.043278195
19077,0.02900336
19078,0.011260405
19079,0.016960397
19080,0.099324375
19081,0.017557815
19082,0.012977295
19083,0.009938799
19084,0.30695006
19085,0.06759903
19086,0.061144542
19087,0.07606436
19088,0.015138753
19089,0.06060383
19090,0.02344501
19091,0.010329448
19092,0.09082882
19093,0.016981497
19094,0.09081623
19095,0.15411085
19096,0.016757749
19097,0.04652732
19098,0.040479347
19099,0.022035971
19100,0.020681396
19101,0.009598814
19102,0.0065283775
19103,0.008652516
19104,0.03276389
19105,0.009970993
19106,0.011294469
19107,0.048923396
19108,0.075312
19109,0.17699072
19110,0.029297806
19111,0.0037700683
19112,0.018082015
19113,0.050861876
19114,0.021056406
19115,0.026421845
19116,0.01939217
19117,0.041269835
19118,0.009930603
19119,0.12650505
19120,0.16532914
19121,0.098042086
19122,0.019731738
19123,0.010952108
19124,0.040768836
19125,0.037256207
19126,0.07339112
19127,0.04690087
19128,0.02177798
19129,0.030214414
19130,0.049846437
19131,0.10229269
19132,0.05062588
19133,0.0052391067
19134,0.118804656
19135,0.07336646
19136,0.061486963
19137,0.14499529
19138,0.3583554
19139,0.27137703
19140,0.061130174
19141,0.19252764
19142,0.10833226
19143,0.24136913
19144,0.037586458
19145,0.043078057
19146,0.032551304
19147,0.014083609
19148,0.13925147
19149,0.05077825
19150,0.59445745
19151,0.24673846
19152,0.013963267
19153,0.11162587
19154,0.033592235
19155,0.05984345
19156,0.030814603
19157,0.014459826
19158,0.01496049
19159,0.12637682
19160,0.27005988
19161,0.2988307
19162,0.4448825
19163,0.05623514
19164,0.10935171
19165,0.11694459
19166,0.017928168
19167,0.049932074
19168,0.039984044
19169,0.052037667
19170,0.0926423
19171,0.042333767
19172,0.40547717
19173,0.12653816
19174,0.1585292
19175,0.47540447
19176,0.022551253
19177,0.5040578
19178,0.017259859
19179,0.05854562
19180,0.5621112
19181,0.050023727
19182,0.05749196
19183,0.03812419
19184,0.07013582
19185,0.10714394
19186,0.112853654
19187,0.082190976
19188,0.03147005
19189,0.041608427
19190,0.06128327
19191,0.29879403
19192,0.050615128
19193,0.034903456
19194,0.055911515
19195,0.05128674
19196,0.061330203
19197,0.028704539
19198,0.10929115
19199,0.070363894
19200,0.16981928
19201,0.17513263
19202,0.0426505
19203,0.04237502
19204,0.013614535
19205,0.015693732
19206,0.49842355
19207,0.09222341
19208,0.0719254
19209,0.45885986
19210,0.47283518
19211,0.09346653
19212,0.04821895
19213,0.013572715
19214,0.014448844
19215,0.018335953
19216,0.007933833
19217,0.039566983
19218,0.008397773
19219,0.08140868
19220,0.09947844
19221,0.098949276
19222,0.16484576
19223,0.4646629
19224,0.017547928
19225,0.18569447
19226,0.050992068
19227,0.0072878227
19228,0.033196107
19229,0.026677497
19230,0.038666774
19231,0.27633175
19232,0.02192419
19233,0.040725533
19234,0.056243587
19235,0.06430659
19236,0.038939457
19237,0.25052586
19238,0.49486607
19239,0.0466812
19240,0.05754473
19241,0.017426483
19242,0.022864766
19243,0.043948945
19244,0.06130206
19245,0.035373665
19246,0.11884973
19247,0.18035115
19248,0.091669686
19249,0.07948393
19250,0.056727644
19251,0.03409642
19252,0.035898037
19253,0.03356222
19254,0.045272052
19255,0.10424941
19256,0.0736332
19257,0.25021872
19258,0.021257639
19259,0.049409047
19260,0.03490385
19261,0.02079586
19262,0.015731283
19263,0.021896489
19264,0.042950563
19265,0.025024563
19266,0.0716705
19267,0.22076362
19268,0.39654827
19269,0.04250137
19270,0.039224435
19271,0.03528715
19272,0.09365651
19273,0.072037175
19274,0.016476996
19275,0.06107144
19276,0.030203193
19277,0.16731551
19278,0.02895052
19279,0.029016204
19280,0.037076905
19281,0.007848024
19282,0.22362894
19283,0.07964055
19284,0.24547964
19285,0.23179078
19286,0.23768803
19287,0.07553773
19288,0.05111128
19289,0.020051502
19290,0.056412812
19291,0.051882662
19292,0.010387592
19293,0.1125844
19294,0.050564956
19295,0.5450759
19296,0.13444988
19297,0.018844627
19298,0.119577244
19299,0.053134263
19300,0.022413485
19301,0.013678856
19302,0.067857906
19303,0.027666591
19304,0.012901396
19305,0.021506034
19306,0.02372308
19307,0.082669154
19308,0.058239497
19309,0.22210711
19310,0.07300994
19311,0.11880231
19312,0.23904464
19313,0.40402076
19314,0.08342177
19315,0.027383097
19316,0.09111647
19317,0.019653954
19318,0.04604712
19319,0.007493712
19320,0.025711797
19321,0.009778567
19322,0.069444165
19323,0.06524279
19324,0.13750924
19325,0.057444967
19326,0.09485313
19327,0.041928865
19328,0.065820105
19329,0.03334546
19330,0.13769457
19331,0.012345575
19332,0.059110783
19333,0.03408383
19334,0.0135469735
19335,0.025542282
19336,0.042565167
19337,0.06692192
19338,0.095874496
19339,0.1367969
19340,0.12731268
19341,0.25286508
19342,0.14025494
19343,0.17376694
19344,0.016404115
19345,0.09905481
19346,0.054982528
19347,0.042843305
19348,0.09378993
19349,0.021888629
19350,0.04667527
19351,0.042528305
19352,0.054533023
19353,0.078343734
19354,0.03044933
19355,0.058995992
19356,0.021287285
19357,0.028523393
19358,0.09790961
19359,0.018708058
19360,0.050555214
19361,0.105087355
19362,0.07144821
19363,0.16271314
19364,0.33352712
19365,0.12985352
19366,0.23759976
19367,0.07198851
19368,0.10668633
19369,0.081594504
19370,0.09211812
19371,0.06020073
19372,0.014504969
19373,0.01864256
19374,0.28174162
19375,0.06745928
19376,0.07906608
19377,0.054839805
19378,0.08220279
19379,0.017211244
19380,0.025475688
19381,0.048320264
19382,0.3168151
19383,0.07492163
19384,0.05634439
19385,0.13219503
19386,0.64783764
19387,0.10430768
19388,0.01992476
19389,0.36843663
19390,0.06788388
19391,0.24273688
19392,0.18162423
19393,0.071856275
19394,0.020118348
19395,0.046598993
19396,0.041335672
19397,0.10649328
19398,0.16764313
19399,0.04771605
19400,0.15749732
19401,0.091488324
19402,0.07673068
19403,0.02282045
19404,0.025430545
19405,0.0645005
19406,0.08325209
19407,0.018645898
19408,0.14167237
19409,0.14957532
19410,0.15468493
19411,0.10306565
19412,0.041460548
19413,0.120410666
19414,0.18972236
19415,0.3850335
19416,0.05720321
19417,0.010232687
19418,0.051478446
19419,0.018657096
19420,0.0076952055
19421,0.06235465
19422,0.41968963
19423,0.045241885
19424,0.086880416
19425,0.40885422
19426,0.24540994
19427,0.00881654
19428,0.012254648
19429,0.050578356
19430,0.06927445
19431,0.2418963
19432,0.35616335
19433,0.120307446
19434,0.10596852
19435,0.26127258
19436,0.15744111
19437,0.15677616
19438,0.24194923
19439,0.38804713
19440,0.096251465
19441,0.05292812
19442,0.08563921
19443,0.04862842
19444,0.2659766
19445,0.88686764
19446,0.050827667
19447,0.30253634
19448,0.047020834
19449,0.2032184
19450,0.056627
19451,0.09479265
19452,0.02382391
19453,0.05972296
19454,0.008051425
19455,0.47280377
19456,0.18538949
19457,0.09595923
19458,0.2678797
19459,0.15268067
19460,0.2559787
19461,0.38130346
19462,0.4098311
19463,0.028837763
19464,0.1653367
19465,0.22136891
19466,0.11573244
19467,0.92333174
19468,0.40147427
19469,0.44663352
19470,0.023880213
19471,0.21372238
19472,0.068813875
19473,0.02087447
19474,0.014255479
19475,0.06896288
19476,0.014516771
19477,0.036626533
19478,0.07501029
19479,0.12192773
19480,0.11367003
19481,0.12498258
19482,0.08781078
19483,0.3983166
19484,0.39385563
19485,0.025119714
19486,0.114227526
19487,0.37210667
19488,0.01789084
19489,0.05511465
19490,0.9465385
19491,0.89985025
19492,0.54402775
19493,0.0060336366
19494,0.014246903
19495,0.078974575
19496,0.45581686
19497,0.08616681
19498,0.014831394
19499,0.05292406
19500,0.0084016025
19501,0.013087943
19502,0.059573457
19503,0.0822497
19504,0.078248575
19505,0.015276723
19506,0.40058574
19507,0.019244365
19508,0.043040708
19509,0.14087048
19510,0.11997783
19511,0.06446737
19512,0.05096565
19513,0.38595954
19514,0.36182627
19515,0.024747558
19516,0.11024005
19517,0.10263685
19518,0.10214429
19519,0.96111065
19520,0.812313
19521,0.54000235
19522,0.0616573
19523,0.025955051
19524,0.0094253495
19525,0.30329886
19526,0.08825577
19527,0.1927933
19528,0.03979551
19529,0.080182545
19530,0.025284037
19531,0.09949835
19532,0.13385804
19533,0.15444551
19534,0.14255472
19535,0.5265289
19536,0.46312422
19537,0.26020318
19538,0.16925809
19539,0.1002788
19540,0.07200677
19541,0.11903447
19542,0.050132092
19543,0.033682927
19544,0.020991184
19545,0.11621861
19546,0.1364105
19547,0.05344514
19548,0.09719641
19549,0.019837908
19550,0.86376363
19551,0.972213
19552,0.9421814
19553,0.12781739
19554,0.047645777
19555,0.23375055
19556,0.012499966
19557,0.42501882
19558,0.024813369
19559,0.018764727
19560,0.021589719
19561,0.06177172
19562,0.11523145
19563,0.06629811
19564,0.38828602
19565,0.9404053
19566,0.08721828
19567,0.12794155
19568,0.1314614
19569,0.1850335
19570,0.064899504
19571,0.40630135
19572,0.25494695
19573,0.03648169
19574,0.09929336
19575,0.08512037
19576,0.10757294
19577,0.052828927
19578,0.025354438
19579,0.27434257
19580,0.29000822
19581,0.16940612
19582,0.07307981
19583,0.12014419
19584,0.079184316
19585,0.27654767
19586,0.027849182
19587,0.040892765
19588,0.05421007
19589,0.02239921
19590,0.023614258
19591,0.051284336
19592,0.05369818
19593,0.3825157
19594,0.7401577
19595,0.27712244
19596,0.15544131
19597,0.13061234
19598,0.19211066
19599,0.16150646
19600,0.5490405
19601,0.06750643
19602,0.02955649
19603,0.03781271
19604,0.033399988
19605,0.13421702
19606,0.16417664
19607,0.23990831
19608,0.24607643
19609,0.36175495
19610,0.16304526
19611,1.0009487
19612,0.13737479
19613,0.015686415
19614,0.13806212
19615,0.246227
19616,0.018900707
19617,0.05616037
19618,0.27790278
19619,0.07162519
19620,0.044881195
19621,0.047587533
19622,0.05431127
19623,0.2526678
19624,0.4111415
19625,0.26684302
19626,0.5180919
19627,0.40141553
19628,0.1769253
19629,0.15108205
19630,0.3659464
19631,0.019372866
19632,0.15795586
19633,0.07959972
19634,0.04900316
19635,0.4536092
19636,0.2592182
19637,0.044018585
19638,0.47870588
19639,0.4060383
19640,0.081708476
19641,0.124057405
19642,0.08553134
19643,0.04511945
19644,0.010261819
19645,0.018695913
19646,0.03731594
19647,0.068970114
19648,0.11013487
19649,0.12257404
19650,0.14269698
19651,0.4018112
19652,0.7619589
19653,0.41903353
19654,0.37134978
19655,0.58202183
19656,0.10230395
19657,0.06272429
19658,0.07301574
19659,0.14602587
19660,0.25297603
19661,0.05917322
19662,0.023833305
19663,0.0621795
19664,0.13118908
19665,0.01859495
19666,0.0035204515
19667,0.041975085
19668,0.10740788
19669,0.017912008
19670,0.0123832
19671,0.036464967
19672,0.021790884
19673,0.015427843
19674,0.036950834
19675,0.08615387
19676,0.078305244
19677,0.09116452
19678,0.24634296
19679,0.15974596
19680,0.34978443
19681,0.7543946
19682,0.6503427
19683,0.2768897
19684,0.102542154
19685,0.046238106
19686,0.019902691
19687,0.057336472
19688,0.1000399
19689,0.01658234
19690,0.008162968
19691,0.9552754
19692,0.04792616
19693,0.016701385
19694,0.06833279
19695,0.038417406
19696,0.09107426
19697,0.04825577
19698,0.047904126
19699,0.037494026
19700,0.01968553
19701,0.019478843
19702,0.034990754
19703,0.119399466
19704,0.12858465
19705,0.5429239
19706,0.35622638
19707,0.2458657
19708,0.9845991
19709,0.38621888
19710,0.44577473
19711,0.25484368
19712,0.041299004
19713,0.0297869
19714,0.028443351
19715,0.04797563
19716,0.056053326
19717,0.038929783
19718,0.053118568
19719,0.4603616
19720,0.08658175
19721,0.35691595
19722,0.038099524
19723,0.09848885
19724,0.12045354
19725,0.13631174
19726,0.18289244
19727,0.04536592
19728,0.036309786
19729,0.013018973
19730,0.052761048
19731,0.15886587
19732,0.8806901
19733,0.39556518
19734,0.5062758
19735,0.37458766
19736,0.2695732
19737,0.18379505
19738,0.10623966
19739,0.049060192
19740,0.020320944
19741,0.011436075
19742,0.049574375
19743,0.02286528
19744,0.12032521
19745,0.1319881
19746,0.066158295
19747,0.27446097
19748,0.031887524
19749,0.06634612
19750,0.26048356
19751,0.04209626
19752,0.013299599
19753,0.01755131
19754,0.13224146
19755,0.24947774
19756,0.044158805
19757,0.0073588192
19758,0.23593688
19759,0.2622778
19760,0.074962474
19761,0.102337204
19762,0.03162299
19763,0.09843603
19764,0.08186686
19765,0.04396602
19766,0.12425193
19767,0.10617642
19768,0.035658397
19769,0.029674321
19770,0.2414658
19771,0.015132263
19772,0.101988904
19773,0.04130836
19774,0.14831829
19775,0.038081754
19776,0.06330983
19777,0.011133514
19778,0.06677385
19779,0.18290749
19780,0.3808371
19781,0.5001765
19782,0.09993491
19783,0.019450314
19784,0.03355788
19785,0.043774363
19786,0.01860062
19787,0.06823875
19788,0.11364579
19789,0.014845319
19790,0.04214871
19791,0.013793953
19792,0.01904016
19793,0.012818567
19794,0.0370532
19795,0.092404045
19796,0.11635397
19797,0.40687743
19798,0.013104774
19799,0.021416761
19800,0.07100783
19801,0.0867468
19802,0.115864486
19803,0.40187564
19804,0.0947727
19805,0.12843667
19806,0.03406452
19807,0.07391305
19808,0.13432568
19809,0.048359092
19810,0.01678425
19811,0.008648515
19812,0.27538374
19813,0.023347132
19814,0.027998544
19815,0.14675716
19816,0.0779255
19817,0.05104305
19818,0.021798044
19819,0.029488087
19820,0.068280965
19821,0.30010927
19822,0.028453521
19823,0.013283186
19824,0.03114894
19825,0.044970006
19826,0.055860393
19827,0.17381516
19828,0.070265666
19829,0.24297154
19830,0.08320374
19831,0.02735646
19832,0.04870421
19833,0.05005177
19834,0.029288262
19835,0.26725847
19836,0.15037984
19837,0.023022957
19838,0.10921507
19839,0.05712626
19840,0.011114024
19841,0.014075153
19842,0.38837686
19843,0.6870496
19844,0.2432656
19845,0.0589945
19846,0.08729086
19847,0.056056924
19848,0.031685293
19849,0.09447892
19850,0.08310445
19851,0.10371066
19852,0.9237378
19853,0.020364292
19854,0.07202958
19855,0.014758773
19856,0.08203428
19857,0.08150063
19858,0.020371154
19859,0.03281986
19860,0.13402112
19861,0.3124108
19862,0.06884827
19863,0.13765532
19864,0.025586464
19865,0.042816352
19866,0.013650894
19867,0.025920361
19868,0.102281354
19869,0.029603288
19870,0.028613903
19871,0.00766214
19872,0.054405496
19873,0.05155568
19874,0.024860248
19875,0.02046375
19876,0.06002093
19877,0.019033402
19878,0.11973855
19879,0.042938214
19880,0.035398584
19881,0.076095104
19882,0.09865257
19883,0.020474955
19884,0.05321187
19885,0.82311606
19886,0.06448726
19887,0.12670691
19888,0.04836102
19889,0.03557765
19890,0.05218652
19891,0.052706823
19892,0.017017461
19893,0.02126193
19894,0.29793283
19895,0.028802596
19896,0.005456455
19897,0.01633583
19898,0.012120888
19899,0.0513554
19900,0.10692337
19901,0.02114553
19902,0.009454429
19903,0.11069737
19904,0.04454438
19905,0.02097091
19906,0.004921153
19907,0.04575203
19908,0.37364382
19909,0.016197145
19910,0.004430324
19911,0.017660879
19912,0.01272925
19913,0.04754733
19914,0.026247956
19915,0.12596756
19916,0.083248965
19917,0.015999444
19918,0.020350449
19919,0.06369634
19920,0.2283983
19921,0.08812447
19922,0.08969416
19923,0.07538318
19924,0.026230767
19925,0.056690823
19926,0.01839903
19927,0.21250775
19928,0.16906494
19929,0.35055932
19930,0.006050259
19931,0.012789287
19932,0.013040289
19933,0.011728264
19934,0.014325328
19935,0.0096724555
19936,0.017366879
19937,0.008831948
19938,0.013164915
19939,0.014658652
19940,0.023406029
19941,0.05363675
19942,0.049170192
19943,0.12936845
19944,0.118950516
19945,0.27104345
19946,0.025269903
19947,0.009844653
19948,0.019466758
19949,0.020351037
19950,0.010591336
19951,0.017870367
19952,0.03615282
19953,0.014256708
19954,0.018956393
19955,0.008977778
19956,0.009968251
19957,0.06616493
19958,0.027308643
19959,0.046000227
19960,0.015321933
19961,0.060853753
19962,0.015397742
19963,0.0135425925
19964,0.0071119815
19965,0.10624803
19966,0.020901442
19967,0.046189673
19968,0.0135060325
19969,0.034380194
19970,0.014820054
19971,0.015493691
19972,0.108202636
19973,0.01109609
19974,0.3023121
19975,0.056479868
19976,0.058846045
19977,0.06797391
19978,0.07752127
19979,0.020894058
19980,0.009800725
19981,0.09809304
19982,0.014876343
19983,0.0910813
19984,0.14906144
19985,0.016280465
19986,0.025228612
19987,0.043304473
19988,0.043792974
19989,0.021793962
19990,0.011732459
19991,0.00727237
19992,0.011013046
19993,0.011759326
19994,0.008656889
19995,0.032592993
19996,0.00957974
19997,0.05270033
19998,0.07331491
19999,0.16465881
20000,0.019360073
20001,0.0030929297
20002,0.009833559
20003,0.014591195
20004,0.04423862
20005,0.021994479
20006,0.015230343
20007,0.026092038
20008,0.039969955
20009,0.014954045
20010,0.032300863
20011,0.13531405
20012,0.1527381
20013,0.008391283
20014,0.08237353
20015,0.020889372
20016,0.037870735
20017,0.045399603
20018,0.031435758
20019,0.03167094
20020,0.058359917
20021,0.046017617
20022,0.09944152
20023,0.0384906
20024,0.030472666
20025,0.12352576
20026,0.052421086
20027,0.05463836
20028,0.052080274
20029,0.14129713
20030,0.21711949
20031,0.2722223
20032,0.3670306
20033,0.09556447
20034,0.23082551
20035,0.040346902
20036,0.01725889
20037,0.02545873
20038,0.013855636
20039,0.12298854
20040,0.05286773
20041,0.6017975
20042,0.11245177
20043,0.03401378
20044,0.116696514
20045,0.03434407
20046,0.01140289
20047,0.052301656
20048,0.037661724
20049,0.014656238
20050,0.1147921
20051,0.11222346
20052,0.46730033
20053,0.44073942
20054,0.03703421
20055,0.11158424
20056,0.24500272
20057,0.018497087
20058,0.046503246
20059,0.043333486
20060,0.04744263
20061,0.09356506
20062,0.38246104
20063,0.13889177
20064,0.15567434
20065,0.4402129
20066,0.507225
20067,0.056242414
20068,0.3130453
20069,0.05159558
20070,0.058895275
20071,0.03685904
20072,0.053013925
20073,0.08974259
20074,0.10548054
20075,0.031779617
20076,0.043943148
20077,0.06085539
20078,0.37970218
20079,0.04696533
20080,0.040449776
20081,0.058889113
20082,0.048481476
20083,0.062464036
20084,0.027657256
20085,0.10971065
20086,0.03197608
20087,0.07040025
20088,0.24550337
20089,0.17275143
20090,0.039612718
20091,0.03892356
20092,0.014855161
20093,0.016792327
20094,0.014997095
20095,0.5218282
20096,0.09717923
20097,0.07008505
20098,0.2962379
20099,0.4576083
20100,0.0045418143
20101,0.08693902
20102,0.042517576
20103,0.01223626
20104,0.014762953
20105,0.015157796
20106,0.04735832
20107,0.010537967
20108,0.07755603
20109,0.087566085
20110,0.090114675
20111,0.24822935
20112,0.47365797
20113,0.19186153
20114,0.05187048
20115,0.007513836
20116,0.025259688
20117,0.035272114
20118,0.27569857
20119,0.04615374
20120,0.062346265
20121,0.06893549
20122,0.25069627
20123,0.30059025
20124,0.048770066
20125,0.05814431
20126,0.01812955
20127,0.022602528
20128,0.045660317
20129,0.06341474
20130,0.028140828
20131,0.12506548
20132,0.17725953
20133,0.092010975
20134,0.09205473
20135,0.06319915
20136,0.036089547
20137,0.03587536
20138,0.037567426
20139,0.04315726
20140,0.094114244
20141,0.072832465
20142,0.22908375
20143,0.018378906
20144,0.046805505
20145,0.032975722
20146,0.021612823
20147,0.014045283
20148,0.025294103
20149,0.039838597
20150,0.022904254
20151,0.067441046
20152,0.1905711
20153,0.27058244
20154,0.046643503
20155,0.038410977
20156,0.03657298
20157,0.08977164
20158,0.064530395
20159,0.05204123
20160,0.030212983
20161,0.16550708
20162,0.028807975
20163,0.028630003
20164,0.037610903
20165,0.008101724
20166,0.07358183
20167,0.07349397
20168,0.23887202
20169,0.23216474
20170,0.2345829
20171,0.072509155
20172,0.050466746
20173,0.017125182
20174,0.05352289
20175,0.04801531
20176,0.012806065
20177,0.10488104
20178,0.04730826
20179,0.5509122
20180,0.1271405
20181,0.018875502
20182,0.11714981
20183,0.0534128
20184,0.051943395
20185,0.020890884
20186,0.01789663
20187,0.011597879
20188,0.07373276
20189,0.020864464
20190,0.024936147
20191,0.08273315
20192,0.055555273
20193,0.09000431
20194,0.07059742
20195,0.11482242
20196,0.40661815
20197,0.3645151
20198,0.22625256
20199,0.02608841
20200,0.08298627
20201,0.019679435
20202,0.04202171
20203,0.023748063
20204,0.010949299
20205,0.07130018
20206,0.061558366
20207,0.12079097
20208,0.057416275
20209,0.10286404
20210,0.04023539
20211,0.06856869
20212,0.030503131
20213,0.020572312
20214,0.022648089
20215,0.14059618
20216,0.012477279
20217,0.030861355
20218,0.0613422
20219,0.03226751
20220,0.013762169
20221,0.023379177
20222,0.042565167
20223,0.067304954
20224,0.101393886
20225,0.14448315
20226,0.14813708
20227,0.16928604
20228,0.24629179
20229,0.2587414
20230,0.016071849
20231,0.09729091
20232,0.058798634
20233,0.010672033
20234,0.041363835
20235,0.09589692
20236,0.048083857
20237,0.036922235
20238,0.052261345
20239,0.08381893
20240,0.029186592
20241,0.059696008
20242,0.021262474
20243,0.025270693
20244,0.09388691
20245,0.018631294
20246,0.048133492
20247,0.1081403
20248,0.07202514
20249,0.15896115
20250,0.33105186
20251,0.12907794
20252,0.24583504
20253,0.068869814
20254,0.09958031
20255,0.07713567
20256,0.09411259
20257,0.058752943
20258,0.015823118
20259,0.27900663
20260,0.07054898
20261,0.082937635
20262,0.05166451
20263,0.09517974
20264,0.01598356
20265,0.016164355
20266,0.022306845
20267,0.049310632
20268,0.31830737
20269,0.07206738
20270,0.05587809
20271,0.13296098
20272,0.64379734
20273,0.10555864
20274,0.019961327
20275,0.36476725
20276,0.06833326
20277,0.24255538
20278,0.18762949
20279,0.06857961
20280,0.006844148
20281,0.021269873
20282,0.04912525
20283,0.043955896
20284,0.10835408
20285,0.18250073
20286,0.041724574
20287,0.2384041
20288,0.081913084
20289,0.0072747394
20290,0.07619238
20291,0.022279553
20292,0.06486405
20293,0.074342206
20294,0.020191327
20295,0.13335189
20296,0.14270121
20297,0.24336544
20298,0.09811252
20299,0.03905779
20300,0.12735961
20301,0.2376399
20302,0.35953933
20303,0.059870668
20304,0.053364977
20305,0.019626237
20306,0.008603744
20307,0.061128326
20308,0.43702665
20309,0.047601216
20310,0.07569253
20311,0.39248616
20312,0.24645683
20313,0.0077039152
20314,0.015330806
20315,0.012414634
20316,0.05086526
20317,0.067343086
20318,0.2672254
20319,0.37275898
20320,0.11269509
20321,0.10541755
20322,0.26856965
20323,0.15414527
20324,0.15857784
20325,0.24409667
20326,0.3664077
20327,0.08502723
20328,0.045544896
20329,0.091801405
20330,0.055207524
20331,0.26628086
20332,0.8489009
20333,0.005237676
20334,0.049624614
20335,0.28837734
20336,0.04837222
20337,0.20379308
20338,0.02029299
20339,0.059703115
20340,0.087224364
20341,0.0199501
20342,0.063630484
20343,0.457954
20344,0.18125546
20345,0.095432214
20346,0.1841231
20347,0.15367791
20348,0.24491498
20349,0.37570885
20350,0.387676
20351,0.028263412
20352,0.16174217
20353,0.22938824
20354,0.12156037
20355,0.89784294
20356,0.4476524
20357,0.40855408
20358,0.006055504
20359,0.023405015
20360,0.22006348
20361,0.06540619
20362,0.027969018
20363,0.019082315
20364,0.06638743
20365,0.007945828
20366,0.010659225
20367,0.0143243745
20368,0.036626533
20369,0.07341898
20370,0.12525535
20371,0.119580165
20372,0.1353015
20373,0.09171707
20374,0.3869601
20375,0.2503545
20376,0.029083759
20377,0.113935694
20378,0.20406446
20379,0.016612716
20380,0.059139125
20381,0.9391063
20382,0.35628232
20383,0.54290146
20384,0.019597761
20385,0.0709585
20386,0.45335764
20387,0.08310933
20388,0.015105441
20389,0.05287312
20390,0.012773998
20391,0.0600605
20392,0.08130047
20393,0.069851324
20394,0.018650487
20395,0.40776998
20396,0.018347286
20397,0.043005105
20398,0.14751834
20399,0.11819556
20400,0.062017508
20401,0.05131922
20402,0.38836825
20403,0.3450207
20404,0.024135776
20405,0.123588845
20406,0.09685113
20407,0.09731083
20408,0.9086153
20409,0.83100843
20410,0.5532713
20411,0.016585127
20412,0.08490923
20413,0.031439386
20414,0.42360258
20415,0.08687694
20416,0.2542742
20417,0.049716383
20418,0.08614596
20419,0.02364023
20420,0.10101996
20421,0.15971825
20422,0.15830952
20423,0.14125802
20424,0.54982185
20425,0.46139064
20426,0.26397094
20427,0.16324207
20428,0.10845435
20429,0.06748599
20430,0.11505589
20431,0.04699054
20432,0.0355065
20433,0.11911374
20434,0.13902959
20435,0.061812147
20436,0.21701516
20437,0.023430072
20438,0.87586075
20439,1.0100416
20440,0.9269837
20441,0.13205458
20442,0.045998197
20443,0.22596273
20444,0.016445763
20445,0.46086058
20446,0.027288802
20447,0.018444344
20448,0.020394802
20449,0.060841803
20450,0.12348465
20451,0.06681718
20452,0.36890727
20453,0.95738345
20454,0.09173848
20455,0.13482119
20456,0.12798075
20457,0.26079336
20458,0.070318885
20459,0.37930292
20460,0.2723588
20461,0.034730837
20462,0.10443135
20463,0.09245709
20464,0.09504511
20465,0.053542644
20466,0.026429243
20467,0.28441164
20468,0.27905506
20469,0.1578284
20470,0.076950684
20471,0.028959654
20472,0.10410918
20473,0.07835309
20474,0.19202176
20475,0.025098339
20476,0.03614933
20477,0.054035746
20478,0.021160454
20479,0.024643876
20480,0.048285957
20481,0.05281524
20482,0.41238326
20483,0.76847404
20484,0.37403658
20485,0.274138
20486,0.11681328
20487,0.18930727
20488,0.16513513
20489,0.49378556
20490,0.07658332
20491,0.039574195
20492,0.030265696
20493,0.11771746
20494,0.16295236
20495,0.12889771
20496,0.30998033
20497,0.37043765
20498,0.16928184
20499,1.029076
20500,0.12601098
20501,0.015018709
20502,0.1245981
20503,0.24442369
20504,0.021742716
20505,0.058560606
20506,0.26302972
20507,0.07788082
20508,0.044249024
20509,0.047199693
20510,0.060169324
20511,0.16276175
20512,0.41047597
20513,0.28002456
20514,0.51838094
20515,0.30029383
20516,0.15886283
20517,0.13462365
20518,0.36822426
20519,0.23187572
20520,0.07516869
20521,0.045030113
20522,0.45506158
20523,0.19226272
20524,0.04615421
20525,0.48704234
20526,0.27841067
20527,0.0044299364
20528,0.08001153
20529,0.12691128
20530,0.08675946
20531,0.05172433
20532,0.020336203
20533,0.027316809
20534,0.06794447
20535,0.11165484
20536,0.107539125
20537,0.14236856
20538,0.3918497
20539,0.76225245
20540,0.4089063
20541,0.37414268
20542,0.5235049
20543,0.10418233
20544,0.06545748
20545,0.0668691
20546,0.14242278
20547,0.1973207
20548,0.05352724
20549,0.026455604
20550,0.08139898
20551,0.12917992
20552,0.020031653
20553,0.003855072
20554,0.04566907
20555,0.1173724
20556,0.018114887
20557,0.039501417
20558,0.0147698745
20559,0.036951978
20560,0.09815315
20561,0.07412514
20562,0.08993413
20563,0.38244066
20564,0.2725046
20565,0.36918455
20566,0.7234792
20567,0.6307288
20568,0.26733112
20569,0.103134334
20570,0.04228936
20571,0.017803557
20572,0.05623783
20573,0.09099065
20574,0.023770489
20575,0.008574329
20576,0.029474601
20577,0.9628991
20578,0.04997683
20579,0.017638966
20580,0.069822766
20581,0.047327776
20582,0.09269448
20583,0.04896675
20584,0.0465187
20585,0.013779998
20586,0.042138614
20587,0.020400919
20588,0.018917777
20589,0.028780542
20590,0.09871486
20591,0.13435476
20592,0.57132083
20593,0.3634374
20594,0.25419316
20595,1.0163188
20596,0.38436708
20597,0.49837062
20598,0.2638401
20599,0.033387713
20600,0.02505482
20601,0.054992937
20602,0.057409413
20603,0.017950572
20604,0.034399815
20605,0.05390662
20606,0.43487334
20607,0.085013606
20608,0.3713931
20609,0.03629612
20610,0.09663746
20611,0.107770614
20612,0.13378642
20613,0.16938251
20614,0.04961772
20615,0.011463992
20616,0.052607547
20617,0.16041091
20618,0.906604
20619,0.37267154
20620,0.51513714
20621,0.2754791
20622,0.36868003
20623,0.18710536
20624,0.11436214
20625,0.046341892
20626,0.011102989
20627,0.05218745
20628,0.024909861
20629,0.117248364
20630,0.12712294
20631,0.05255661
20632,0.3741798
20633,0.030140258
20634,0.07687715
20635,0.008036666
20636,0.40162846
20637,0.041746754
20638,0.01452855
20639,0.0149935335
20640,0.13582093
20641,0.41900373
20642,0.046962682
20643,0.008408517
20644,0.23782542
20645,0.2592519
20646,0.07477677
20647,0.107170135
20648,0.026087448
20649,0.09295184
20650,0.08048986
20651,0.04952189
20652,0.13458127
20653,0.10217573
20654,0.032021355
20655,0.02705855
20656,0.009702414
20657,0.13523963
20658,0.016113952
20659,0.09865787
20660,0.007524155
20661,0.044022635
20662,0.14799513
20663,0.03797735
20664,0.06298278
20665,0.0104177445
20666,0.07058928
20667,0.17007682
20668,0.38817614
20669,0.49556607
20670,0.09934941
20671,0.009979658
20672,0.032824125
20673,0.043938115
20674,0.01941941
20675,0.06782894
20676,0.11125337
20677,0.012909234
20678,0.036122344
20679,0.012333348
20680,0.028417125
20681,0.018713623
20682,0.031253207
20683,0.09408244
20684,0.10947219
20685,0.36125952
20686,0.014953531
20687,0.023145624
20688,0.20220658
20689,0.07981465
20690,0.11916586
20691,0.40502104
20692,0.10382447
20693,0.012737349
20694,0.13729082
20695,0.03018479
20696,0.016748153
20697,0.0801211
20698,0.13856626
20699,0.05035523
20700,0.01702492
20701,0.008440241
20702,0.2789017
20703,0.032504767
20704,0.020311914
20705,0.030682676
20706,0.13962162
20707,0.07411129
20708,0.05153223
20709,0.020765208
20710,0.029832706
20711,0.073576614
20712,0.29603347
20713,0.03124125
20714,0.0312921
20715,0.016527489
20716,0.034627758
20717,0.044024207
20718,0.068654895
20719,0.24277216
20720,0.063144766
20721,0.25243282
20722,0.09107536
20723,0.027351439
20724,0.018852092
20725,0.05127563
20726,0.04993427
20727,0.03247923
20728,0.19584411
20729,0.02334138
20730,0.15260582
20731,0.02451156
20732,0.12875913
20733,0.060171846
20734,0.012973696
20735,0.38973907
20736,0.6194524
20737,0.1304046
20738,0.05527145
20739,0.013973415
20740,0.084398046
20741,0.05455912
20742,0.03493124
20743,0.09969516
20744,0.08846245
20745,0.08729729
20746,0.8398292
20747,0.023420073
20748,0.0755212
20749,0.077649854
20750,0.08424236
20751,0.021735035
20752,0.033320833
20753,0.13010201
20754,0.49135485
20755,0.0720629
20756,0.13319543
20757,0.025444247
20758,0.049879108
20759,0.011536069
20760,0.025128089
20761,0.10138352
20762,0.034241203
20763,0.028475896
20764,0.05323141
20765,0.04675661
20766,0.020275392
20767,0.056451548
20768,0.0145621
20769,0.0167507
20770,0.11827389
20771,0.029284224
20772,0.046485186
20773,0.01688271
20774,0.038453422
20775,0.06982014
20776,0.10909931
20777,0.019928664
20778,0.051730074
20779,0.86899775
20780,0.07108944
20781,0.11010814
20782,0.038426694
20783,0.052271776
20784,0.0531962
20785,0.019397408
20786,0.020639263
20787,0.43086496
20788,0.025927104
20789,0.0073626414
20790,0.017958455
20791,0.045922656
20792,0.1146465
20793,0.02013404
20794,0.0103633255
20795,0.107415274
20796,0.044490583
20797,0.02403535
20798,0.04510517
20799,0.37278572
20800,0.020205736
20801,0.018784821
20802,0.018269345
20803,0.012909859
20804,0.04568644
20805,0.032325987
20806,0.12508044
20807,0.07011421
20808,0.019641139
20809,0.019752935
20810,0.008167706
20811,0.06154995
20812,0.22020143
20813,0.102446236
20814,0.08840513
20815,0.08324289
20816,0.023512937
20817,0.0514993
20818,0.018722199
20819,0.21235691
20820,0.26107684
20821,0.34819013
20822,0.010838859
20823,0.013221443
20824,0.0114636645
20825,0.010446064
20826,0.019395024
20827,0.008478172
20828,0.009493075
20829,0.016493589
20830,0.018547572
20831,0.00887806
20832,0.023772404
20833,0.05359226
20834,0.05367132
20835,0.11953215
20836,0.013148487
20837,0.11957477
20838,0.007164754
20839,0.28899097
20840,0.0118599385
20841,0.00881356
20842,0.024554648
20843,0.009739935
20844,0.015780315
20845,0.017147832
20846,0.016423352
20847,0.037228234
20848,0.07610159
20849,0.02845452
20850,0.044719998
20851,0.05331807
20852,0.014965415
20853,0.010621503
20854,0.012170859
20855,0.0067966506
20856,0.09644046
20857,0.020425498
20858,0.04864674
20859,0.007689491
20860,0.032690637
20861,0.013597272
20862,0.10901134
20863,0.012503378
20864,0.009006858
20865,0.42031625
20866,0.06191291
20867,0.07626448
20868,0.063625515
20869,0.018931136
20870,0.010403998
20871,0.08975017
20872,0.014265217
20873,0.08639362
20874,0.14100412
20875,0.017504692
20876,0.025248654
20877,0.04390515
20878,0.041707307
20879,0.023079753
20880,0.02453684
20881,0.008221947
20882,0.008626759
20883,0.032913703
20884,0.011136107
20885,0.053846475
20886,0.06986119
20887,0.031991746
20888,0.008774608
20889,0.19105336
20890,0.020687379
20891,0.025663346
20892,0.03261382
20893,0.009709947
20894,0.015138499
20895,0.04982431
20896,0.022509173
20897,0.015654549
20898,0.02702722
20899,0.040900394
20900,0.028938018
20901,0.14743185
20902,0.16976012
20903,0.021113828
20904,0.09038249
20905,0.014229581
20906,0.03795218
20907,0.047024805
20908,0.025326744
20909,0.042261712
20910,0.03077852
20911,0.060919832
20912,0.10861882
20913,0.041198768
20914,0.10849418
20915,0.049628805
20916,0.079741
20917,0.04096319
20918,0.24629405
20919,0.43696466
20920,0.118582815
20921,0.037989464
20922,0.27832192
20923,0.070403814
20924,0.22740859
20925,0.04413248
20926,0.014482357
20927,0.0605974
20928,0.010995723
20929,0.02126871
20930,0.01409056
20931,0.10413389
20932,0.05727411
20933,0.6069958
20934,0.15148778
20935,0.10809194
20936,0.038830016
20937,0.008911006
20938,0.025575645
20939,0.046543222
20940,0.030776054
20941,0.030449376
20942,0.097543925
20943,0.10913466
20944,0.49076873
20945,0.4521962
20946,0.036907684
20947,0.06290277
20948,0.0937789
20949,0.39073384
20950,0.0537921
20951,0.041054536
20952,0.04037595
20953,0.04281448
20954,0.40459603
20955,0.14445426
20956,0.13719049
20957,0.46548393
20958,0.08183567
20959,0.51375127
20960,0.06006282
20961,0.5546933
20962,0.04063509
20963,0.05728411
20964,0.03591407
20965,0.0515396
20966,0.09306821
20967,0.11499837
20968,0.08974359
20969,0.0288167
20970,0.06216239
20971,0.39469233
20972,0.048597448
20973,0.029276751
20974,0.05750164
20975,0.054658767
20976,0.068611026
20977,0.02564291
20978,0.047529615
20979,0.087747924
20980,0.029063836
20981,0.069134176
20982,0.24817389
20983,0.04503865
20984,0.1722242
20985,0.043758206
20986,0.04465844
20987,0.03676063
20988,0.013126768
20989,0.4883994
20990,0.10337852
20991,0.058220875
20992,0.15833713
20993,0.4377804
20994,0.08287152
20995,0.043628033
20996,0.013637856
20997,0.014199793
20998,0.01817257
20999,0.0044380575
21000,0.041354924
21001,0.011405669
21002,0.07304816
21003,0.09501256
21004,0.097475305
21005,0.14058688
21006,0.27839017
21007,0.18077508
21008,0.0508018
21009,0.02834712
21010,0.02583053
21011,0.036610108
21012,0.26845613
21013,0.020948678
21014,0.048594054
21015,0.061954156
21016,0.05891982
21017,0.04008526
21018,0.10840757
21019,0.46489593
21020,0.044625457
21021,0.061310105
21022,0.015577637
21023,0.02286259
21024,0.045087956
21025,0.06820237
21026,0.026729405
21027,0.015102237
21028,0.12506664
21029,0.17078996
21030,0.0902129
21031,0.104000434
21032,0.051779047
21033,0.011220671
21034,0.032625258
21035,0.03660113
21036,0.03437869
21037,0.039123602
21038,0.10887089
21039,0.07087078
21040,0.23948935
21041,0.019087724
21042,0.043825492
21043,0.032612137
21044,0.021049388
21045,0.018537842
21046,0.025124192
21047,0.0398216
21048,0.027116448
21049,0.073665135
21050,0.18050784
21051,0.37660426
21052,0.049268465
21053,0.039341617
21054,0.041152608
21055,0.09661828
21056,0.06096431
21057,0.017340384
21058,0.06090394
21059,0.030523986
21060,0.16811496
21061,0.028022744
21062,0.028549299
21063,0.03425774
21064,0.00803455
21065,0.21089852
21066,0.07963023
21067,0.2418488
21068,0.23895392
21069,0.40670368
21070,0.07438317
21071,0.05171959
21072,0.02000574
21073,0.05471607
21074,0.052751735
21075,0.007812627
21076,0.10813392
21077,0.049957242
21078,0.5832788
21079,0.12672916
21080,0.01896473
21081,0.11858575
21082,0.05850039
21083,0.048759095
21084,0.020684227
21085,0.017281972
21086,0.009594925
21087,0.01045537
21088,0.051247377
21089,0.02169051
21090,0.0207716
21091,0.089550525
21092,0.052882094
21093,0.092028454
21094,0.07369288
21095,0.12808892
21096,0.25347453
21097,0.3966942
21098,0.0767757
21099,0.025582992
21100,0.08468412
21101,0.015605189
21102,0.04274773
21103,0.02494368
21104,0.010339938
21105,0.06831475
21106,0.06500435
21107,0.12980792
21108,0.05636231
21109,0.1099606
21110,0.04178924
21111,0.06475439
21112,0.032687392
21113,0.019167386
21114,0.015803963
21115,0.23148456
21116,0.011373967
21117,0.028046653
21118,0.06041173
21119,0.027737498
21120,0.023792684
21121,0.038123265
21122,0.06320423
21123,0.08834048
21124,0.13193198
21125,0.13142237
21126,0.24021873
21127,0.24199253
21128,0.16978016
21129,0.0151787475
21130,0.10371366
21131,0.055876967
21132,0.006871052
21133,0.04025895
21134,0.104718685
21135,0.019767337
21136,0.043492556
21137,0.03927046
21138,0.053687815
21139,0.08206627
21140,0.031737313
21141,0.060253527
21142,0.01956097
21143,0.020683736
21144,0.09676779
21145,0.017877579
21146,0.043262947
21147,0.12356067
21148,0.064880714
21149,0.15252474
21150,0.5593187
21151,0.12666827
21152,0.14380409
21153,0.06720878
21154,0.09791005
21155,0.07529121
21156,0.09117191
21157,0.057274245
21158,0.017820217
21159,0.20292322
21160,0.07775814
21161,0.085833095
21162,0.060271204
21163,0.07286729
21164,0.014701873
21165,0.02568338
21166,0.016186908
21167,0.022549942
21168,0.045069106
21169,0.31215933
21170,0.07447508
21171,0.052065656
21172,0.14931208
21173,0.6784105
21174,0.10783944
21175,0.020200454
21176,0.38193157
21177,0.072099455
21178,0.24420449
21179,0.26783887
21180,0.065811485
21181,0.047762282
21182,0.03868435
21183,0.10947771
21184,0.156378
21185,0.046611834
21186,0.21536967
21187,0.07575928
21188,0.087255046
21189,0.020945013
21190,0.02385927
21191,0.06171527
21192,0.080451675
21193,0.016566254
21194,0.13261914
21195,0.15676717
21196,0.16365421
21197,0.10667025
21198,0.038729824
21199,0.12592424
21200,0.18453646
21201,0.3672072
21202,0.060728967
21203,0.010728031
21204,0.049443774
21205,0.022684336
21206,0.012391031
21207,0.0629205
21208,0.49728477
21209,0.050611537
21210,0.08669206
21211,0.36614352
21212,0.23968643
21213,0.014923267
21214,0.010185622
21215,0.045292653
21216,0.064261235
21217,0.27510205
21218,0.40128443
21219,0.017775223
21220,0.12455529
21221,0.10496615
21222,0.254562
21223,0.16156608
21224,0.14287893
21225,0.18515246
21226,0.35054767
21227,0.09339922
21228,0.04260161
21229,0.085472725
21230,0.052446686
21231,0.27116725
21232,0.9245656
21233,0.006739676
21234,0.050159417
21235,0.36834896
21236,0.016132757
21237,0.05324565
21238,0.19974637
21239,0.056341033
21240,0.08902099
21241,0.01857952
21242,0.057278283
21243,0.009357192
21244,0.46572605
21245,0.17873484
21246,0.09834035
21247,0.25988427
21248,0.15960795
21249,0.23958805
21250,0.38705784
21251,0.38843927
21252,0.03108218
21253,0.16665357
21254,0.23417419
21255,0.11501118
21256,0.9168902
21257,0.39959326
21258,0.44115722
21259,0.005643286
21260,0.021275453
21261,0.21469846
21262,0.068244
21263,0.021294512
21264,0.013258703
21265,0.06661349
21266,0.010550089
21267,0.012449689
21268,0.03882635
21269,0.07275674
21270,0.11845525
21271,0.1210759
21272,0.13056667
21273,0.08604973
21274,0.41496962
21275,0.2265594
21276,0.030122265
21277,0.11320704
21278,0.2594456
21279,0.019967504
21280,0.061320912
21281,0.92593133
21282,0.90714806
21283,0.5785407
21284,0.024026826
21285,0.015103377
21286,0.071933664
21287,0.42376313
21288,0.083903685
21289,0.01808893
21290,0.050396837
21291,0.013373032
21292,0.054492034
21293,0.07978364
21294,0.070019096
21295,0.0150794685
21296,0.4386028
21297,0.017477043
21298,0.037017304
21299,0.25541893
21300,0.12540862
21301,0.058315866
21302,0.05352496
21303,0.42784932
21304,0.35525197
21305,0.022936761
21306,0.11120887
21307,0.08457526
21308,0.10809984
21309,0.94952637
21310,0.8451927
21311,0.6070788
21312,0.017400146
21313,0.07440691
21314,0.030966595
21315,0.43027043
21316,0.09258088
21317,0.37221166
21318,0.037556693
21319,0.07513702
21320,0.024648108
21321,0.104796335
21322,0.13549988
21323,0.15797544
21324,0.1474764
21325,0.5114591
21326,0.44470435
21327,0.25851557
21328,0.16504264
21329,0.09775181
21330,0.07042889
21331,0.13286293
21332,0.054774478
21333,0.17843914
21334,0.22281301
21335,0.13892779
21336,0.060048334
21337,0.11203616
21338,0.024921305
21339,0.86551946
21340,1.0245309
21341,0.96557033
21342,0.1153701
21343,0.049438678
21344,0.22595903
21345,0.40831277
21346,0.02094499
21347,0.06398893
21348,0.1185168
21349,0.06348536
21350,0.37067083
21351,0.97986406
21352,0.07195646
21353,0.13654335
21354,0.13700971
21355,0.17805281
21356,0.075576074
21357,0.4507981
21358,0.2615629
21359,0.031541914
21360,0.0864106
21361,0.110628396
21362,0.11145284
21363,0.052782904
21364,0.030141212
21365,0.28334877
21366,0.28533387
21367,0.16476879
21368,0.07600822
21369,0.11710906
21370,0.07287318
21371,0.27783957
21372,0.028810717
21373,0.040143326
21374,0.048172504
21375,0.022524431
21376,0.04650142
21377,0.049106844
21378,0.402035
21379,0.6922447
21380,0.37395594
21381,0.28415456
21382,0.12655127
21383,0.1693998
21384,0.17420933
21385,0.5470364
21386,0.07363824
21387,0.04225998
21388,0.029038742
21389,0.13312674
21390,0.1647524
21391,0.11999073
21392,0.30697095
21393,0.2560891
21394,0.24682975
21395,1.0292996
21396,0.22636119
21397,0.015067086
21398,0.13579088
21399,0.23792425
21400,0.01528348
21401,0.053313836
21402,0.47055027
21403,0.07467607
21404,0.04214718
21405,0.044154312
21406,0.047521945
21407,0.15657637
21408,0.40788746
21409,0.38010937
21410,0.5070578
21411,0.2929818
21412,0.16665906
21413,0.13375077
21414,0.21168998
21415,0.023889877
21416,0.23330367
21417,0.08130729
21418,0.050687026
21419,0.45775357
21420,0.24188247
21421,0.043103095
21422,0.51697636
21423,0.2753745
21424,0.006219819
21425,0.07857627
21426,0.13175938
21427,0.081765704
21428,0.010434076
21429,0.019217603
21430,0.028665595
21431,0.06363663
21432,0.10619732
21433,0.12721498
21434,0.15883477
21435,0.3988148
21436,0.7561063
21437,0.40985972
21438,0.36190134
21439,0.57351345
21440,0.10787247
21441,0.021462359
21442,0.066547945
21443,0.072693706
21444,0.1486342
21445,0.23524028
21446,0.06316291
21447,0.026802108
21448,0.06464857
21449,0.12857963
21450,0.004658386
21451,0.048147164
21452,0.11596042
21453,0.019030713
21454,0.015253633
21455,0.033204485
21456,0.018613458
21457,0.015610926
21458,0.03390682
21459,0.08642834
21460,0.06857591
21461,0.09609314
21462,0.39667287
21463,0.17423195
21464,0.37294316
21465,0.6646491
21466,0.6105605
21467,0.38091525
21468,0.10469469
21469,0.04667926
21470,0.018485516
21471,0.055880725
21472,0.10404579
21473,0.017553978
21474,0.00551299
21475,0.028361231
21476,0.95463866
21477,0.050604954
21478,0.016283348
21479,0.07607481
21480,0.040661152
21481,0.22053456
21482,0.0496489
21483,0.01394932
21484,0.03750367
21485,0.016939402
21486,0.02674
21487,0.03105548
21488,0.13167867
21489,0.12135452
21490,0.60208094
21491,0.3615945
21492,0.24445474
21493,1.0174657
21494,0.38387996
21495,0.49505424
21496,0.25104132
21497,0.0378339
21498,0.027352966
21499,0.053940844
21500,0.04857513
21501,0.037881363
21502,0.044528738
21503,0.38702032
21504,0.20856974
21505,0.36512733
21506,0.03415245
21507,0.10562775
21508,0.116844095
21509,0.1296923
21510,0.18317077
21511,0.046979085
21512,0.03314277
21513,0.011496961
21514,0.048392296
21515,0.16149041
21516,0.9331999
21517,0.41078
21518,0.603092
21519,0.2739453
21520,0.27700436
21521,0.23821771
21522,0.10237137
21523,0.034927856
21524,0.0137171075
21525,0.04787714
21526,0.022655785
21527,0.12011115
21528,0.1141488
21529,0.059075627
21530,0.2683993
21531,0.0323359
21532,0.07043316
21533,0.008977763
21534,0.35009813
21535,0.03580343
21536,0.013672091
21537,0.010736696
21538,0.14174038
21539,0.25548297
21540,0.041989613
21541,0.006783232
21542,0.23885944
21543,0.17271306
21544,0.072662346
21545,0.1088253
21546,0.03188599
21547,0.10135519
21548,0.0765515
21549,0.047379233
21550,0.12234067
21551,0.12118873
21552,0.03344646
21553,0.031155705
21554,0.1237701
21555,0.012599483
21556,0.015349783
21557,0.09954928
21558,0.04027453
21559,0.13178281
21560,0.04330162
21561,0.061011687
21562,0.011150397
21563,0.06239654
21564,0.24556804
21565,0.36487612
21566,0.5493702
21567,0.09690628
21568,0.050820615
21569,0.069392815
21570,0.11888237
21571,0.014491074
21572,0.039540064
21573,0.010479242
21574,0.027628094
21575,0.0962352
21576,0.10939789
21577,0.3851881
21578,0.016188182
21579,0.021183372
21580,0.19363418
21581,0.08496667
21582,0.117227904
21583,0.41491303
21584,0.09657453
21585,0.011646539
21586,0.13386801
21587,0.027696036
21588,0.01645384
21589,0.07236344
21590,0.1313444
21591,0.048669107
21592,0.012289695
21593,0.019068696
21594,0.0066797063
21595,0.28279915
21596,0.018620543
21597,0.028157964
21598,0.1434277
21599,0.077488415
21600,0.045913268
21601,0.022448212
21602,0.029124275
21603,0.07720716
21604,0.29227993
21605,0.026530504
21606,0.018108092
21607,0.032202266
21608,0.037416294
21609,0.06727505
21610,0.25047925
21611,0.06852235
21612,0.18032557
21613,0.10072844
21614,0.026226163
21615,0.050909173
21616,0.043721132
21617,0.033428486
21618,0.25530326
21619,0.016225561
21620,0.13328281
21621,0.022389926
21622,0.12561283
21623,0.06027441
21624,0.0120232925
21625,0.014332324
21626,0.3905565
21627,0.6893673
21628,0.23349556
21629,0.07388425
21630,0.010788478
21631,0.09078452
21632,0.05111953
21633,0.030620158
21634,0.10176021
21635,0.09233162
21636,0.1076257
21637,0.9706727
21638,0.07900671
21639,0.016322121
21640,0.07333727
21641,0.08157971
21642,0.021039642
21643,0.03231336
21644,0.1447287
21645,0.4112699
21646,0.07051372
21647,0.14401464
21648,0.043439336
21649,0.01484146
21650,0.10456894
21651,0.03379756
21652,0.027548268
21653,0.056190792
21654,0.057760343
21655,0.02594094
21656,0.062497176
21657,0.014698975
21658,0.11088959
21659,0.03193316
21660,0.035580207
21661,0.015521795
21662,0.03383255
21663,0.080702834
21664,0.109834656
21665,0.026363641
21666,0.026829608
21667,0.059309006
21668,0.8973398
21669,0.051372893
21670,0.21843535
21671,0.05651754
21672,0.034877714
21673,0.04689991
21674,0.049904704
21675,0.017955422
21676,0.019003272
21677,0.28214604
21678,0.026638523
21679,0.0038004667
21680,0.016753972
21681,0.011572681
21682,0.048569288
21683,0.21546364
21684,0.020187542
21685,0.0116518885
21686,0.12886856
21687,0.033772096
21688,0.021366
21689,0.03964297
21690,0.37113792
21691,0.014919601
21692,0.021985888
21693,0.048291624
21694,0.028034933
21695,0.14577839
21696,0.07071834
21697,0.01789859
21698,0.019192562
21699,0.008362904
21700,0.060210634
21701,0.14603755
21702,0.10473292
21703,0.091973506
21704,0.081590764
21705,0.029722147
21706,0.049018085
21707,0.020960905
21708,0.21185574
21709,0.19778006
21710,0.21798661
21711,0.009226732
21712,0.024578199
21713,0.014414251
21714,0.012399457
21715,0.014931522
21716,0.009447634
21717,0.0217245
21718,0.021270849
21719,0.016430005
21720,0.02297736
21721,0.051122475
21722,0.052433513
21723,0.14023529
21724,0.012223326
21725,0.009452529
21726,0.13558798
21727,0.38485932
21728,0.0069042444
21729,0.008983195
21730,0.02144131
21731,0.009625845
21732,0.026471265
21733,0.011499926
21734,0.016626284
21735,0.019534908
21736,0.00810653
21737,0.017235681
21738,0.033708077
21739,0.014982164
21740,0.018090785
21741,0.07189934
21742,0.030011036
21743,0.05710055
21744,0.016038887
21745,0.009522893
21746,0.01304125
21747,0.0068427473
21748,0.10606322
21749,0.021135062
21750,0.04401918
21751,0.008313425
21752,0.031431068
21753,0.015194774
21754,0.11219917
21755,0.016130231
21756,0.0109958425
21757,0.011703037
21758,0.42642894
21759,0.059575953
21760,0.05906348
21761,0.07396062
21762,0.06532229
21763,0.019868016
21764,0.08895336
21765,0.014725395
21766,0.08785418
21767,0.009434402
21768,0.16696331
21769,0.016591534
21770,0.023135833
21771,0.047392204
21772,0.03090708
21773,0.024484776
21774,0.006936908
21775,0.011029735
21776,0.010950409
21777,0.031423062
21778,0.010564387
21779,0.01285702
21780,0.06196452
21781,0.07507432
21782,0.010218136
21783,0.17605592
21784,0.019630142
21785,0.026222207
21786,0.028794862
21787,0.0134257
21788,0.021514587
21789,0.04732656
21790,0.021307826
21791,0.015365347
21792,0.025232263
21793,0.027190186
21794,0.012296207
21795,0.032091826
21796,0.14326164
21797,0.1664558
21798,0.09880706
21799,0.011121787
21800,0.017665923
21801,0.01708354
21802,0.029553756
21803,0.052039646
21804,0.039794724
21805,0.050743394
21806,0.11294697
21807,0.039470844
21808,0.047612168
21809,0.025242828
21810,0.024676621
21811,0.120054744
21812,0.056811284
21813,0.0700796
21814,0.24020839
21815,0.36907718
21816,0.017024837
21817,0.027514353
21818,0.3330702
21819,0.042855784
21820,0.28706503
21821,0.080968864
21822,0.23102802
21823,0.01831416
21824,0.052985173
21825,0.029926501
21826,0.016018786
21827,0.24598464
21828,0.054142207
21829,0.6604393
21830,0.13611127
21831,0.09678257
21832,0.038185373
21833,0.025566123
21834,0.13058706
21835,0.108074054
21836,0.48803478
21837,0.41951287
21838,0.0387566
21839,0.038111936
21840,0.11558387
21841,0.14308506
21842,0.047197208
21843,0.046401147
21844,0.06548688
21845,0.088742085
21846,0.037370667
21847,0.38382456
21848,0.13873321
21849,0.27269801
21850,0.55252844
21851,0.09767387
21852,0.49103794
21853,0.060526494
21854,0.30022258
21855,0.04733846
21856,0.053847913
21857,0.034294486
21858,0.063813075
21859,0.22475615
21860,0.112493485
21861,0.029291019
21862,0.041095518
21863,0.06750637
21864,0.39768505
21865,0.046342585
21866,0.0540178
21867,0.049559146
21868,0.06898869
21869,0.033362187
21870,0.049884535
21871,0.08389829
21872,0.034346767
21873,0.0634857
21874,0.24308148
21875,0.04853175
21876,0.17307554
21877,0.044531047
21878,0.041706562
21879,0.021783233
21880,0.014150947
21881,0.31783068
21882,0.090493605
21883,0.017313763
21884,0.073332176
21885,0.28397536
21886,0.43389583
21887,0.083298326
21888,0.06301268
21889,0.015590653
21890,0.014877677
21891,0.016745158
21892,0.007005781
21893,0.04083131
21894,0.07302252
21895,0.08456715
21896,0.09697218
21897,0.23988691
21898,0.27253118
21899,0.013779916
21900,0.32850555
21901,0.050580677
21902,0.010081999
21903,0.028260782
21904,0.027241796
21905,0.037669547
21906,0.27272096
21907,0.018236153
21908,0.0450322
21909,0.043204654
21910,0.060459092
21911,0.034923177
21912,0.12040359
21913,0.52743345
21914,0.035660308
21915,0.06468019
21916,0.016360052
21917,0.022030957
21918,0.037574578
21919,0.06814652
21920,0.028485976
21921,0.12898403
21922,0.17608595
21923,0.119114995
21924,0.09485994
21925,0.054173995
21926,0.042987514
21927,0.03629581
21928,0.03606826
21929,0.037335765
21930,0.1066409
21931,0.07306454
21932,0.23909295
21933,0.018760562
21934,0.046017718
21935,0.030473404
21936,0.019881763
21937,0.016581967
21938,0.027949959
21939,0.04302759
21940,0.025851972
21941,0.06323907
21942,0.21642989
21943,0.2658103
21944,0.044065796
21945,0.038107865
21946,0.034039013
21947,0.09894938
21948,0.060844008
21949,0.01513505
21950,0.059842523
21951,0.031534996
21952,0.23473328
21953,0.026256256
21954,0.03034456
21955,0.036038138
21956,0.007519819
21957,0.22112232
21958,0.07543925
21959,0.3877973
21960,0.23607188
21961,0.3521679
21962,0.07623804
21963,0.04826409
21964,0.019143313
21965,0.05595816
21966,0.04036473
21967,0.006881878
21968,0.1243433
21969,0.045550168
21970,0.57957596
21971,0.12671086
21972,0.019686058
21973,0.11837292
21974,0.051752463
21975,0.047915604
21976,0.017449059
21977,0.015647762
21978,0.050193623
21979,0.020604096
21980,0.025154755
21981,0.081316
21982,0.048660703
21983,0.22607854
21984,0.07351389
21985,0.12278792
21986,0.37219405
21987,0.3861365
21988,0.0782258
21989,0.025727406
21990,0.079443194
21991,0.03941954
21992,0.059947483
21993,0.06275714
21994,0.12104987
21995,0.059195276
21996,0.09514682
21997,0.037947625
21998,0.06711754
21999,0.031304374
22000,0.12767261
22001,0.061404288
22002,0.03110506
22003,0.0142335445
22004,0.025767133
22005,0.04236062
22006,0.064778514
22007,0.08891048
22008,0.1335286
22009,0.12975615
22010,0.24236044
22011,0.23607966
22012,0.27219713
22013,0.0140301585
22014,0.10508459
22015,0.012406357
22016,0.05067525
22017,0.09341457
22018,0.026326932
22019,0.019266583
22020,0.045478437
22021,0.03811145
22022,0.012749411
22023,0.055558514
22024,0.0749038
22025,0.033438668
22026,0.057850946
22027,0.020954758
22028,0.02640298
22029,0.09627217
22030,0.042512592
22031,0.11847687
22032,0.07043501
22033,0.15878114
22034,0.5759755
22035,0.13261108
22036,0.12661324
22037,0.07183497
22038,0.09043574
22039,0.08178024
22040,0.09357283
22041,0.051580872
22042,0.01895576
22043,0.19845295
22044,0.078023955
22045,0.08178801
22046,0.04717348
22047,0.06733655
22048,0.024467558
22049,0.024880335
22050,0.047502264
22051,0.18265301
22052,0.07139883
22053,0.053239264
22054,0.12869912
22055,0.7419973
22056,0.09881411
22057,0.018266656
22058,0.36640224
22059,0.07560271
22060,0.18991297
22061,0.28263286
22062,0.07177836
22063,0.0055452213
22064,0.022149459
22065,0.047395725
22066,0.0387397
22067,0.10837389
22068,0.16839296
22069,0.043775916
22070,0.2323542
22071,0.08507241
22072,0.07721424
22073,0.01572211
22074,0.020570561
22075,0.024841778
22076,0.0638639
22077,0.0738465
22078,0.01859285
22079,0.12618428
22080,0.16028684
22081,0.16745329
22082,0.10424317
22083,0.037477873
22084,0.12940256
22085,0.19213425
22086,0.3588644
22087,0.060053945
22088,0.011639014
22089,0.051511336
22090,0.009634845
22091,0.05793592
22092,0.48623207
22093,0.04376037
22094,0.11590783
22095,0.38875797
22096,0.24221411
22097,0.013918817
22098,0.04799765
22099,0.066681415
22100,0.2607467
22101,0.40821818
22102,0.018366918
22103,0.11425775
22104,0.10618222
22105,0.13979645
22106,0.17220002
22107,0.1467954
22108,0.17851508
22109,0.35220194
22110,0.08524709
22111,0.04479914
22112,0.0870692
22113,0.046806127
22114,0.25904912
22115,0.92195654
22116,0.005043015
22117,0.051655587
22118,0.37155098
22119,0.017058514
22120,0.046806213
22121,0.24809623
22122,0.057186984
22123,0.089167595
22124,0.021839201
22125,0.059255257
22126,0.009545743
22127,0.44601408
22128,0.32860553
22129,0.09729774
22130,0.25787473
22131,0.15419766
22132,0.1943564
22133,0.36670142
22134,0.399102
22135,0.029738598
22136,0.15440643
22137,0.2337893
22138,0.11232744
22139,0.90696406
22140,0.30305502
22141,0.42329413
22142,0.0064486265
22143,0.025049053
22144,0.12107092
22145,0.07057317
22146,0.021102183
22147,0.013550229
22148,0.06690741
22149,0.009899996
22150,0.0121487975
22151,0.012057312
22152,0.042041495
22153,0.21136203
22154,0.123310015
22155,0.11552067
22156,0.12918618
22157,0.09643715
22158,0.37318525
22159,0.23353097
22160,0.10843927
22161,0.27357513
22162,0.017627887
22163,0.066269144
22164,0.9702701
22165,0.90705526
22166,0.5947968
22167,0.014454342
22168,0.078754775
22169,0.40481538
22170,0.07672326
22171,0.015642673
22172,0.057792023
22173,0.060239673
22174,0.07992631
22175,0.07480402
22176,0.016015
22177,0.41102785
22178,0.019839786
22179,0.04309032
22180,0.26131994
22181,0.119575866
22182,0.062827185
22183,0.050683424
22184,0.39414558
22185,0.22585186
22186,0.022939779
22187,0.11045117
22188,0.08780806
22189,0.102209754
22190,0.95445573
22191,0.79981846
22192,0.6012677
22193,0.017443039
22194,0.07993063
22195,0.0064697564
22196,0.41644585
22197,0.097552046
22198,0.2516978
22199,0.03567968
22200,0.07846081
22201,0.027014941
22202,0.10462354
22203,0.12558171
22204,0.16112968
22205,0.14660512
22206,0.5307427
22207,0.44539344
22208,0.25490063
22209,0.16299823
22210,0.100919165
22211,0.06682962
22212,0.11079426
22213,0.054061648
22214,0.031031214
22215,0.023028612
22216,0.12304769
22217,0.11672328
22218,0.053039335
22219,0.10797841
22220,0.88097346
22221,0.9889577
22222,0.9695258
22223,0.116347216
22224,0.0416281
22225,0.2530117
22226,0.011998557
22227,0.4018808
22228,0.02257178
22229,0.060770772
22230,0.11952743
22231,0.06405084
22232,0.38392043
22233,0.9665692
22234,0.07815766
22235,0.14219148
22236,0.13056216
22237,0.1793134
22238,0.06643401
22239,0.38244265
22240,0.27420717
22241,0.03586749
22242,0.09894529
22243,0.08618447
22244,0.10627821
22245,0.0492856
22246,0.028545983
22247,0.38861454
22248,0.3923801
22249,0.24799365
22250,0.07770052
22251,0.028578281
22252,0.10238496
22253,0.07124604
22254,0.18217489
22255,0.027617633
22256,0.03804496
22257,0.053017005
22258,0.047207527
22259,0.047294807
22260,0.39990252
22261,0.6979827
22262,0.2844228
22263,0.27827907
22264,0.13683859
22265,0.1878585
22266,0.24186194
22267,0.50617117
22268,0.07560746
22269,0.036230482
22270,0.02989696
22271,0.1238481
22272,0.16847382
22273,0.12189271
22274,0.30753943
22275,0.2625268
22276,0.15421334
22277,0.9982594
22278,0.124223694
22279,0.015870892
22280,0.12741363
22281,0.17451745
22282,0.021310933
22283,0.053898983
22284,0.27745885
22285,0.066947095
22286,0.045146987
22287,0.047232106
22288,0.05215454
22289,0.14972414
22290,0.41899565
22291,0.27708483
22292,0.50994194
22293,0.28469446
22294,0.16490138
22295,0.12828858
22296,0.34720725
22297,0.013863109
22298,0.023748338
22299,0.2379606
22300,0.07323471
22301,0.051762085
22302,0.45323822
22303,0.24869856
22304,0.046528522
22305,0.51067543
22306,0.38237527
22307,0.07805669
22308,0.12154998
22309,0.07584883
22310,0.044956774
22311,0.0092638135
22312,0.018782891
22313,0.03317963
22314,0.066275984
22315,0.108050644
22316,0.11341037
22317,0.13654244
22318,0.4004046
22319,0.7751077
22320,0.39674947
22321,0.3832117
22322,0.54997414
22323,0.10525332
22324,0.056487624
22325,0.07160569
22326,0.1311184
22327,0.24945697
22328,0.060002934
22329,0.025916882
22330,0.070695534
22331,0.13652582
22332,0.042818762
22333,0.10633951
22334,0.018660903
22335,0.015109561
22336,0.030679569
22337,0.018944941
22338,0.0758681
22339,0.015664808
22340,0.03388754
22341,0.09121535
22342,0.07311099
22343,0.09644322
22344,0.24267212
22345,0.26043424
22346,0.35989064
22347,0.66612506
22348,0.6235536
22349,0.26417822
22350,0.10210874
22351,0.017902337
22352,0.0529896
22353,0.10131636
22354,0.016846009
22355,0.030379787
22356,0.9252153
22357,0.047079213
22358,0.017163299
22359,0.07318012
22360,0.04061582
22361,0.09523764
22362,0.04965518
22363,0.050815187
22364,0.034526862
22365,0.01803217
22366,0.025230058
22367,0.029037751
22368,0.11234115
22369,0.1277057
22370,0.5777681
22371,0.3687996
22372,0.23651385
22373,1.0609418
22374,0.29068893
22375,0.43106833
22376,0.2527761
22377,0.03731766
22378,0.03185049
22379,0.025087938
22380,0.047711138
22381,0.051342316
22382,0.033370677
22383,0.056594897
22384,0.45184472
22385,0.08652429
22386,0.3524648
22387,0.029038332
22388,0.1049402
22389,0.11830194
22390,0.13428892
22391,0.24587604
22392,0.04527764
22393,0.03954322
22394,0.056924555
22395,0.15650088
22396,0.99743813
22397,0.41081244
22398,0.6195243
22399,0.2767291
22400,0.2697372
22401,0.19135606
22402,0.10682271
22403,0.040794846
22404,0.012502864
22405,0.020835198
22406,0.051496826
22407,0.022388987
22408,0.11541548
22409,0.11902832
22410,0.06664098
22411,0.26822534
22412,0.02674923
22413,0.065468095
22414,0.2546689
22415,0.04342846
22416,0.13031337
22417,0.25044423
22418,0.046020627
22419,0.24024314
22420,0.16967624
22421,0.07749315
22422,0.10777632
22423,0.022601254
22424,0.102558084
22425,0.07311051
22426,0.11646003
22427,0.11343709
22428,0.032719363
22429,0.009154007
22430,0.24317667
22431,0.0141337365
22432,0.102863245
22433,0.037687182
22434,0.037605297
22435,0.1370993
22436,0.03608963
22437,0.059179824
22438,0.0676927
22439,0.17387903
22440,0.35413095
22441,0.54280883
22442,0.10478267
22443,0.0113417655
22444,0.014489509
22445,0.03262956
22446,0.05552808
22447,0.06573461
22448,0.1241028
22449,0.01356335
22450,0.032205466
22451,0.014088064
22452,0.02458945
22453,0.01793465
22454,0.010197423
22455,0.090531185
22456,0.11139046
22457,0.39235726
22458,0.014441535
22459,0.021855295
22460,0.20667897
22461,0.08521747
22462,0.1218171
22463,0.40386796
22464,0.087753564
22465,0.012208253
22466,0.24276602
22467,0.011622101
22468,0.025940888
22469,0.018012583
22470,0.0828637
22471,0.1251002
22472,0.05041461
22473,0.017607577
22474,0.0093128085
22475,0.2754591
22476,0.036457192
22477,0.020015605
22478,0.028233752
22479,0.1247456
22480,0.06917609
22481,0.050298933
22482,0.018499136
22483,0.029140934
22484,0.07629116
22485,0.29634073
22486,0.030572593
22487,0.016455099
22488,0.03090728
22489,0.03951915
22490,0.0699834
22491,0.2508254
22492,0.064813904
22493,0.24736223
22494,0.08608524
22495,0.025571674
22496,0.04583583
22497,0.041547008
22498,0.033759356
22499,0.2642055
22500,0.021442115
22501,0.15203851
22502,0.021557875
22503,0.11191791
22504,0.055432443
22505,0.013850495
22506,0.39493215
22507,0.73590696
22508,0.23814979
22509,0.069782294
22510,0.010747395
22511,0.08826464
22512,0.049129855
22513,0.037655
22514,0.100828834
22515,0.09633247
22516,0.14004901
22517,0.9542953
22518,0.076295756
22519,0.014537014
22520,0.07450169
22521,0.07547238
22522,0.01960183
22523,0.030261107
22524,0.13605519
22525,0.31995764
22526,0.06908528
22527,0.14280239
22528,0.027240917
22529,0.046002954
22530,0.096523926
22531,0.031760193
22532,0.030115515
22533,0.054819908
22534,0.053753003
22535,0.024545036
22536,0.0214447
22537,0.05850104
22538,0.024919502
22539,0.1196935
22540,0.03713212
22541,0.042791978
22542,0.023050144
22543,0.033314474
22544,0.08409034
22545,0.098333254
22546,0.02138003
22547,0.02826418
22548,0.05174426
22549,0.9333665
22550,0.052715782
22551,0.11234249
22552,0.04886007
22553,0.03416124
22554,0.047964115
22555,0.050467856
22556,0.017746769
22557,0.02073533
22558,0.2955742
22559,0.027297541
22560,0.017611504
22561,0.04687196
22562,0.11212466
22563,0.020638667
22564,0.011802807
22565,0.10535112
22566,0.036640532
22567,0.02462487
22568,0.042317867
22569,0.35678408
22570,0.022407025
22571,0.02139777
22572,0.018393934
22573,0.011019766
22574,0.05296705
22575,0.031360835
22576,0.006496735
22577,0.14249024
22578,0.082662866
22579,0.016428605
22580,0.00876718
22581,0.05941531
22582,0.14828151
22583,0.09734512
22584,0.08583115
22585,0.08643109
22586,0.029068246
22587,0.018915676
22588,0.21906874
22589,0.27708992
22590,0.22345218
22591,0.010257594
22592,0.012273446
22593,0.031886823
22594,0.015419535
22595,0.01219774
22596,0.014583647
22597,0.009995498
22598,0.01896888
22599,0.019784518
22600,0.00831712
22601,0.015976243
22602,0.008443661
22603,0.021872483
22604,0.055064626
22605,0.060040344
22606,0.11523388
22607,0.14155862
22608,0.18948257
22609,0.008509383
22610,0.01164268
22611,0.024696432
22612,0.013168998
22613,0.012512378
22614,0.019429319
22615,0.018737316
22616,0.018949188
22617,0.02817344
22618,0.016466282
22619,0.017140836
22620,0.009984605
22621,0.06830945
22622,0.029345565
22623,0.042656016
22624,0.015477784
22625,0.054333802
22626,0.015709847
22627,0.0076032802
22628,0.013829954
22629,0.012261897
22630,0.11170912
22631,0.049674004
22632,0.0071880594
22633,0.035057284
22634,0.016249262
22635,0.112125136
22636,0.014856167
22637,0.4116789
22638,0.059714254
22639,0.064080715
22640,0.08202636
22641,0.014382355
22642,0.05481093
22643,0.025270917
22644,0.095829055
22645,0.107312545
22646,0.009037517
22647,0.15162642
22648,0.021384336
22649,0.051138345
22650,0.039137736
22651,0.006035693
22652,0.011866152
22653,0.010817431
22654,0.031157516
22655,0.011025935
22656,0.011893876
22657,0.052762453
22658,0.08476762
22659,0.015620187
22660,0.17600639
22661,0.019335799
22662,0.025366798
22663,0.015396006
22664,0.03201458
22665,0.011518337
22666,0.018512636
22667,0.04274347
22668,0.021426603
22669,0.015906826
22670,0.025420837
22671,0.031669263
22672,0.01146543
22673,0.01121565
22674,0.021623552
22675,0.029761985
22676,0.14306648
22677,0.18109494
22678,0.02126681
22679,0.1001632
22680,0.019326419
22681,0.046132866
22682,0.043393373
22683,0.032677308
22684,0.06241658
22685,0.105563976
22686,0.029208928
22687,0.12669042
22688,0.05846486
22689,0.07428725
22690,0.04357674
22691,0.25074697
22692,0.37678894
22693,0.03426394
22694,0.15442406
22695,0.2787315
22696,0.09308655
22697,0.13135034
22698,0.019766234
22699,0.027125247
22700,0.012564436
22701,0.03914513
22702,0.016557448
22703,0.24083415
22704,0.046329588
22705,0.6080849
22706,0.2575121
22707,0.029847175
22708,0.09863326
22709,0.046466634
22710,0.048251797
22711,0.03487809
22712,0.01644516
22713,0.038124297
22714,0.11168678
22715,0.26088637
22716,0.46106502
22717,0.44213712
22718,0.03147592
22719,0.06610524
22720,0.10106832
22721,0.24208438
22722,0.019593842
22723,0.05045763
22724,0.047963176
22725,0.0583024
22726,0.04029084
22727,0.39442137
22728,0.13527857
22729,0.14861052
22730,0.50606257
22731,0.10997046
22732,0.50143117
22733,0.05773991
22734,0.31086233
22735,0.049973637
22736,0.033987697
22737,0.066271156
22738,0.09570293
22739,0.11014297
22740,0.027823329
22741,0.03637092
22742,0.055166572
22743,0.28649488
22744,0.050554
22745,0.031071328
22746,0.05514698
22747,0.049234692
22748,0.06670911
22749,0.032678224
22750,0.038312074
22751,0.105936125
22752,0.0713298
22753,0.15089965
22754,0.0443082
22755,0.16646147
22756,0.0426276
22757,0.023275957
22758,0.30949897
22759,0.10779605
22760,0.07513407
22761,0.29579684
22762,0.29201433
22763,0.012009881
22764,0.0043948144
22765,0.08841629
22766,0.043514375
22767,0.013563871
22768,0.019126207
22769,0.040714834
22770,0.087023385
22771,0.09113216
22772,0.15302894
22773,0.27419135
22774,0.012353733
22775,0.017597504
22776,0.1919454
22777,0.04896801
22778,0.009007387
22779,0.026801988
22780,0.027010575
22781,0.037142027
22782,0.27702484
22783,0.023594566
22784,0.039611593
22785,0.06590059
22786,0.06381182
22787,0.11948893
22788,0.5055929
22789,0.037985727
22790,0.07053655
22791,0.017250642
22792,0.024841227
22793,0.04638994
22794,0.06975203
22795,0.018626705
22796,0.030328192
22797,0.12365317
22798,0.17711529
22799,0.095975034
22800,0.08887384
22801,0.055793393
22802,0.016765863
22803,0.042962853
22804,0.032926828
22805,0.036022615
22806,0.04033588
22807,0.007353045
22808,0.09815672
22809,0.066403784
22810,0.24170792
22811,0.0193986
22812,0.044800933
22813,0.0310333
22814,0.014572494
22815,0.023291506
22816,0.039117
22817,0.025247477
22818,0.062343277
22819,0.18071997
22820,0.37069228
22821,0.04216387
22822,0.038129173
22823,0.036368906
22824,0.088759355
22825,0.06939436
22826,0.017119512
22827,0.052415673
22828,0.017521009
22829,0.029524662
22830,0.24671507
22831,0.027395554
22832,0.025457703
22833,0.03516442
22834,0.008062236
22835,0.21400778
22836,0.07997795
22837,0.2350272
22838,0.34714815
22839,0.38166618
22840,0.07199783
22841,0.049343653
22842,0.018403202
22843,0.052880276
22844,0.042997994
22845,0.12404252
22846,0.04657662
22847,0.5665589
22848,0.1328765
22849,0.019664057
22850,0.11977243
22851,0.052391905
22852,0.049028832
22853,0.017606556
22854,0.009724475
22855,0.056708895
22856,0.015261047
22857,0.021663927
22858,0.022356436
22859,0.08125526
22860,0.05194918
22861,0.2249147
22862,0.07198744
22863,0.11891669
22864,0.40062338
22865,0.3558709
22866,0.082038514
22867,0.026020624
22868,0.0785957
22869,0.017339557
22870,0.044318113
22871,0.06935359
22872,0.06311205
22873,0.12104035
22874,0.056015883
22875,0.09858361
22876,0.037683696
22877,0.05911935
22878,0.026484877
22879,0.13475214
22880,0.011841476
22881,0.05999373
22882,0.028176837
22883,0.012598529
22884,0.024155475
22885,0.04280277
22886,0.06389894
22887,0.09103332
22888,0.13040534
22889,0.13493434
22890,0.23324648
22891,0.1478684
22892,0.2509173
22893,0.0146317035
22894,0.10360669
22895,0.014693908
22896,0.05447654
22897,0.041178174
22898,0.09036522
22899,0.03004735
22900,0.02023822
22901,0.04343413
22902,0.035839945
22903,0.05161878
22904,0.077272676
22905,0.032793876
22906,0.062517285
22907,0.023043677
22908,0.02508004
22909,0.10296634
22910,0.018958889
22911,0.039663713
22912,0.10754715
22913,0.06812973
22914,0.15976456
22915,0.3593786
22916,0.13692816
22917,0.12755956
22918,0.071973935
22919,0.09703563
22920,0.07648627
22921,0.092533804
22922,0.05168009
22923,0.01010368
22924,0.374929
22925,0.06982225
22926,0.08747344
22927,0.05122405
22928,0.06917195
22929,0.024105795
22930,0.017994434
22931,0.022652939
22932,0.051093303
22933,0.1795663
22934,0.07000316
22935,0.05482241
22936,0.1280337
22937,0.68905836
22938,0.1045658
22939,0.017639488
22940,0.35070086
22941,0.069534175
22942,0.18165363
22943,0.19844806
22944,0.06437719
22945,0.021277033
22946,0.0479254
22947,0.03430575
22948,0.112292975
22949,0.15076256
22950,0.038632747
22951,0.15846983
22952,0.07787397
22953,0.07309617
22954,0.023976788
22955,0.064334065
22956,0.077401295
22957,0.017353594
22958,0.12862355
22959,0.16122818
22960,0.2500137
22961,0.097177364
22962,0.03937522
22963,0.122264154
22964,0.17773739
22965,0.36405975
22966,0.055911776
22967,0.05001436
22968,0.05919269
22969,0.45420003
22970,0.042303212
22971,0.10323215
22972,0.38981423
22973,0.16863723
22974,0.014070176
22975,0.018290639
22976,0.01026769
22977,0.04916577
22978,0.06514145
22979,0.2623521
22980,0.26086378
22981,0.017349228
22982,0.119359136
22983,0.10459571
22984,0.15980309
22985,0.16929431
22986,0.15334627
22987,0.17770821
22988,0.3547566
22989,0.08494582
22990,0.0487193
22991,0.091530964
22992,0.04653314
22993,0.18311873
22994,0.9112038
22995,0.0054228455
22996,0.050667252
22997,0.39077717
22998,0.016925246
22999,0.04907741
23000,0.24977574
23001,0.014787808
23002,0.017922081
23003,0.05506045
23004,0.08765014
23005,0.020087421
23006,0.057722002
23007,0.010722116
23008,0.4644271
23009,0.18557945
23010,0.10010818
23011,0.26972675
23012,0.15753353
23013,0.19690736
23014,0.3692909
23015,0.39452255
23016,0.17557852
23017,0.10912376
23018,0.23964784
23019,0.9222046
23020,0.30702698
23021,0.31115204
23022,0.023488797
23023,0.21399623
23024,0.06673413
23025,0.02702602
23026,0.020971715
23027,0.06780974
23028,0.01105497
23029,0.013595402
23030,0.042985797
23031,0.07056571
23032,0.11366634
23033,0.123148546
23034,0.12813348
23035,0.09549081
23036,0.24410176
23037,0.39039367
23038,0.024734229
23039,0.12354962
23040,0.27883106
23041,0.015830904
23042,0.060109496
23043,0.9547245
23044,0.9125624
23045,0.5852742
23046,0.004446082
23047,0.026181549
23048,0.08409234
23049,0.4104196
23050,0.08206327
23051,0.01645086
23052,0.057230223
23053,0.038572244
23054,0.007244937
23055,0.059367754
23056,0.086754866
23057,0.065467425
23058,0.015856951
23059,0.42034096
23060,0.019262098
23061,0.04315504
23062,0.26458287
23063,0.1166573
23064,0.061438482
23065,0.047174994
23066,0.39392924
23067,0.22093552
23068,0.022764534
23069,0.11998503
23070,0.0977034
23071,0.102487035
23072,0.9578637
23073,0.81664515
23074,0.62201625
23075,0.018375374
23076,0.07373871
23077,0.029902942
23078,0.43096182
23079,0.10036246
23080,0.2509209
23081,0.037164345
23082,0.07899475
23083,0.025228105
23084,0.1098272
23085,0.13362825
23086,0.16148475
23087,0.15855935
23088,0.55467993
23089,0.4515815
23090,0.25922257
23091,0.16116095
23092,0.09204742
23093,0.0677557
23094,0.11709971
23095,0.0534457
23096,0.17505509
23097,0.120828405
23098,0.13775003
23099,0.05920036
23100,0.09140492
23101,0.023581952
23102,0.8405672
23103,0.998018
23104,0.95690477
23105,0.12282363
23106,0.044289593
23107,0.23070261
23108,0.41427013
23109,0.023362353
23110,0.057884734
23111,0.10908008
23112,0.06325504
23113,0.36259946
23114,0.98491937
23115,0.077638224
23116,0.1327393
23117,0.12730426
23118,0.17996277
23119,0.071852624
23120,0.38810778
23121,0.2569656
23122,0.02983556
23123,0.09226765
23124,0.09362272
23125,0.1013127
23126,0.04941095
23127,0.022740461
23128,0.2683782
23129,0.29998603
23130,0.16249348
23131,0.0836729
23132,0.028613158
23133,0.10664109
23134,0.07262004
23135,0.19073543
23136,0.029337116
23137,0.03992826
23138,0.051515207
23139,0.019477807
23140,0.024572618
23141,0.048884623
23142,0.046699908
23143,0.4086739
23144,0.68350554
23145,0.27926522
23146,0.27832928
23147,0.12967768
23148,0.17282045
23149,0.16264021
23150,0.48342285
23151,0.06974639
23152,0.03886696
23153,0.030511335
23154,0.12008965
23155,0.17206493
23156,0.12997472
23157,0.29944092
23158,0.26321116
23159,0.16363093
23160,0.9742166
23161,0.124835014
23162,0.0136309415
23163,0.13417536
23164,0.25221854
23165,0.020143308
23166,0.055387296
23167,0.283423
23168,0.06984544
23169,0.041254576
23170,0.04490875
23171,0.05209196
23172,0.16163325
23173,0.38357037
23174,0.20274924
23175,0.4991251
23176,0.2906533
23177,0.16044888
23178,0.1462551
23179,0.23268965
23180,0.021649577
23181,0.17550835
23182,0.077082574
23183,0.050788697
23184,0.45674187
23185,0.24949318
23186,0.04501663
23187,0.47681785
23188,0.2771962
23189,0.005158864
23190,0.0687516
23191,0.11979398
23192,0.07905494
23193,0.047705118
23194,0.010117874
23195,0.017177112
23196,0.0322329
23197,0.06245175
23198,0.101002485
23199,0.11667885
23200,0.13539854
23201,0.37766358
23202,0.7358007
23203,0.4188437
23204,0.39709812
23205,0.57466567
23206,0.10737914
23207,0.021802448
23208,0.062404703
23209,0.06921516
23210,0.23948625
23211,0.24905747
23212,0.058678553
23213,0.025119863
23214,0.061799858
23215,0.1316114
23216,0.019925773
23217,0.044128917
23218,0.11925473
23219,0.018906005
23220,0.03266096
23221,0.01758749
23222,0.08533773
23223,0.014771096
23224,0.037977204
23225,0.08112809
23226,0.07164511
23227,0.090294495
23228,0.25072643
23229,0.26600298
23230,0.38167924
23231,0.762808
23232,0.60249543
23233,0.2729925
23234,0.21718141
23235,0.042395305
23236,0.056033827
23237,0.09866087
23238,0.017362326
23239,0.028327748
23240,0.97489226
23241,0.046504326
23242,0.017514095
23243,0.08183926
23244,0.036990006
23245,0.09899751
23246,0.04524633
23247,0.04744326
23248,0.013136931
23249,0.03860698
23250,0.018881246
23251,0.021267995
23252,0.034122035
23253,0.10779577
23254,0.1278955
23255,0.5972456
23256,0.3695344
23257,0.24865547
23258,1.0564177
23259,0.28956005
23260,0.46071061
23261,0.25027213
23262,0.040763326
23263,0.028939687
23264,0.025868267
23265,0.04614999
23266,0.055321164
23267,0.036535803
23268,0.05977138
23269,0.44707024
23270,0.2204732
23271,0.25872707
23272,0.02971343
23273,0.09652024
23274,0.1139547
23275,0.13257846
23276,0.25198248
23277,0.042515647
23278,0.005623862
23279,0.031229965
23280,0.0110929385
23281,0.05137946
23282,0.15311103
23283,0.96497154
23284,0.41533792
23285,0.56641763
23286,0.27710962
23287,0.26880676
23288,0.17193577
23289,0.24873468
23290,0.037385695
23291,0.013935424
23292,0.023280628
23293,0.009028666
23294,0.025201775
23295,0.109196216
23296,0.11150182
23297,0.047758345
23298,0.18174285
23299,0.030875608
23300,0.07286774
23301,0.0120915845
23302,0.3598624
23303,0.041470774
23304,0.13451576
23305,0.2578709
23306,0.043096878
23307,0.23875502
23308,0.1880708
23309,0.07595295
23310,0.10498725
23311,0.025678769
23312,0.10795046
23313,0.08106497
23314,0.050070047
23315,0.11311075
23316,0.10497186
23317,0.031126168
23318,0.027216487
23319,0.13070306
23320,0.012116171
23321,0.0141801685
23322,0.017584845
23323,0.095281325
23324,0.039551742
23325,0.13556716
23326,0.03877557
23327,0.064041175
23328,0.010571033
23329,0.06678526
23330,0.16767393
23331,0.2937578
23332,0.56656384
23333,0.11322841
23334,0.05336994
23335,0.014386922
23336,0.07040173
23337,0.12010884
23338,0.011785619
23339,0.0395939
23340,0.0138519555
23341,0.027181968
23342,0.021592341
23343,0.011498168
23344,0.034350753
23345,0.09327201
23346,0.10916037
23347,0.40524054
23348,0.016393416
23349,0.027954772
23350,0.070073046
23351,0.088549726
23352,0.114907406
23353,0.39288646
23354,0.10087509
23355,0.23028252
23356,0.02406329
23357,0.01712057
23358,0.07986967
23359,0.12480621
23360,0.04652787
23361,0.013617694
23362,0.017751321
23363,0.00878527
23364,0.27666467
23365,0.03500205
23366,0.009860292
23367,0.013407916
23368,0.030689165
23369,0.13616557
23370,0.07041043
23371,0.04749383
23372,0.024563879
23373,0.030248709
23374,0.071381435
23375,0.35881457
23376,0.028841734
23377,0.016089588
23378,0.032232936
23379,0.03859502
23380,0.059631955
23381,0.25543246
23382,0.06984364
23383,0.16403279
23384,0.092426464
23385,0.02555342
23386,0.023548082
23387,0.045170024
23388,0.04305863
23389,0.031074382
23390,0.3725805
23391,0.2889979
23392,0.024500266
23393,0.113533914
23394,0.06046034
23395,0.009526253
23396,0.012214094
23397,0.38927865
23398,0.7486644
23399,0.24285892
23400,0.065211736
23401,0.091198824
23402,0.051683813
23403,0.035605393
23404,0.10116371
23405,0.091212764
23406,0.09775811
23407,0.94879806
23408,0.0656438
23409,0.015369706
23410,0.075023875
23411,0.080050856
23412,0.0224045
23413,0.034912515
23414,0.13462472
23415,0.4193461
23416,0.0675367
23417,0.14343557
23418,0.027929336
23419,0.043266952
23420,0.10335611
23421,0.031395253
23422,0.028553158
23423,0.049319398
23424,0.050899163
23425,0.021897554
23426,0.01903151
23427,0.06386176
23428,0.018628694
23429,0.120043054
23430,0.03064242
23431,0.0459396
23432,0.012991875
23433,0.030350834
23434,0.08436821
23435,0.09365444
23436,0.02042149
23437,0.055393107
23438,0.9069133
23439,0.05210986
23440,0.10817386
23441,0.047775496
23442,0.038549546
23443,0.046063818
23444,0.048287284
23445,0.016892701
23446,0.020597018
23447,0.20908126
23448,0.026162013
23449,0.017283343
23450,0.047469217
23451,0.10832624
23452,0.019539513
23453,0.1081574
23454,0.03353391
23455,0.022804573
23456,0.044074222
23457,0.36419728
23458,0.017111339
23459,0.018442005
23460,0.043801464
23461,0.030502133
23462,0.14656374
23463,0.071005546
23464,0.015057139
23465,0.0065735653
23466,0.060883302
23467,0.15752548
23468,0.11125497
23469,0.08465931
23470,0.07949118
23471,0.027050652
23472,0.05255468
23473,0.018396072
23474,0.21478984
23475,0.16096993
23476,0.22463998
23477,0.011419989
23478,0.033279497
23479,0.014164582
23480,0.011876196
23481,0.016037695
23482,0.018350735
23483,0.010505229
23484,0.020310305
23485,0.008149229
23486,0.015918083
23487,0.015843578
23488,0.02389767
23489,0.063036375
23490,0.05576533
23491,0.12173128
23492,0.012240298
23493,0.21494973
23494,0.18585527
23495,0.009991974
23496,0.009350635
23497,0.024489708
23498,0.010731854
23499,0.012188375
23500,0.017843306
23501,0.020479582
23502,0.035863318
23503,0.016418241
23504,0.016327463
23505,0.008861341
23506,0.008900128
23507,0.07123181
23508,0.02798953
23509,0.045981705
23510,0.016424581
23511,0.015887
23512,0.008133881
23513,0.111110024
23514,0.024516739
23515,0.048578344
23516,0.008812189
23517,0.0126459
23518,0.032539967
23519,0.10596956
23520,0.017381683
23521,0.014351338
23522,0.41763005
23523,0.058755938
23524,0.060324445
23525,0.07750234
23526,0.017326899
23527,0.014251165
23528,0.07458523
23529,0.020162992
23530,0.096545346
23531,0.095519826
23532,0.14796871
23533,0.020681605
23534,0.026109561
23535,0.04416836
23536,0.03834392
23537,0.0071004853
23538,0.011783376
23539,0.010991268
23540,0.03225673
23541,0.008939922
23542,0.010025747
23543,0.065096416
23544,0.08182436
23545,0.27554145
23546,0.011316121
23547,0.019201405
23548,0.026214115
23549,0.009899676
23550,0.018096402
23551,0.04745301
23552,0.023936294
23553,0.0153994635
23554,0.021904513
23555,0.03231069
23556,0.010669179
23557,0.011442438
23558,0.021918677
23559,0.03304569
23560,0.13977832
23561,0.1684851
23562,0.017728545
23563,0.103323996
23564,0.020101115
23565,0.038840372
23566,0.048552547
23567,0.064727396
23568,0.060792293
23569,0.030303888
23570,0.03383253
23571,0.037468325
23572,0.11294697
23573,0.044475347
23574,0.037974313
23575,0.027719483
23576,0.12161754
23577,0.0424629
23578,0.07604469
23579,0.2357786
23580,0.23242486
23581,0.045001004
23582,0.14880718
23583,0.047945928
23584,0.36747864
23585,0.09277971
23586,0.12514281
23587,0.04119939
23588,0.026175655
23589,0.019342244
23590,0.009568185
23591,0.1295808
23592,0.056745183
23593,0.6756896
23594,0.13672459
23595,0.032690093
23596,0.026621535
23597,0.109699056
23598,0.040085707
23599,0.028057262
23600,0.040434208
23601,0.042595007
23602,0.092119835
23603,0.25984532
23604,0.48501286
23605,0.43337417
23606,0.040494494
23607,0.097326
23608,0.22850758
23609,0.019113094
23610,0.056024466
23611,0.048486244
23612,0.04862595
23613,0.093585774
23614,0.0384534
23615,0.4060996
23616,0.13738817
23617,0.15690315
23618,0.5399081
23619,0.113632284
23620,0.5266658
23621,0.017774425
23622,0.058599092
23623,0.2967889
23624,0.044907384
23625,0.055279557
23626,0.03236001
23627,0.0668839
23628,0.11392708
23629,0.12442008
23630,0.08036321
23631,0.031493947
23632,0.060979683
23633,0.16662018
23634,0.047559798
23635,0.034384515
23636,0.06561256
23637,0.054647565
23638,0.060665216
23639,0.0286225
23640,0.040909216
23641,0.060157068
23642,0.080034055
23643,0.032547984
23644,0.06673096
23645,0.15396626
23646,0.039174616
23647,0.26181695
23648,0.046684776
23649,0.03241172
23650,0.04030859
23651,0.013182968
23652,0.50283366
23653,0.10608216
23654,0.05808147
23655,0.2884098
23656,0.44219136
23657,0.012479462
23658,0.0044083223
23659,0.09004353
23660,0.041790675
23661,0.013764575
23662,0.011286326
23663,0.090404056
23664,0.087884665
23665,0.16025707
23666,0.28836775
23667,0.020462282
23668,0.3543545
23669,0.046887238
23670,0.026476145
23671,0.034383383
23672,0.38748655
23673,0.01936169
23674,0.042217176
23675,0.058714777
23676,0.06462483
23677,0.13915622
23678,0.5112929
23679,0.04477071
23680,0.06798228
23681,0.023158677
23682,0.053166464
23683,0.060421783
23684,0.009543948
23685,0.018664442
23686,0.033475965
23687,0.011078775
23688,0.122758746
23689,0.18146159
23690,0.095536396
23691,0.07503861
23692,0.05847872
23693,0.014320135
23694,0.041773
23695,0.03478753
23696,0.03280767
23697,0.039610576
23698,0.006842099
23699,0.10427807
23700,0.07115699
23701,0.23474142
23702,0.017528042
23703,0.04547622
23704,0.036215894
23705,0.020139202
23706,0.022453636
23707,0.026035756
23708,0.040667754
23709,0.025363438
23710,0.027603887
23711,0.061901797
23712,0.19147983
23713,0.36874184
23714,0.044236824
23715,0.036656573
23716,0.03465042
23717,0.100532345
23718,0.062716976
23719,0.0542723
23720,0.008022085
23721,0.03391864
23722,0.24418646
23723,0.029600121
23724,0.026532568
23725,0.032687005
23726,0.007716015
23727,0.22544894
23728,0.077208996
23729,0.24771324
23730,0.23369521
23731,0.36501738
23732,0.07419281
23733,0.049273465
23734,0.017591327
23735,0.055412635
23736,0.045425773
23737,0.110716835
23738,0.04898044
23739,0.6222249
23740,0.15788278
23741,0.11249204
23742,0.059157725
23743,0.015562959
23744,0.009896204
23745,0.0108564645
23746,0.05031448
23747,0.026969016
23748,0.017697439
23749,0.019443095
23750,0.022800691
23751,0.09129744
23752,0.05520768
23753,0.08915527
23754,0.06788938
23755,0.123843655
23756,0.381113
23757,0.40110353
23758,0.08143011
23759,0.02566012
23760,0.0906567
23761,0.018869124
23762,0.04067769
23763,0.02323474
23764,0.012598224
23765,0.062327534
23766,0.060881115
23767,0.12897596
23768,0.056679953
23769,0.10839279
23770,0.041580345
23771,0.058139637
23772,0.030322924
23773,0.018871076
23774,0.11847554
23775,0.011072472
23776,0.057820782
23777,0.025554031
23778,0.013859652
23779,0.02464556
23780,0.045821797
23781,0.07219799
23782,0.092039496
23783,0.13775523
23784,0.1322836
23785,0.25146574
23786,0.24215123
23787,0.1711882
23788,0.015980095
23789,0.10041332
23790,0.014743477
23791,0.051738
23792,0.03771732
23793,0.090058684
23794,0.02871725
23795,0.021866918
23796,0.045717917
23797,0.03666293
23798,0.012227595
23799,0.05640793
23800,0.078542314
23801,0.032621797
23802,0.058855895
23803,0.021435566
23804,0.027656764
23805,0.021402836
23806,0.014423303
23807,0.10313931
23808,0.019044653
23809,0.040509284
23810,0.116400205
23811,0.06868942
23812,0.16015452
23813,0.3157089
23814,0.13511561
23815,0.124857515
23816,0.07104334
23817,0.09896365
23818,0.079066694
23819,0.09304592
23820,0.059498873
23821,0.009021498
23822,0.018494055
23823,0.20230547
23824,0.07273279
23825,0.07639721
23826,0.05135777
23827,0.073920995
23828,0.014847621
23829,0.024783134
23830,0.01794485
23831,0.024147019
23832,0.045893166
23833,0.3153128
23834,0.07749896
23835,0.053764477
23836,0.12741679
23837,0.7121548
23838,0.106608614
23839,0.019144334
23840,0.37363473
23841,0.07091121
23842,0.17797852
23843,0.27485126
23844,0.06702539
23845,0.021296948
23846,0.049631998
23847,0.029890224
23848,0.11446378
23849,0.18460253
23850,0.04042294
23851,0.16394374
23852,0.088802695
23853,0.07500291
23854,0.018742822
23855,0.024716571
23856,0.06250998
23857,0.077463865
23858,0.017638914
23859,0.1265815
23860,0.15999708
23861,0.2574259
23862,0.099619314
23863,0.035519317
23864,0.12587374
23865,0.19048928
23866,0.3498148
23867,0.05994053
23868,0.010540105
23869,0.049713258
23870,0.019724555
23871,0.0098661855
23872,0.058127187
23873,0.45793092
23874,0.050581843
23875,0.105677776
23876,0.38700017
23877,0.16227385
23878,0.024220176
23879,0.045671172
23880,0.06289637
23881,0.2515214
23882,0.26237592
23883,0.015536241
23884,0.117605835
23885,0.10676912
23886,0.15073732
23887,0.24845612
23888,0.14453559
23889,0.19214782
23890,0.36902225
23891,0.08283899
23892,0.015552208
23893,0.047332063
23894,0.082745634
23895,0.049966585
23896,0.19122139
23897,0.90538
23898,0.049101572
23899,0.38088495
23900,0.015750349
23901,0.047232494
23902,0.24538934
23903,0.015524805
23904,0.056006633
23905,0.09728085
23906,0.016995013
23907,0.05914827
23908,0.008243434
23909,0.46400878
23910,0.18892962
23911,0.09637628
23912,0.26394084
23913,0.17602322
23914,0.19999826
23915,0.38602716
23916,0.3987419
23917,0.25004086
23918,0.22956333
23919,0.113079354
23920,0.920495
23921,0.31167528
23922,0.44171712
23923,0.0067125186
23924,0.023726255
23925,0.121302344
23926,0.068520665
23927,0.028052688
23928,0.020751208
23929,0.07098899
23930,0.011214472
23931,0.013504155
23932,0.03670804
23933,0.07277431
23934,0.116552636
23935,0.114195704
23936,0.12552518
23937,0.08988351
23938,0.24398407
23939,0.39770535
23940,0.028309062
23941,0.10933103
23942,0.27731812
23943,0.015691593
23944,0.06622751
23945,0.95778275
23946,0.9156809
23947,0.5879747
23948,0.024189532
23949,0.07310257
23950,0.4135589
23951,0.081989184
23952,0.015995167
23953,0.053725332
23954,0.008084133
23955,0.059241723
23956,0.08513008
23957,0.06962399
23958,0.015925609
23959,0.42069393
23960,0.018863566
23961,0.04083988
23962,0.1340028
23963,0.121433586
23964,0.056935735
23965,0.046831578
23966,0.41112298
23967,0.34378126
23968,0.023515597
23969,0.11361466
23970,0.10303852
23971,0.10672113
23972,0.96637595
23973,0.81494725
23974,0.5633701
23975,0.017800733
23976,0.20921385
23977,0.030590147
23978,0.4262348
23979,0.09443627
23980,0.24777198
23981,0.042421225
23982,0.080589525
23983,0.0277948
23984,0.103571445
23985,0.13410011
23986,0.1644503
23987,0.13846199
23988,0.5018516
23989,0.4869922
23990,0.39130783
23991,0.16299823
23992,0.09225108
23993,0.06621377
23994,0.11299391
23995,0.05588262
23996,0.030017152
23997,0.12811156
23998,0.14024347
23999,0.05647422
24000,0.09584702
24001,0.024572581
24002,0.8858089
24003,1.0111204
24004,0.9688332
24005,0.119132265
24006,0.044602424
24007,0.23679748
24008,0.41571772
24009,0.02344475
24010,0.008163311
24011,0.020778574
24012,0.06181114
24013,0.11201194
24014,0.057328425
24015,0.36908245
24016,0.97547746
24017,0.07162283
24018,0.13421465
24019,0.12279612
24020,0.17774512
24021,0.07145602
24022,0.39744654
24023,0.26779443
24024,0.032497652
24025,0.09939103
24026,0.09719855
24027,0.09830125
24028,0.051827487
24029,0.02673442
24030,0.28023565
24031,0.39018592
24032,0.24468446
24033,0.07173864
24034,0.10296718
24035,0.010444209
24036,0.06905332
24037,0.1826575
24038,0.026959807
24039,0.036403574
24040,0.053202968
24041,0.023212738
24042,0.046389505
24043,0.05175474
24044,0.37208623
24045,0.7345386
24046,0.28718728
24047,0.27517802
24048,0.12570286
24049,0.1704528
24050,0.25471717
24051,0.5333213
24052,0.06566771
24053,0.02752176
24054,0.04127358
24055,0.028411433
24056,0.120985046
24057,0.18414542
24058,0.22936499
24059,0.40825555
24060,0.2590965
24061,0.15669098
24062,1.0369887
24063,0.13735521
24064,0.016117051
24065,0.23057717
24066,0.24837598
24067,0.018623129
24068,0.0547637
24069,0.46873066
24070,0.07236905
24071,0.04217535
24072,0.042220093
24073,0.05113973
24074,0.16778803
24075,0.39984518
24076,0.26981062
24077,0.5023755
24078,0.3011658
24079,0.1714645
24080,0.12652421
24081,0.23369896
24082,0.021278411
24083,0.16653496
24084,0.07378733
24085,0.046786692
24086,0.4674088
24087,0.25236708
24088,0.050358824
24089,0.49650574
24090,0.27222693
24091,0.0053711087
24092,0.0797483
24093,0.119033396
24094,0.086347096
24095,0.012143634
24096,0.03588945
24097,0.06584478
24098,0.11566135
24099,0.11949877
24100,0.14010791
24101,0.41510937
24102,0.7818854
24103,0.41936347
24104,0.37043986
24105,0.5843216
24106,0.12219809
24107,0.059504345
24108,0.070506245
24109,0.14541732
24110,0.19058037
24111,0.058007203
24112,0.024379179
24113,0.06414235
24114,0.13301009
24115,0.018390834
24116,0.0045454428
24117,0.04262706
24118,0.114141576
24119,0.018076673
24120,0.014825694
24121,0.033520855
24122,0.017902978
24123,0.0152050555
24124,0.033861414
24125,0.09471303
24126,0.07205064
24127,0.08225815
24128,0.24222419
24129,0.15587214
24130,0.37367207
24131,0.7515568
24132,0.6604914
24133,0.2557254
24134,0.21842624
24135,0.05551189
24136,0.09555661
24137,0.015548117
24138,0.0072934926
24139,0.93867
24140,0.04876761
24141,0.018192954
24142,0.07602783
24143,0.04154809
24144,0.09929211
24145,0.052870866
24146,0.048457045
24147,0.014217533
24148,0.036842577
24149,0.0077396706
24150,0.01844506
24151,0.016451389
24152,0.03337881
24153,0.10897781
24154,0.13032691
24155,0.5902499
24156,0.3736929
24157,0.24839434
24158,1.0553766
24159,0.40046164
24160,0.4805021
24161,0.25345525
24162,0.03677994
24163,0.024935298
24164,0.04829406
24165,0.05721252
24166,0.017821513
24167,0.034265846
24168,0.06135083
24169,0.44200593
24170,0.22412431
24171,0.3524648
24172,0.031377263
24173,0.08819631
24174,0.11439099
24175,0.12356106
24176,0.24807125
24177,0.03973774
24178,0.050915934
24179,0.15845247
24180,0.9544216
24181,0.42013758
24182,0.57256836
24183,0.27639169
24184,0.26337123
24185,0.18446068
24186,0.10438901
24187,0.04288005
24188,0.021933034
24189,0.02673874
24190,0.1147176
24191,0.11812962
24192,0.057281148
24193,0.17928274
24194,0.030393288
24195,0.07042553
24196,0.009176172
24197,0.2606087
24198,0.043366905
24199,0.013416298
24200,0.1353997
24201,0.25425422
24202,0.04570921
24203,0.24249324
24204,0.1784581
24205,0.0831065
24206,0.10480556
24207,0.027635999
24208,0.0984996
24209,0.08115511
24210,0.04794201
24211,0.12163874
24212,0.11328151
24213,0.03187179
24214,0.011058629
24215,0.1278486
24216,0.012267649
24217,0.23964047
24218,0.0066676363
24219,0.04197054
24220,0.15058783
24221,0.03693135
24222,0.065231286
24223,0.06443675
24224,0.17593259
24225,0.3852903
24226,0.5439576
24227,0.11102417
24228,0.013749436
24229,0.019669704
24230,0.033686064
24231,0.048630346
24232,0.06304206
24233,0.12382442
24234,0.012632415
24235,0.036499742
24236,0.012807488
24237,0.02849707
24238,0.020729743
24239,0.013282798
24240,0.031724107
24241,0.0053755566
24242,0.0890304
24243,0.10543187
24244,0.39252123
24245,0.01698377
24246,0.022139095
24247,0.07249322
24248,0.08541236
24249,0.12022083
24250,0.3903361
24251,0.102998555
24252,0.013972536
24253,0.011788294
24254,0.24012259
24255,0.011255026
24256,0.025434688
24257,0.016521163
24258,0.07748963
24259,0.23142314
24260,0.047085952
24261,0.02521322
24262,0.0088875815
24263,0.27274722
24264,0.032283608
24265,0.016022637
24266,0.028132454
24267,0.14604674
24268,0.0713982
24269,0.04829579
24270,0.021732233
24271,0.02919463
24272,0.0693988
24273,0.35837266
24274,0.028437361
24275,0.016497202
24276,0.03135741
24277,0.037672646
24278,0.06304118
24279,0.24886829
24280,0.061246928
24281,0.24826133
24282,0.0941702
24283,0.028575502
24284,0.049415294
24285,0.045503788
24286,0.033302076
24287,0.26277116
24288,0.16106375
24289,0.022665583
24290,0.111037165
24291,0.056825213
24292,0.013393968
24293,0.3986426
24294,0.73118985
24295,0.24139008
24296,0.06576857
24297,0.011053704
24298,0.09030396
24299,0.04857655
24300,0.031896368
24301,0.09491522
24302,0.093237236
24303,0.0969732
24304,0.9651383
24305,0.018886767
24306,0.079636015
24307,0.013053961
24308,0.07708993
24309,0.08271739
24310,0.02031529
24311,0.03425808
24312,0.14037043
24313,0.3223782
24314,0.072234645
24315,0.24716204
24316,0.028071836
24317,0.055648256
24318,0.10474269
24319,0.03241319
24320,0.030548476
24321,0.04999926
24322,0.052260313
24323,0.027863063
24324,0.019227974
24325,0.053403668
24326,0.016732141
24327,0.12450388
24328,0.032660812
24329,0.04148099
24330,0.03015554
24331,0.07461436
24332,0.1094174
24333,0.019909434
24334,0.059464127
24335,0.94053817
24336,0.05451782
24337,0.11964814
24338,0.052341927
24339,0.028470673
24340,0.046739846
24341,0.04918973
24342,0.018151067
24343,0.21544164
24344,0.02645272
24345,0.01708962
24346,0.046856485
24347,0.22155297
24348,0.020902827
24349,0.011055857
24350,0.21912962
24351,0.034725007
24352,0.041029535
24353,0.37005445
24354,0.021856107
24355,0.017708428
24356,0.005046688
24357,0.018286258
24358,0.013943821
24359,0.04202422
24360,0.031065576
24361,0.14531106
24362,0.08172082
24363,0.009052359
24364,0.05935109
24365,0.15501332
24366,0.10389069
24367,0.08191658
24368,0.08777663
24369,0.050737295
24370,0.019348778
24371,0.22362262
24372,0.17651454
24373,0.22977376
24374,0.00877855
24375,0.025032707
24376,0.017356843
24377,0.011711359
24378,0.01617495
24379,0.012225248
24380,0.01771
24381,0.019770846
24382,0.012034282
24383,0.015122168
24384,0.015462041
24385,0.00970979
24386,0.025366418
24387,0.06338544
24388,0.059973113
24389,0.12522487
24390,0.005776547
24391,0.11188056
24392,0.007453434
24393,0.27815667
24394,0.02139119
24395,0.023904547
24396,0.013403602
24397,0.018792741
24398,0.027934879
24399,0.01695858
24400,0.005493544
24401,0.014819033
24402,0.017807834
24403,0.008328788
24404,0.0092647895
24405,0.072343946
24406,0.027419388
24407,0.043612298
24408,0.016270235
24409,0.055162154
24410,0.016569301
24411,0.008715853
24412,0.012506649
24413,0.008308314
24414,0.10431734
24415,0.019721545
24416,0.0450396
24417,0.010717139
24418,0.014634237
24419,0.031022832
24420,0.011748813
24421,0.018861592
24422,0.11171971
24423,0.015813716
24424,0.011150427
24425,0.014194936
24426,0.011088498
24427,0.4287176
24428,0.054112677
24429,0.058220435
24430,0.082550794
24431,0.004243247
24432,0.06413231
24433,0.0209551
24434,0.08241755
24435,0.0891075
24436,0.16025242
24437,0.020851105
24438,0.023554817
24439,0.045000676
24440,0.038598243
24441,0.025338344
24442,0.020979747
24443,0.0096067935
24444,0.035625864
24445,0.009987444
24446,0.012978472
24447,0.055030793
24448,0.08074301
24449,0.030719995
24450,0.17797606
24451,0.010474704
24452,0.029434957
24453,0.010186084
24454,0.018057749
24455,0.048375327
24456,0.015143581
24457,0.024299055
24458,0.029485725
24459,0.009803578
24460,0.034822095
24461,0.28426287
24462,0.17033458
24463,0.01857476
24464,0.10125632
24465,0.019941926
24466,0.052214306
24467,0.049037434
24468,0.027117252
24469,0.027981952
24470,0.05861456
24471,0.0055474415
24472,0.12591437
24473,0.05445511
24474,0.04245962
24475,0.13684568
24476,0.22448757
24477,0.033915937
24478,0.01111079
24479,0.25103784
24480,0.058385883
24481,0.26639605
24482,0.06518094
24483,0.11846825
24484,0.022631943
24485,0.019619353
24486,0.06648108
24487,0.011141948
24488,0.020116761
24489,0.01260756
24490,0.0844195
24491,0.057323236
24492,0.6749848
24493,0.2323254
24494,0.031827837
24495,0.11989792
24496,0.051370762
24497,0.05084134
24498,0.01582411
24499,0.016489767
24500,0.040438514
24501,0.079393275
24502,0.39422473
24503,0.45433423
24504,0.4517221
24505,0.030517757
24506,0.07338407
24507,0.10891752
24508,0.13364618
24509,0.005150169
24510,0.02080524
24511,0.057216983
24512,0.049666177
24513,0.06726919
24514,0.1004998
24515,0.03851973
24516,0.4223847
24517,0.14674488
24518,0.37585625
24519,0.47397462
24520,0.08473223
24521,0.023798436
24522,0.49001464
24523,0.017067492
24524,0.064931385
24525,0.28138602
24526,0.054213557
24527,0.053322908
24528,0.037465803
24529,0.07488799
24530,0.09922364
24531,0.10723333
24532,0.108627155
24533,0.028255902
24534,0.05511958
24535,0.06827868
24536,0.17268619
24537,0.05212313
24538,0.03335298
24539,0.07108356
24540,0.06525864
24541,0.072683826
24542,0.030932017
24543,0.044467375
24544,0.05082161
24545,0.10503059
24546,0.029877521
24547,0.06319626
24548,0.15397695
24549,0.059401903
24550,0.26690212
24551,0.05062525
24552,0.039191104
24553,0.025172986
24554,0.012902468
24555,0.013900235
24556,0.0231665
24557,0.4730768
24558,0.09923858
24559,0.06498799
24560,0.18603076
24561,0.14885697
24562,0.09754593
24563,0.0590433
24564,0.040718865
24565,0.07241173
24566,0.08931063
24567,0.16358912
24568,0.25935975
24569,0.018548436
24570,0.37767956
24571,0.051471993
24572,0.01007998
24573,0.032431062
24574,0.27416894
24575,0.020054132
24576,0.048631407
24577,0.014300428
24578,0.07140208
24579,0.04465378
24580,0.03744785
24581,0.13076629
24582,0.5051452
24583,0.062286705
24584,0.08527244
24585,0.01954773
24586,0.023396984
24587,0.052537814
24588,0.07340998
24589,0.011358395
24590,0.027986243
24591,0.013690524
24592,0.13401896
24593,0.18516907
24594,0.10369525
24595,0.09687241
24596,0.065697715
24597,0.011831708
24598,0.041497122
24599,0.03309926
24600,0.03319587
24601,0.036869638
24602,0.10197681
24603,0.07139416
24604,0.4031575
24605,0.019440755
24606,0.043540712
24607,0.031133328
24608,0.018886924
24609,0.01561252
24610,0.024724565
24611,0.046021596
24612,0.023913927
24613,0.026530698
24614,0.0765128
24615,0.26676476
24616,0.3916313
24617,0.047515605
24618,0.035488766
24619,0.035874557
24620,0.095316574
24621,0.075655244
24622,0.06405376
24623,0.014317445
24624,0.023230009
24625,0.03245401
24626,0.23653543
24627,0.026597656
24628,0.027793467
24629,0.032673944
24630,0.008258343
24631,0.21000391
24632,0.08286974
24633,0.40815613
24634,0.4377983
24635,0.39734694
24636,0.06998897
24637,0.04634138
24638,0.02041258
24639,0.054907143
24640,0.046473075
24641,0.14107896
24642,0.057329483
24643,0.56746185
24644,0.12683599
24645,0.0203994
24646,0.12593028
24647,0.055378057
24648,0.04826825
24649,0.01544217
24650,0.011347018
24651,0.008400388
24652,0.05643723
24653,0.027778722
24654,0.018541366
24655,0.01219213
24656,0.021797158
24657,0.021354966
24658,0.08436608
24659,0.052319422
24660,0.092617
24661,0.07394712
24662,0.120755166
24663,0.4014158
24664,0.37822083
24665,0.07747717
24666,0.0224194
24667,0.0858658
24668,0.020265587
24669,0.04347629
24670,0.023972504
24671,0.07865483
24672,0.06535728
24673,0.12615706
24674,0.05326217
24675,0.120701686
24676,0.042000804
24677,0.06707547
24678,0.030958258
24679,0.017807998
24680,0.14632599
24681,0.0250979
24682,0.06719679
24683,0.030631378
24684,0.013577804
24685,0.023287743
24686,0.039995454
24687,0.06447429
24688,0.08784506
24689,0.12974134
24690,0.12996031
24691,0.39267725
24692,0.23842269
24693,0.26166052
24694,0.013748914
24695,0.09981067
24696,0.010338478
24697,0.059144408
24698,0.041821115
24699,0.09185033
24700,0.02794195
24701,0.019915089
24702,0.049406905
24703,0.041319124
24704,0.022393703
24705,0.049302787
24706,0.079649515
24707,0.032188844
24708,0.066876784
24709,0.027394071
24710,0.016062304
24711,0.09613126
24712,0.018640012
24713,0.0447624
24714,0.13265188
24715,0.06682917
24716,0.14573641
24717,0.3382425
24718,0.12838538
24719,0.11673784
24720,0.06384928
24721,0.22631109
24722,0.07812992
24723,0.09541217
24724,0.05361983
24725,0.011699125
24726,0.008176424
24727,0.018350005
24728,0.27536497
24729,0.08077429
24730,0.073769465
24731,0.055776235
24732,0.07690019
24733,0.014411777
24734,0.024730489
24735,0.021192238
24736,0.042284023
24737,0.31487763
24738,0.07704753
24739,0.05206693
24740,0.12613036
24741,0.699437
24742,0.10434968
24743,0.019720554
24744,0.40545633
24745,0.06960375
24746,0.24967644
24747,0.27304158
24748,0.07084833
24749,0.05813282
24750,0.04807409
24751,0.116256766
24752,0.16489196
24753,0.040280037
24754,0.15488097
24755,0.09058901
24756,0.00492163
24757,0.08709944
24758,0.024298191
24759,0.06293846
24760,0.08127335
24761,0.01860857
24762,0.119740605
24763,0.13831757
24764,0.2571135
24765,0.10888663
24766,0.032706734
24767,0.11886693
24768,0.18910179
24769,0.3493979
24770,0.062380716
24771,0.0077269673
24772,0.054123074
24773,0.018847942
24774,0.008441165
24775,0.07269205
24776,0.50223595
24777,0.054912172
24778,0.12441884
24779,0.42333913
24780,0.1723902
24781,0.022259817
24782,0.013652399
24783,0.05129048
24784,0.06613982
24785,0.25872153
24786,0.3956366
24787,0.013929479
24788,0.24252295
24789,0.118574426
24790,0.25994164
24791,0.2366907
24792,0.14178051
24793,0.18627916
24794,0.36190423
24795,0.08474091
24796,0.046192367
24797,0.09093451
24798,0.04806808
24799,0.26305705
24800,0.9593574
24801,0.0071951747
24802,0.05373113
24803,0.39957786
24804,0.017323844
24805,0.046841264
24806,0.21258566
24807,0.018031001
24808,0.055874072
24809,0.088777915
24810,0.018588558
24811,0.05724558
24812,0.009713702
24813,0.47782132
24814,0.3791163
24815,0.09434396
24816,0.27554387
24817,0.16692117
24818,0.24992296
24819,0.3658162
24820,0.28679818
24821,0.027730085
24822,0.24634469
24823,0.23343521
24824,0.11743226
24825,0.9449817
24826,0.29589373
24827,0.29006776
24828,0.008359507
24829,0.02365461
24830,0.2056619
24831,0.07194864
24832,0.029186696
24833,0.021563418
24834,0.01344192
24835,0.06390691
24836,0.011533298
24837,0.010668181
24838,0.04206668
24839,0.20126653
24840,0.10625124
24841,0.108906716
24842,0.1247897
24843,0.09484849
24844,0.40402678
24845,0.23359379
24846,0.025584683
24847,0.13134736
24848,0.26401523
24849,0.015880272
24850,0.06430282
24851,0.99828863
24852,0.9629415
24853,0.60661376
24854,0.02577211
24855,0.026342206
24856,0.09714273
24857,0.4173373
24858,0.09205536
24859,0.06425308
24860,0.0572918
24861,0.07606587
24862,0.06400605
24863,0.016444005
24864,0.44966483
24865,0.01682645
24866,0.042041976
24867,0.13434194
24868,0.12405209
24869,0.061319225
24870,0.04955909
24871,0.39116654
24872,0.37775624
24873,0.02283632
24874,0.120516956
24875,0.11256017
24876,0.10590602
24877,1.0031573
24878,0.8582792
24879,0.6077235
24880,0.21916866
24881,0.032380056
24882,0.008942701
24883,0.43681
24884,0.08865223
24885,0.25335982
24886,0.041027904
24887,0.09036968
24888,0.024815127
24889,0.11486553
24890,0.13081467
24891,0.14981155
24892,0.14608358
24893,0.5081152
24894,0.4769941
24895,0.4272893
24896,0.14860506
24897,0.09648816
24898,0.06771016
24899,0.108566344
24900,0.049775094
24901,0.0285464
24902,0.027084142
24903,0.11704219
24904,0.14777866
24905,0.06313631
24906,0.09918926
24907,0.025256023
24908,0.95283717
24909,1.0257807
24910,0.96423376
24911,0.12516914
24912,0.05662691
24913,0.2484501
24914,0.40878913
24915,0.025869556
24916,0.009241052
24917,0.019982263
24918,0.023800723
24919,0.05904197
24920,0.106101125
24921,0.06252387
24922,0.3713198
24923,1.016701
24924,0.078012764
24925,0.124749854
24926,0.12272239
24927,0.17808884
24928,0.075096846
24929,0.42060703
24930,0.14606234
24931,0.032997258
24932,0.10271165
24933,0.108317435
24934,0.10647676
24935,0.05353424
24936,0.02377975
24937,0.25540596
24938,0.2748534
24939,0.17065379
24940,0.07944883
24941,0.02757831
24942,0.10653573
24943,0.07658199
24944,0.2758078
24945,0.031042293
24946,0.04455959
24947,0.055087727
24948,0.024290442
24949,0.04341391
24950,0.051945202
24951,0.40008983
24952,0.6984418
24953,0.3912542
24954,0.15574983
24955,0.12039401
24956,0.17031294
24957,0.14526866
24958,0.54844
24959,0.07508969
24960,0.040742666
24961,0.03199389
24962,0.22534603
24963,0.15877959
24964,0.41494286
24965,0.41434693
24966,0.3836492
24967,0.23813912
24968,1.0001764
24969,0.13792369
24970,0.015363529
24971,0.23584884
24972,0.23643044
24973,0.019638456
24974,0.056472845
24975,0.26337895
24976,0.070601836
24977,0.040909514
24978,0.04400386
24979,0.050577395
24980,0.14245498
24981,0.3891181
24982,0.27171335
24983,0.4890218
24984,0.29503652
24985,0.1701891
24986,0.14436018
24987,0.3675608
24988,0.02313885
24989,0.17313482
24990,0.077911474
24991,0.05585427
24992,0.4717435
24993,0.25477728
24994,0.053222682
24995,0.5166513
24996,0.28565332
24997,0.0032959878
24998,0.08571337
24999,0.13332967
25000,0.098256215
25001,0.00881476
25002,0.011904784
25003,0.011252366
25004,0.027340874
25005,0.06259464
25006,0.11023016
25007,0.115327775
25008,0.12844434
25009,0.4018448
25010,0.72608113
25011,0.4089333
25012,0.41613966
25013,0.55733705
25014,0.109478414
25015,0.060910877
25016,0.073842436
25017,0.14171487
25018,0.19054401
25019,0.06356917
25020,0.028790653
25021,0.0044451877
25022,0.0722645
25023,0.13786691
25024,0.022192098
25025,0.04259927
25026,0.12735076
25027,0.013613075
25028,0.034356397
25029,0.018767938
25030,0.020578235
25031,0.013359703
25032,0.031880386
25033,0.101158604
25034,0.06932791
25035,0.0839339
25036,0.37758738
25037,0.27111766
25038,0.40417153
25039,0.7001296
25040,0.6124082
25041,0.39163488
25042,0.24980861
25043,0.044049222
25044,0.019840375
25045,0.058371246
25046,0.113557376
25047,0.0174478
25048,0.028679594
25049,0.98059654
25050,0.052211124
25051,0.017124645
25052,0.0718768
25053,0.046584774
25054,0.11503897
25055,0.048510212
25056,0.051356725
25057,0.016117647
25058,0.04066484
25059,0.017532222
25060,0.01842042
25061,0.030146845
25062,0.1040875
25063,0.12228801
25064,0.5805267
25065,0.36344668
25066,0.2497643
25067,1.0366771
25068,0.37812233
25069,0.4809118
25070,0.26331022
25071,0.040540338
25072,0.028007694
25073,0.052259423
25074,0.054333903
25075,0.03473124
25076,0.06413303
25077,0.40786183
25078,0.21858105
25079,0.3624391
25080,0.027889833
25081,0.095404476
25082,0.117667675
25083,0.14925542
25084,0.24952474
25085,0.19288978
25086,0.03068176
25087,0.049029496
25088,0.1511288
25089,0.9415692
25090,0.38974762
25091,0.65505666
25092,0.36219716
25093,0.27216646
25094,0.16445988
25095,0.23426181
25096,0.0492887
25097,0.022182263
25098,0.011568017
25099,0.016967483
25100,0.048922714
25101,0.023956649
25102,0.1142385
25103,0.12038567
25104,0.07401583
25105,0.27887678
25106,0.03500392
25107,0.07835631
25108,0.01132901
25109,0.36111084
25110,0.04460176
25111,0.012535542
25112,0.11213859
25113,0.25818804
25114,0.03699737
25115,0.008164316
25116,0.24001667
25117,0.1660657
25118,0.08361773
25119,0.11448578
25120,0.025678217
25121,0.095701754
25122,0.08263965
25123,0.04806297
25124,0.13958335
25125,0.11734602
25126,0.034100316
25127,0.029509999
25128,0.011752039
25129,0.24883235
25130,0.0153614655
25131,0.11119694
25132,0.041051984
25133,0.03594884
25134,0.13642551
25135,0.03619224
25136,0.053032245
25137,0.00859198
25138,0.060866885
25139,0.1734258
25140,0.36727154
25141,0.5806342
25142,0.11691505
25143,0.011641853
25144,0.014517717
25145,0.021940365
25146,0.035488397
25147,0.057760067
25148,0.018075153
25149,0.06939183
25150,0.22207528
25151,0.014785536
25152,0.030121543
25153,0.013252668
25154,0.018102266
25155,0.014102511
25156,0.037259985
25157,0.092412956
25158,0.100233264
25159,0.38411036
25160,0.015851408
25161,0.02101884
25162,0.0696888
25163,0.089104086
25164,0.11316837
25165,0.40273535
25166,0.12342279
25167,0.01244691
25168,0.23492801
25169,0.0115392655
25170,0.029435195
25171,0.08222329
25172,0.140815
25173,0.05285845
25174,0.012855925
25175,0.019335814
25176,0.008944057
25177,0.28552422
25178,0.039303154
25179,0.018633164
25180,0.02840802
25181,0.16747402
25182,0.07234338
25183,0.048480134
25184,0.019531265
25185,0.030749395
25186,0.073246896
25187,0.3681448
25188,0.032969423
25189,0.01646167
25190,0.03183265
25191,0.04282184
25192,0.06102892
25193,0.24828938
25194,0.06704379
25195,0.24778923
25196,0.10147019
25197,0.026127778
25198,0.048942626
25199,0.05590297
25200,0.02735532
25201,0.2742925
25202,0.02251476
25203,0.14868085
25204,0.02224376
25205,0.1225582
25206,0.058295477
25207,0.011647925
25208,0.39202154
25209,0.6525093
25210,0.12682402
25211,0.07635063
25212,0.09406246
25213,0.053169005
25214,0.03843519
25215,0.22299987
25216,0.10156198
25217,0.10223028
25218,0.9571842
25219,0.024169393
25220,0.086467884
25221,0.015946358
25222,0.084436074
25223,0.08894297
25224,0.020954967
25225,0.03252363
25226,0.1342751
25227,0.465702
25228,0.064612396
25229,0.24216533
25230,0.02778741
25231,0.071073174
25232,0.023779787
25233,0.09411609
25234,0.033361897
25235,0.02961652
25236,0.056741502
25237,0.06068461
25238,0.023910612
25239,0.01812999
25240,0.07071456
25241,0.018549807
25242,0.12701735
25243,0.03204608
25244,0.04739323
25245,0.01672794
25246,0.03330184
25247,0.078191765
25248,0.1040997
25249,0.021471553
25250,0.056891922
25251,0.95227194
25252,0.056135
25253,0.112010494
25254,0.05423841
25255,0.036358748
25256,0.046376288
25257,0.04706638
25258,0.018753655
25259,0.02197177
25260,0.27309886
25261,0.029837146
25262,0.0049085766
25263,0.051895656
25264,0.12157161
25265,0.021866225
25266,0.014590636
25267,0.11288045
25268,0.039486457
25269,0.025339022
25270,0.045401122
25271,0.37149036
25272,0.021420792
25273,0.016807891
25274,0.007365003
25275,0.009930164
25276,0.02008541
25277,0.044474013
25278,0.0062377304
25279,0.027761176
25280,0.25433895
25281,0.077487916
25282,0.015063308
25283,0.020870656
25284,0.066678666
25285,0.15897012
25286,0.096635364
25287,0.08879494
25288,0.07789889
25289,0.027850844
25290,0.05465281
25291,0.02031228
25292,0.08401959
25293,0.28850567
25294,0.23132169
25295,0.011848465
25296,0.030742392
25297,0.013731405
25298,0.017202534
25299,0.014931917
25300,0.0097988695
25301,0.01835502
25302,0.0073293746
25303,0.020325273
25304,0.009518109
25305,0.015771613
25306,0.015815191
25307,0.011021659
25308,0.02424007
25309,0.059633948
25310,0.05306868
25311,0.14999433
25312,0.005648412
25313,0.011918418
25314,0.12505555
25315,0.36599106
25316,0.022801481
25317,0.0117403865
25318,0.011247203
25319,0.017239712
25320,0.009030342
25321,0.028546862
25322,0.017817147
25323,0.018665858
25324,0.0066522583
25325,0.09864175
25326,0.028957509
25327,0.043467395
25328,0.01637505
25329,0.055893693
25330,0.016356975
25331,0.0072627664
25332,0.017000817
25333,0.011150956
25334,0.09161609
25335,0.022037044
25336,0.044639435
25337,0.009868786
25338,0.0136256665
25339,0.030856162
25340,0.011236601
25341,0.015384212
25342,0.11153352
25343,0.011163324
25344,0.42035416
25345,0.066063456
25346,0.07418357
25347,0.08631188
25348,0.064856425
25349,0.022604965
25350,0.011098869
25351,0.0032297224
25352,0.09389693
25353,0.015346922
25354,0.09087371
25355,0.1621123
25356,0.018651612
25357,0.050313715
25358,0.032259375
25359,0.029480264
25360,0.02565375
25361,0.009100534
25362,0.030216672
25363,0.010217696
25364,0.012758344
25365,0.009300627
25366,0.083130434
25367,0.07493278
25368,0.027936958
25369,0.17827347
25370,0.021500006
25371,0.026256189
25372,0.0051413924
25373,0.012415275
25374,0.017630473
25375,0.043373186
25376,0.021333307
25377,0.017331593
25378,0.025873475
25379,0.028342046
25380,0.012539297
25381,0.02289801
25382,0.030074216
25383,0.29784143
25384,0.2512043
25385,0.016194128
25386,0.223921
25387,0.020810433
25388,0.06288269
25389,0.03896236
25390,0.057993915
25391,0.011008136
25392,0.048184775
25393,0.04010083
25394,0.045230247
25395,0.08114141
25396,0.046595942
25397,0.040109195
25398,0.02335108
25399,0.13753773
25400,0.052853983
25401,0.042504363
25402,0.0463316
25403,0.14181131
25404,0.234624
25405,0.08007552
25406,0.036282368
25407,0.23899928
25408,0.021512292
25409,0.3659909
25410,0.045835685
25411,0.24452662
25412,0.064854115
25413,0.024778143
25414,0.01754874
25415,0.08023533
25416,0.009097226
25417,0.23639932
25418,0.6785327
25419,0.13433543
25420,0.0489061
25421,0.11700774
25422,0.053151526
25423,0.028688155
25424,0.053963743
25425,0.040167827
25426,0.015239239
25427,0.047162272
25428,0.21121901
25429,0.38929525
25430,0.5073834
25431,0.41641966
25432,0.03874682
25433,0.051381484
25434,0.11960572
25435,0.123838596
25436,0.009244628
25437,0.061988767
25438,0.04645462
25439,0.06593588
25440,0.066745654
25441,0.039747767
25442,0.41449264
25443,0.13253875
25444,0.26953623
25445,0.51027185
25446,0.10147822
25447,0.027751543
25448,0.48559716
25449,0.06380993
25450,0.3189864
25451,0.06294155
25452,0.05719139
25453,0.0351092
25454,0.09403924
25455,0.105004326
25456,0.102416106
25457,0.02616591
25458,0.044949025
25459,0.075867146
25460,0.2720962
25461,0.046034172
25462,0.03215412
25463,0.06376603
25464,0.07715225
25465,0.07819606
25466,0.043780867
25467,0.05267403
25468,0.030598283
25469,0.07089585
25470,0.13696489
25471,0.17467774
25472,0.046709683
25473,0.01648201
25474,0.023236185
25475,0.4796355
25476,0.09900106
25477,0.0706857
25478,0.280652
25479,0.28313467
25480,0.10131906
25481,0.054290902
25482,0.017975405
25483,0.021327883
25484,0.041095078
25485,0.08761749
25486,0.09656335
25487,0.25896662
25488,0.4591989
25489,0.019956656
25490,0.3087517
25491,0.05101647
25492,0.034355003
25493,0.029689021
25494,0.038374756
25495,0.2736165
25496,0.022320785
25497,0.050069407
25498,0.015109129
25499,0.071189016
25500,0.052335393
25501,0.03699609
25502,0.14268033
25503,0.29700804
25504,0.05923062
25505,0.091653824
25506,0.02029366
25507,0.022954471
25508,0.045316786
25509,0.06782504
25510,0.032123618
25511,0.12802993
25512,0.18033397
25513,0.10238109
25514,0.21636456
25515,0.06691069
25516,0.042004403
25517,0.03360505
25518,0.031852935
25519,0.037161212
25520,0.0072098747
25521,0.10952645
25522,0.069602214
25523,0.3714868
25524,0.018077195
25525,0.044815123
25526,0.03244903
25527,0.019810885
25528,0.018969804
25529,0.027321458
25530,0.043357883
25531,0.026895374
25532,0.06386137
25533,0.28241962
25534,0.38121912
25535,0.04586445
25536,0.037260648
25537,0.09263766
25538,0.073601015
25539,0.015613213
25540,0.058401983
25541,0.01657781
25542,0.029031098
25543,0.238689
25544,0.028965533
25545,0.027140558
25546,0.03253696
25547,0.008288778
25548,0.21666452
25549,0.076792546
25550,0.3866915
25551,0.3750606
25552,0.3549229
25553,0.07288754
25554,0.047842927
25555,0.021693759
25556,0.05558192
25557,0.044907488
25558,0.14146179
25559,0.05188317
25560,0.60112596
25561,0.14324322
25562,0.11622153
25563,0.06372983
25564,0.051257886
25565,0.022445664
25566,0.057068307
25567,0.019689612
25568,0.022899956
25569,0.089664824
25570,0.05215739
25571,0.09855796
25572,0.07068143
25573,0.11673656
25574,0.36225522
25575,0.38027927
25576,0.08495783
25577,0.026466645
25578,0.08941405
25579,0.020669766
25580,0.041357268
25581,0.078124076
25582,0.06606447
25583,0.13815327
25584,0.060819652
25585,0.1140075
25586,0.04303052
25587,0.06515679
25588,0.035231665
25589,0.23706108
25590,0.012511238
25591,0.027848355
25592,0.06721581
25593,0.029813245
25594,0.013090037
25595,0.025492609
25596,0.037602093
25597,0.062243957
25598,0.08558297
25599,0.12285161
25600,0.12146976
25601,0.3567455
25602,0.23426989
25603,0.26475206
25604,0.015215285
25605,0.10550392
25606,0.048386768
25607,0.043749765
25608,0.1045364
25609,0.045594268
25610,0.04905274
25611,0.04609023
25612,0.09038985
25613,0.033024415
25614,0.0715399
25615,0.025644548
25616,0.09699469
25617,0.017288193
25618,0.042687222
25619,0.13274303
25620,0.0671297
25621,0.2257033
25622,0.58835983
25623,0.12931865
25624,0.23570651
25625,0.0667272
25626,0.09026524
25627,0.070439994
25628,0.09097641
25629,0.05796653
25630,0.020379998
25631,0.20272374
25632,0.08095794
25633,0.089445926
25634,0.054735463
25635,0.07308541
25636,0.02517742
25637,0.019945465
25638,0.049124584
25639,0.31480175
25640,0.07645887
25641,0.048924673
25642,0.1277838
25643,0.7333909
25644,0.09500424
25645,0.019055746
25646,0.35821307
25647,0.067552075
25648,0.24596432
25649,0.27769932
25650,0.06917757
25651,0.022740573
25652,0.050842162
25653,0.11608866
25654,0.1798739
25655,0.051930513
25656,0.2269674
25657,0.07767312
25658,0.07980837
25659,0.01738397
25660,0.02134388
25661,0.062190734
25662,0.07989179
25663,0.017395243
25664,0.12761012
25665,0.15476152
25666,0.25625733
25667,0.09767213
25668,0.034957305
25669,0.108679116
25670,0.1786629
25671,0.20951203
25672,0.061521046
25673,0.050174292
25674,0.02075421
25675,0.21266066
25676,0.5234805
25677,0.047794003
25678,0.11634074
25679,0.35832512
25680,0.16616476
25681,0.020746171
25682,0.016114056
25683,0.048813604
25684,0.065819845
25685,0.40990466
25686,0.38745505
25687,0.017203346
25688,0.24335295
25689,0.102107085
25690,0.27171806
25691,0.14617535
25692,0.14049168
25693,0.18597054
25694,0.3807894
25695,0.08591259
25696,0.04901976
25697,0.09871563
25698,0.04896578
25699,0.2573887
25700,0.9753114
25701,0.052980646
25702,0.40213066
25703,0.047357053
25704,0.2565119
25705,0.054514706
25706,0.08971354
25707,0.03164271
25708,0.057078682
25709,0.010471888
25710,0.4702966
25711,0.18292196
25712,0.093653664
25713,0.26223662
25714,0.15952098
25715,0.2522316
25716,0.3923322
25717,0.39714813
25718,0.03364721
25719,0.25226822
25720,0.24031636
25721,0.10978301
25722,0.9898016
25723,0.41503266
25724,0.41256064
25725,0.0078067407
25726,0.02206222
25727,0.12812026
25728,0.08176697
25729,0.030209623
25730,0.022566736
25731,0.010814838
25732,0.014037535
25733,0.063311905
25734,0.0075983256
25735,0.012826391
25736,0.013095558
25737,0.038480572
25738,0.20973033
25739,0.1059638
25740,0.10727876
25741,0.12296221
25742,0.22314918
25743,0.36604276
25744,0.23821348
25745,0.033843663
25746,0.11470121
25747,0.27875823
25748,0.017103568
25749,0.06978916
25750,0.97744554
25751,0.93752
25752,0.6224038
25753,0.024797544
25754,0.01654791
25755,0.09448259
25756,0.41281593
25757,0.086574964
25758,0.016655818
25759,0.049937155
25760,0.040514436
25761,0.009883255
25762,0.010424703
25763,0.05707039
25764,0.07698692
25765,0.06770013
25766,0.015326396
25767,0.3976127
25768,0.018554524
25769,0.04070723
25770,0.13209653
25771,0.11052238
25772,0.058818664
25773,0.045601714
25774,0.2379303
25775,0.34496143
25776,0.12302631
25777,0.10200978
25778,0.10523689
25779,1.0414661
25780,0.8891391
25781,0.65333575
25782,0.017109565
25783,0.07949267
25784,0.028413951
25785,0.008456655
25786,0.44133317
25787,0.099520996
25788,0.267353
25789,0.037169907
25790,0.09685633
25791,0.12677243
25792,0.130253
25793,0.15339169
25794,0.16319363
25795,0.51033735
25796,0.47080037
25797,0.25432295
25798,0.145165
25799,0.09555855
25800,0.0704758
25801,0.11508792
25802,0.05341764
25803,0.029135019
25804,0.13254754
25805,0.13514021
25806,0.059660852
25807,0.105398566
25808,0.025315963
25809,0.94597834
25810,1.0082136
25811,0.92417836
25812,0.1302605
25813,0.04916044
25814,0.3885673
25815,0.016359642
25816,0.41555488
25817,0.00826408
25818,0.01723177
25819,0.019802228
25820,0.057798073
25821,0.11041302
25822,0.06483861
25823,0.3518525
25824,1.0278076
25825,0.059687283
25826,0.12133677
25827,0.13037354
25828,0.16681337
25829,0.075882405
25830,0.41923854
25831,0.27200198
25832,0.035269238
25833,0.09483113
25834,0.09717859
25835,0.11288446
25836,0.05187206
25837,0.026028104
25838,0.24960965
25839,0.2838656
25840,0.17518096
25841,0.07601544
25842,0.029962853
25843,0.11871536
25844,0.0739333
25845,0.27508035
25846,0.033069108
25847,0.04434471
25848,0.050123036
25849,0.02381923
25850,0.04896734
25851,0.046948366
25852,0.38467586
25853,0.7196526
25854,0.28007507
25855,0.1550282
25856,0.11876987
25857,0.17103094
25858,0.16609958
25859,0.5035157
25860,0.22540945
25861,0.04473502
25862,0.032063454
25863,0.14392406
25864,0.17750895
25865,0.23721853
25866,0.4375292
25867,0.26018092
25868,0.24016899
25869,1.0454879
25870,0.12800808
25871,0.018368132
25872,0.23943165
25873,0.24539003
25874,0.018515907
25875,0.053171106
25876,0.25729206
25877,0.0062736496
25878,0.071931235
25879,0.041637406
25880,0.04244741
25881,0.0495772
25882,0.14424975
25883,0.4007271
25884,0.2624347
25885,0.5093736
25886,0.27946928
25887,0.15735006
25888,0.14159453
25889,0.34161478
25890,0.013822801
25891,0.020812437
25892,0.16848198
25893,0.07821288
25894,0.049415242
25895,0.4449912
25896,0.2509292
25897,0.05660829
25898,0.5268979
25899,0.2721573
25900,0.005136028
25901,0.07966303
25902,0.14537421
25903,0.08565044
25904,0.010765061
25905,0.011849791
25906,0.032631386
25907,0.06202488
25908,0.10638959
25909,0.116444364
25910,0.13166629
25911,0.4085196
25912,0.7166065
25913,0.39633283
25914,0.3768716
25915,0.598376
25916,0.1193243
25917,0.022283219
25918,0.06555494
25919,0.0696297
25920,0.15114853
25921,0.25376603
25922,0.06614818
25923,0.029574044
25924,0.06366733
25925,0.14228004
25926,0.019401036
25927,0.0045981705
25928,0.04548294
25929,0.12000506
25930,0.018505186
25931,0.03230797
25932,0.020442396
25933,0.023738451
25934,0.012700908
25935,0.03405066
25936,0.09936172
25937,0.06604321
25938,0.08650869
25939,0.24818787
25940,0.15209714
25941,0.34447435
25942,0.69590163
25943,0.5824262
25944,0.27125186
25945,0.21566352
25946,0.046626747
25947,0.020507023
25948,0.060471427
25949,0.106290214
25950,0.018068254
25951,0.030802317
25952,0.9915698
25953,0.045537498
25954,0.018101387
25955,0.21167047
25956,0.048208036
25957,0.2568838
25958,0.04894954
25959,0.041857336
25960,0.017939344
25961,0.03148318
25962,0.11075886
25963,0.120616764
25964,0.5817685
25965,0.36606604
25966,0.23274693
25967,1.0611026
25968,0.3717687
25969,0.43275404
25970,0.15807104
25971,0.038464192
25972,0.031675972
25973,0.028025307
25974,0.054266512
25975,0.05755957
25976,0.037828267
25977,0.064775825
25978,0.44902068
25979,0.21790206
25980,0.35212207
25981,0.029686421
25982,0.10619931
25983,0.1189681
25984,0.13167706
25985,0.17185906
25986,0.05932082
25987,0.032008044
25988,0.012482107
25989,0.049064893
25990,0.15032917
25991,0.9936977
25992,0.42131567
25993,0.6720208
25994,0.39410222
25995,0.25651413
25996,0.1864694
25997,0.26215774
25998,0.022135906
25999,0.056177996
26000,0.02629657
26001,0.11389057
26002,0.11573638
26003,0.0658207
26004,0.2796941
26005,0.031012326
26006,0.08003067
26007,0.011910975
26008,0.365563
26009,0.045629553
26010,0.11466305
26011,0.25746873
26012,0.037747014
26013,0.007914282
26014,0.23432982
26015,0.1544659
26016,0.08205774
26017,0.12938559
26018,0.10108618
26019,0.08232759
26020,0.05393418
26021,0.12756683
26022,0.108295485
26023,0.027351849
26024,0.011414908
26025,0.2482912
26026,0.014025651
26027,0.014309004
26028,0.11169341
26029,0.0076851845
26030,0.040940017
26031,0.13859832
26032,0.037087746
26033,0.057112273
26034,0.009975977
26035,0.060387515
26036,0.19191188
26037,0.3739769
26038,0.6027867
26039,0.11343258
26040,0.016844094
26041,0.02053617
26042,0.03167346
26043,0.05041072
26044,0.019249015
26045,0.07264833
26046,0.22163096
26047,0.013706863
26048,0.04215957
26049,0.014813907
26050,0.02935689
26051,0.011564165
26052,0.03165784
26053,0.090539835
26054,0.10330088
26055,0.37303913
26056,0.017088808
26057,0.020746835
26058,0.07240646
26059,0.088056155
26060,0.10929102
26061,0.40211165
26062,0.13079073
26063,0.0153613165
26064,0.011790872
26065,0.23538953
26066,0.011591516
26067,0.027760439
26068,0.07770136
26069,0.14488661
26070,0.046546414
26071,0.014368191
26072,0.019550927
26073,0.008866712
26074,0.21307042
26075,0.038228486
26076,0.0082613975
26077,0.017379388
26078,0.028592348
26079,0.12656672
26080,0.07547346
26081,0.048560582
26082,0.020377807
26083,0.027579233
26084,0.06727837
26085,0.36366597
26086,0.031937204
26087,0.021400757
26088,0.034336116
26089,0.06607021
26090,0.18046331
26091,0.07095536
26092,0.24952891
26093,0.09607677
26094,0.02763728
26095,0.022160277
26096,0.044045854
26097,0.04972631
26098,0.03013406
26099,0.19653267
26100,0.019922443
26101,0.020866714
26102,0.28319815
26103,0.021761052
26104,0.11369463
26105,0.05518277
26106,0.013948493
26107,0.27264625
26108,0.6726459
26109,0.13815016
26110,0.08798488
26111,0.01478076
26112,0.09024799
26113,0.056285378
26114,0.041285496
26115,0.23423538
26116,0.099682346
26117,0.11016463
26118,0.96011126
26119,0.081627235
26120,0.014946908
26121,0.077664144
26122,0.08973972
26123,0.021087326
26124,0.035467822
26125,0.13294508
26126,0.32026488
26127,0.06659125
26128,0.24539429
26129,0.028756484
26130,0.018607609
26131,0.073141724
26132,0.026593834
26133,0.10492295
26134,0.029706597
26135,0.0063112006
26136,0.028479762
26137,0.05377464
26138,0.06438676
26139,0.024145536
26140,0.06400166
26141,0.13000348
26142,0.030800961
26143,0.04805367
26144,0.01754012
26145,0.034638707
26146,0.08500637
26147,0.11636214
26148,0.021664634
26149,0.051223483
26150,0.95174813
26151,0.060148835
26152,0.11984948
26153,0.05141008
26154,0.036115635
26155,0.048185743
26156,0.04183047
26157,0.017770976
26158,0.020861126
26159,0.2852744
26160,0.026242219
26161,0.0074182823
26162,0.012269422
26163,0.0056299865
26164,0.01935549
26165,0.01204513
26166,0.04804489
26167,0.11779527
26168,0.021502435
26169,0.011051685
26170,0.10698843
26171,0.04237785
26172,0.023246512
26173,0.06590584
26174,0.39523157
26175,0.018195018
26176,0.010745563
26177,0.020763434
26178,0.04671563
26179,0.008364819
26180,0.024581626
26181,0.15179273
26182,0.0708869
26183,0.01309336
26184,0.016293235
26185,0.06898792
26186,0.17282927
26187,0.1090775
26188,0.087573096
26189,0.084597364
26190,0.030505322
26191,0.053415358
26192,0.018793106
26193,0.07914204
26194,0.17965621
26195,0.22793654
26196,0.008661218
26197,0.029112332
26198,0.012857333
26199,0.01098261
26200,0.014479704
26201,0.011231668
26202,0.019099943
26203,0.008969821
26204,0.010379568
26205,0.015021399
26206,0.009535894
26207,0.02828569
26208,0.05975126
26209,0.060180258
26210,0.121132664
26211,0.12391998
26212,0.008339025
26213,0.29056475
26214,0.020790078
26215,0.010996841
26216,0.024213806
26217,0.01373142
26218,0.010646969
26219,0.010459036
26220,0.016239539
26221,0.02948375
26222,0.016603798
26223,0.01721029
26224,0.016181946
26225,0.0087415725
26226,0.00956139
26227,0.085429646
26228,0.029822841
26229,0.046648927
26230,0.014760099
26231,0.05732503
26232,0.022725746
26233,0.008272089
26234,0.013464406
26235,0.006223567
26236,0.11102207
26237,0.020408995
26238,0.041120943
26239,0.0040028244
26240,0.013797827
26241,0.03770176
26242,0.013707772
26243,0.014923088
26244,0.102794416
26245,0.016121157
26246,0.013015628
26247,0.011983976
26248,0.33681333
26249,0.058643263
26250,0.07028895
26251,0.08860148
26252,0.005010791
26253,0.06801425
26254,0.019940495
26255,0.11166331
26256,0.01637324
26257,0.106474765
26258,0.1423387
26259,0.019343361
26260,0.01593531
26261,0.031161025
26262,0.02587749
26263,0.0072908103
26264,0.014731154
26265,0.0082557425
26266,0.008947864
26267,0.030016221
26268,0.011755742
26269,0.096298836
26270,0.08535221
26271,0.031782717
26272,0.1801331
26273,0.028196394
26274,0.026026249
26275,0.004998781
26276,0.009721845
26277,0.017505981
26278,0.04967727
26279,0.020754084
26280,0.024891049
26281,0.030942231
26282,0.010367624
26283,0.012666926
26284,0.020363562
26285,0.032631323
26286,0.27878362
26287,0.16898012
26288,0.010519281
26289,0.11410054
26290,0.015316464
26291,0.017260589
26292,0.04068965
26293,0.022614852
26294,0.028224327
26295,0.041457556
26296,0.047317673
26297,0.040535033
26298,0.06741774
26299,0.005364716
26300,0.037688594
26301,0.025076233
26302,0.14935604
26303,0.057108253
26304,0.041974355
26305,0.14981103
26306,0.41323346
26307,0.017281935
26308,0.040165797
26309,0.027982704
26310,0.24108776
26311,0.028236926
26312,0.16888426
26313,0.05624004
26314,0.1266144
26315,0.051081594
26316,0.022584856
26317,0.061421126
26318,0.006016612
26319,0.04036109
26320,0.013926625
26321,0.110547565
26322,0.057328522
26323,0.6931124
26324,0.13880186
26325,0.0429059
26326,0.035353664
26327,0.12286466
26328,0.056464653
26329,0.012939356
26330,0.03005375
26331,0.040726617
26332,0.0155460015
26333,0.0687585
26334,0.25332364
26335,0.47106326
26336,0.44251063
26337,0.054916944
26338,0.08632749
26339,0.13629547
26340,0.057247084
26341,0.052483067
26342,0.067211196
26343,0.09467388
26344,0.3894112
26345,0.1290014
26346,0.14719523
26347,0.4831507
26348,0.11701438
26349,0.023365743
26350,0.50746423
26351,0.019096196
26352,0.07000905
26353,0.28522387
26354,0.059486732
26355,0.055066127
26356,0.033535052
26357,0.0835185
26358,0.089841165
26359,0.10838036
26360,0.109650776
26361,0.027529068
26362,0.04682355
26363,0.07967707
26364,0.26394954
26365,0.04792813
26366,0.0317386
26367,0.06927854
26368,0.058057275
26369,0.07350333
26370,0.055861473
26371,0.030382365
26372,0.07044105
26373,0.13988483
26374,0.16814008
26375,0.06026223
26376,0.043395244
26377,0.02608931
26378,0.016001344
26379,0.0053653345
26380,0.016703822
26381,0.48824802
26382,0.09197258
26383,0.06986146
26384,0.18177491
26385,0.27370134
26386,0.10412842
26387,0.056947947
26388,0.014645234
26389,0.021129213
26390,0.02935917
26391,0.04542441
26392,0.07006645
26393,0.0844546
26394,0.09915185
26395,0.25732443
26396,0.40882227
26397,0.019688658
26398,0.18180406
26399,0.052765187
26400,0.009738877
26401,0.02741567
26402,0.037127655
26403,0.27957663
26404,0.020290546
26405,0.04591987
26406,0.06182872
26407,0.0467367
26408,0.035420615
26409,0.12771788
26410,0.5012628
26411,0.056541502
26412,0.09163159
26413,0.023711428
26414,0.05410889
26415,0.071537375
26416,0.036134433
26417,0.013602495
26418,0.121506274
26419,0.17427838
26420,0.09064817
26421,0.08200666
26422,0.06533036
26423,0.014160596
26424,0.040641814
26425,0.032938655
26426,0.031665914
26427,0.040741745
26428,0.10750106
26429,0.07294641
26430,0.36873946
26431,0.01832693
26432,0.043552753
26433,0.031048246
26434,0.02011723
26435,0.017458215
26436,0.022141978
26437,0.04827003
26438,0.009064436
26439,0.027554162
26440,0.06817294
26441,0.20797272
26442,0.37419477
26443,0.04675121
26444,0.036964357
26445,0.037212763
26446,0.09673296
26447,0.06647601
26448,0.016894363
26449,0.054460913
26450,0.0190406
26451,0.029081002
26452,0.23819911
26453,0.02606751
26454,0.02895569
26455,0.007603124
26456,0.21347207
26457,0.083221175
26458,0.3693741
26459,0.34195635
26460,0.3541505
26461,0.07476658
26462,0.049661037
26463,0.020732433
26464,0.059853256
26465,0.045726612
26466,0.014779352
26467,0.13749444
26468,0.048088465
26469,0.64049226
26470,0.13093868
26471,0.02066525
26472,0.12394844
26473,0.056553993
26474,0.048741788
26475,0.017563626
26476,0.011131227
26477,0.011449009
26478,0.045218874
26479,0.02662456
26480,0.02048526
26481,0.025720261
26482,0.078622974
26483,0.054128893
26484,0.103238784
26485,0.07760269
26486,0.11877383
26487,0.38936993
26488,0.38898313
26489,0.08316652
26490,0.024937056
26491,0.09058305
26492,0.043186717
26493,0.079149954
26494,0.066421986
26495,0.12718657
26496,0.06010309
26497,0.113217056
26498,0.039545815
26499,0.06761639
26500,0.018715784
26501,0.022223197
26502,0.24796724
26503,0.012066752
26504,0.028875776
26505,0.07254407
26506,0.029198617
26507,0.012788191
26508,0.012952104
26509,0.024071626
26510,0.040250167
26511,0.06496455
26512,0.08246699
26513,0.1270982
26514,0.12825704
26515,0.37304854
26516,0.23791191
26517,0.25732228
26518,0.014405943
26519,0.100318745
26520,0.05639952
26521,0.042331673
26522,0.09488386
26523,0.040710002
26524,0.04628716
26525,0.012114547
26526,0.04959508
26527,0.08358886
26528,0.03082978
26529,0.06626415
26530,0.025712207
26531,0.09253639
26532,0.040467825
26533,0.12791267
26534,0.06647004
26535,0.22157952
26536,0.56438476
26537,0.12558118
26538,0.11483074
26539,0.07526969
26540,0.08803818
26541,0.07924813
26542,0.09616343
26543,0.050812434
26544,0.011360921
26545,0.019839466
26546,0.35837466
26547,0.07697033
26548,0.090029635
26549,0.054023273
26550,0.07482608
26551,0.016120695
26552,0.021929264
26553,0.019357748
26554,0.021050163
26555,0.047221098
26556,0.31937054
26557,0.07761275
26558,0.051170066
26559,0.13584127
26560,0.74311864
26561,0.106565416
26562,0.018317923
26563,0.37152454
26564,0.074345246
26565,0.2639877
26566,0.2774819
26567,0.07292141
26568,0.019664094
26569,0.058388975
26570,0.058643956
26571,0.11498972
26572,0.17090811
26573,0.04592224
26574,0.15099695
26575,0.094143786
26576,0.07572578
26577,0.014402486
26578,0.020918012
26579,0.06493902
26580,0.08232196
26581,0.019813985
26582,0.12475975
26583,0.13801898
26584,0.25457397
26585,0.09582822
26586,0.03389407
26587,0.12314655
26588,0.17823362
26589,0.36799777
26590,0.062133707
26591,0.051750492
26592,0.021039695
26593,0.07518275
26594,0.47137153
26595,0.11237065
26596,0.39717564
26597,0.16208485
26598,0.017853238
26599,0.02054552
26600,0.016403027
26601,0.04813931
26602,0.068496324
26603,0.4107843
26604,0.3703694
26605,0.015503608
26606,0.11395988
26607,0.10850492
26608,0.1437615
26609,0.24239194
26610,0.13304865
26611,0.19226119
26612,0.3589796
26613,0.084461406
26614,0.043822713
26615,0.09565561
26616,0.05337052
26617,0.20335446
26618,0.95386827
26619,0.05789891
26620,0.39490426
26621,0.04631068
26622,0.24294391
26623,0.048349954
26624,0.08537643
26625,0.020812325
26626,0.05908328
26627,0.00859841
26628,0.47312325
26629,0.18518618
26630,0.09378795
26631,0.26915517
26632,0.1450203
26633,0.20439884
26634,0.3650983
26635,0.39269674
26636,0.029813923
26637,0.16807514
26638,0.24053806
26639,0.11823715
26640,1.0038022
26641,0.40923324
26642,0.41827053
26643,0.0242647
26644,0.11778632
26645,0.07595217
26646,0.031069405
26647,0.0122895315
26648,0.01640211
26649,0.010016404
26650,0.06498256
26651,0.009165555
26652,0.009713329
26653,0.013832964
26654,0.037468117
26655,0.0718313
26656,0.11594237
26657,0.114215374
26658,0.12795314
26659,0.22147664
26660,0.24483886
26661,0.2471075
26662,0.032239392
26663,0.1093193
26664,0.27854896
26665,0.017768443
26666,0.061632257
26667,1.0302709
26668,0.98120797
26669,0.6210793
26670,0.0059344843
26671,0.02588591
26672,0.016194157
26673,0.09762044
26674,0.43377945
26675,0.0875127
26676,0.06847362
26677,0.021595389
26678,0.053650517
26679,0.07496956
26680,0.06766633
26681,0.014119528
26682,0.4123801
26683,0.022684082
26684,0.0398621
26685,0.13276492
26686,0.1149418
26687,0.054347057
26688,0.05005894
26689,0.24771068
26690,0.35131285
26691,0.02507291
26692,0.2243416
26693,0.10189632
26694,0.10587397
26695,0.9792759
26696,0.87199533
26697,0.6411953
26698,0.2198343
26699,0.027533114
26700,0.43015996
26701,0.08853494
26702,0.19758973
26703,0.04392273
26704,0.09565079
26705,0.025087714
26706,0.12677243
26707,0.12217733
26708,0.14988178
26709,0.17948669
26710,0.49629116
26711,0.46197757
26712,0.25624695
26713,0.14392804
26714,0.100358985
26715,0.06362349
26716,0.11467845
26717,0.05971439
26718,0.032900266
26719,0.1291501
26720,0.13283703
26721,0.05379952
26722,0.10956134
26723,0.023402825
26724,0.9492525
26725,1.0056639
26726,0.97452605
26727,0.13031524
26728,0.047041304
26729,0.2540298
26730,0.018177636
26731,0.42194885
26732,0.02452784
26733,0.010270588
26734,0.01879254
26735,0.020705864
26736,0.06093353
26737,0.11028489
26738,0.064922065
26739,0.37181652
26740,0.9966742
26741,0.065446734
26742,0.11839997
26743,0.119688
26744,0.17730352
26745,0.077914014
26746,0.39052498
26747,0.2846519
26748,0.03198252
26749,0.095331
26750,0.10473704
26751,0.10951151
26752,0.051537104
26753,0.029845297
26754,0.3783937
26755,0.28519523
26756,0.25219455
26757,0.07457182
26758,0.029074393
26759,0.11951451
26760,0.011730835
26761,0.07882636
26762,0.2763917
26763,0.030671827
26764,0.042434793
26765,0.051770426
26766,0.019087866
26767,0.024211809
26768,0.046538707
26769,0.047711015
26770,0.39150673
26771,0.6673145
26772,0.27866983
26773,0.15485974
26774,0.113693655
26775,0.17912218
26776,0.17818409
26777,0.5058862
26778,0.07613172
26779,0.03976541
26780,0.030664079
26781,0.13486493
26782,0.16792257
26783,0.14996028
26784,0.41064873
26785,0.37122563
26786,0.15755993
26787,1.034768
26788,0.11864408
26789,0.016906768
26790,0.24196172
26791,0.24548048
26792,0.03096924
26793,0.27202976
26794,0.07043618
26795,0.039373454
26796,0.04544677
26797,0.04963142
26798,0.1470077
26799,0.37518442
26800,0.26485878
26801,0.49662486
26802,0.28575674
26803,0.15466866
26804,0.13228148
26805,0.3506468
26806,0.013090126
26807,0.020421691
26808,0.17627569
26809,0.07584967
26810,0.05386675
26811,0.43903145
26812,0.2023285
26813,0.051355883
26814,0.5278921
26815,0.3720883
26816,0.08087106
26817,0.14567319
26818,0.08726416
26819,0.045448996
26820,0.013168402
26821,0.03279296
26822,0.06287724
26823,0.1039109
26824,0.11206525
26825,0.12545487
26826,0.39727315
26827,0.73425233
26828,0.41806495
26829,0.3811964
26830,0.5369504
26831,0.115832575
26832,0.0636503
26833,0.069196746
26834,0.15302312
26835,0.20472094
26836,0.06819995
26837,0.02723997
26838,0.08278314
26839,0.14313869
26840,0.019514233
26841,0.004784301
26842,0.045519553
26843,0.12110137
26844,0.01962047
26845,0.03520319
26846,0.021872573
26847,0.01507397
26848,0.03309586
26849,0.082827605
26850,0.06701827
26851,0.08382213
26852,0.3875495
26853,0.15589105
26854,0.35382393
26855,0.68915933
26856,0.59759855
26857,0.27201647
26858,0.22367582
26859,0.054880127
26860,0.10235372
26861,0.019662417
26862,0.9947999
26863,0.050130375
26864,0.019501805
26865,0.061721124
26866,0.05234022
26867,0.11709868
26868,0.053979594
26869,0.052561782
26870,0.043527253
26871,0.01905834
26872,0.042201553
26873,0.10599203
26874,0.12064869
26875,0.5884053
26876,0.36067998
26877,0.254382
26878,1.0926422
26879,0.277013
26880,0.43370783
26881,0.14452443
26882,0.034574542
26883,0.034947094
26884,0.05555883
26885,0.054674257
26886,0.018285416
26887,0.034337316
26888,0.05861755
26889,0.4590368
26890,0.087516576
26891,0.36194876
26892,0.031305205
26893,0.10787459
26894,0.11516986
26895,0.13518812
26896,0.24724284
26897,0.19169208
26898,0.033978347
26899,0.033663113
26900,0.1486483
26901,0.9675782
26902,0.37052426
26903,0.6126901
26904,0.36144295
26905,0.25969487
26906,0.1864694
26907,0.2569062
26908,0.056019384
26909,0.02265834
26910,0.016169444
26911,0.05831896
26912,0.024717778
26913,0.12138781
26914,0.12465432
26915,0.07344638
26916,0.18289828
26917,0.032900613
26918,0.07231788
26919,0.37572545
26920,0.044053197
26921,0.10294063
26922,0.13217816
26923,0.16312045
26924,0.03905881
26925,0.23961797
26926,0.16400376
26927,0.07887742
26928,0.119873814
26929,0.030994229
26930,0.10174596
26931,0.081022225
26932,0.047241475
26933,0.13176124
26934,0.11825445
26935,0.035833314
26936,0.03238063
26937,0.010599725
26938,0.24316537
26939,0.014451645
26940,0.014882356
26941,0.24857602
26942,0.036903594
26943,0.040070236
26944,0.13289264
26945,0.037856016
26946,0.057409283
26947,0.062540375
26948,0.18426187
26949,0.37345406
26950,0.5883175
26951,0.11034848
26952,0.011854805
26953,0.01722087
26954,0.019398905
26955,0.032830134
26956,0.054420248
26957,0.07406291
26958,0.121280916
26959,0.014691338
26960,0.042776648
26961,0.01620914
26962,0.030089132
26963,0.022214778
26964,0.0130455345
26965,0.038678773
26966,0.092546485
26967,0.120089054
26968,0.3916217
26969,0.013281807
26970,0.022865303
26971,0.07159457
26972,0.07904695
26973,0.120394394
26974,0.40348375
26975,0.12718314
26976,0.013508201
26977,0.23453203
26978,0.027941503
26979,0.019099422
26980,0.0799388
26981,0.15305144
26982,0.05081264
26983,0.0110037625
26984,0.021009773
26985,0.009430394
26986,0.2123686
26987,0.015637375
26988,0.03120175
26989,0.12595263
26990,0.07476335
26991,0.049262587
26992,0.021289237
26993,0.026742168
26994,0.07223931
26995,0.38046286
26996,0.030199036
26997,0.02058044
26998,0.0328967
26999,0.03936525
27000,0.061236694
27001,0.2640446
27002,0.06661875
27003,0.24485812
27004,0.08699255
27005,0.027162544
27006,0.02006726
27007,0.048747696
27008,0.053771693
27009,0.028106421
27010,0.3680053
27011,0.019500934
27012,0.021687903
27013,0.27976018
27014,0.022187151
27015,0.11599307
27016,0.057735015
27017,0.013100639
27018,0.26875392
27019,0.67993414
27020,0.13897127
27021,0.09460992
27022,0.014566444
27023,0.101307854
27024,0.056814622
27025,0.041447576
27026,0.108647875
27027,0.0904906
27028,0.103385285
27029,1.0080923
27030,0.08248351
27031,0.015644066
27032,0.08901589
27033,0.08101247
27034,0.021558367
27035,0.034621514
27036,0.12259322
27037,0.31606424
27038,0.070148304
27039,0.24867898
27040,0.027880535
27041,0.067514405
27042,0.02406066
27043,0.09084518
27044,0.029356636
27045,0.029988907
27046,0.057020713
27047,0.06658469
27048,0.02532427
27049,0.06520211
27050,0.13518184
27051,0.034220267
27052,0.04727096
27053,0.034352534
27054,0.086998574
27055,0.1014832
27056,0.019394211
27057,0.053779464
27058,0.9484707
27059,0.054722156
27060,0.12102929
27061,0.047769375
27062,0.036548678
27063,0.048800196
27064,0.047661055
27065,0.017661862
27066,0.019411288
27067,0.20009983
27068,0.02665776
27069,0.0075994805
27070,0.019380927
27071,0.048128013
27072,0.1244267
27073,0.023963287
27074,0.11554933
27075,0.04187086
27076,0.024951935
27077,0.04502576
27078,0.36624745
27079,0.019156672
27080,0.019882679
27081,0.009960361
27082,0.012601264
27083,0.04284868
27084,0.028043807
27085,0.15498604
27086,0.072494805
27087,0.013775997
27088,0.018452227
27089,0.0203261
27090,0.08011241
27091,0.25181538
27092,0.10828748
27093,0.093762666
27094,0.078779265
27095,0.03166646
27096,0.052941907
27097,0.07882769
27098,0.2654761
27099,0.22996384
27100,0.026815161
27101,0.016283788
27102,0.013589315
27103,0.017653301
27104,0.011411853
27105,0.018060938
27106,0.009443082
27107,0.018957399
27108,0.009934373
27109,0.015605807
27110,0.016780198
27111,0.024725862
27112,0.06126709
27113,0.056628067
27114,0.12392815
27115,0.0127600655
27116,0.1297498
27117,0.007674165
27118,0.28811437
27119,0.007416524
27120,0.01188492
27121,0.022038385
27122,0.010055631
27123,0.012663774
27124,0.011791475
27125,0.034850396
27126,0.016033076
27127,0.01697497
27128,0.010083519
27129,0.010150209
27130,0.07758868
27131,0.03732796
27132,0.0493533
27133,0.017129503
27134,0.056256574
27135,0.017444491
27136,0.0155260265
27137,0.010671362
27138,0.10595335
27139,0.021847159
27140,0.042612858
27141,0.008356743
27142,0.0044908524
27143,0.033205897
27144,0.011162303
27145,0.10426343
27146,0.0182129
27147,0.0043401867
27148,0.015899189
27149,0.011950098
27150,0.3113792
27151,0.059707537
27152,0.085468076
27153,0.08704753
27154,0.026090942
27155,0.004169561
27156,0.01502239
27157,0.06846891
27158,0.019918501
27159,0.011716068
27160,0.10230481
27161,0.01570613
27162,0.1022875
27163,0.008456893
27164,0.1513664
27165,0.01771678
27166,0.024668299
27167,0.046256267
27168,0.03056734
27169,0.024473466
27170,0.007726975
27171,0.009909689
27172,0.010290511
27173,0.027429044
27174,0.012374908
27175,0.008404769
27176,0.08673497
27177,0.08257289
27178,0.19013594
27179,0.025666565
27180,0.015351124
27181,0.007051587
27182,0.004792325
27183,0.009758592
27184,0.018016286
27185,0.04970929
27186,0.021983847
27187,0.011216961
27188,0.011621192
27189,0.021696873
27190,0.036369555
27191,0.16296445
27192,0.25883058
27193,0.010156602
27194,0.115131326
27195,0.0187753
27196,0.025421783
27197,0.049915023
27198,0.031152662
27199,0.022923626
27200,0.04593113
27201,0.041118745
27202,0.056083906
27203,0.08725942
27204,0.050825436
27205,0.0063185394
27206,0.024745457
27207,0.13559881
27208,0.056722842
27209,0.05164667
27210,0.03923898
27211,0.15615723
27212,0.41386586
27213,0.050399505
27214,0.3604842
27215,0.022663623
27216,0.1918252
27217,0.061534364
27218,0.1344038
27219,0.023615874
27220,0.06290989
27221,0.005501218
27222,0.015553214
27223,0.101292364
27224,0.06455408
27225,0.7495755
27226,0.12236181
27227,0.04057152
27228,0.12400687
27229,0.02791509
27230,0.04033618
27231,0.033674896
27232,0.015836202
27233,0.040676318
27234,0.08773499
27235,0.095070444
27236,0.48514426
27237,0.43522376
27238,0.048851267
27239,0.08714084
27240,0.13009772
27241,0.015123919
27242,0.06226878
27243,0.048775163
27244,0.06597123
27245,0.040162496
27246,0.3995136
27247,0.22530052
27248,0.15830986
27249,0.47609368
27250,0.09053942
27251,0.48053947
27252,0.06736715
27253,0.29425234
27254,0.060745444
27255,0.05713793
27256,0.03823674
27257,0.080986135
27258,0.09673282
27259,0.09440036
27260,0.10578293
27261,0.029674515
27262,0.08148702
27263,0.37189838
27264,0.04459238
27265,0.036543224
27266,0.05965212
27267,0.0636795
27268,0.079206705
27269,0.044552986
27270,0.058385443
27271,0.030776277
27272,0.075183555
27273,0.15887071
27274,0.048936136
27275,0.17358235
27276,0.05933733
27277,0.041624542
27278,0.025210321
27279,0.01415883
27280,0.017252646
27281,0.50555664
27282,0.09572601
27283,0.082806654
27284,0.16348365
27285,0.28467792
27286,0.0065219626
27287,0.10522866
27288,0.06180373
27289,0.015494756
27290,0.021604173
27291,0.039959703
27292,0.073297895
27293,0.08946429
27294,0.093902774
27295,0.16194442
27296,0.48673537
27297,0.017438896
27298,0.31662285
27299,0.049745914
27300,0.010674208
27301,0.028464861
27302,0.029689021
27303,0.03363148
27304,0.37715644
27305,0.020389542
27306,0.04268902
27307,0.0728033
27308,0.055714145
27309,0.03751143
27310,0.12784666
27311,0.5092516
27312,0.040450968
27313,0.09696983
27314,0.018286884
27315,0.021781549
27316,0.05269933
27317,0.06845454
27318,0.009870745
27319,0.03594032
27320,0.12622114
27321,0.17658107
27322,0.096755885
27323,0.088184536
27324,0.0740511
27325,0.040451825
27326,0.03329168
27327,0.03139018
27328,0.040028628
27329,0.10195823
27330,0.07065849
27331,0.35305494
27332,0.017250963
27333,0.04525395
27334,0.033252843
27335,0.020254023
27336,0.017400846
27337,0.02643013
27338,0.046263054
27339,0.025526054
27340,0.06678856
27341,0.18617955
27342,0.26579
27343,0.04289985
27344,0.037864063
27345,0.04243915
27346,0.11767148
27347,0.064979084
27348,0.016871281
27349,0.06546898
27350,0.01746957
27351,0.031069688
27352,0.16751581
27353,0.02611471
27354,0.027293317
27355,0.007673964
27356,0.21046573
27357,0.081720926
27358,0.3683247
27359,0.35558856
27360,0.23066643
27361,0.07548138
27362,0.049988583
27363,0.021589167
27364,0.060024917
27365,0.044042613
27366,0.013836719
27367,0.1323719
27368,0.04882669
27369,0.5394254
27370,0.14069588
27371,0.018952526
27372,0.016172886
27373,0.12905025
27374,0.05971179
27375,0.04990856
27376,0.01867085
27377,0.02322571
27378,0.04863951
27379,0.030843869
27380,0.021795295
27381,0.022856057
27382,0.07524531
27383,0.054050338
27384,0.09105757
27385,0.075608045
27386,0.12398903
27387,0.24636555
27388,0.38882682
27389,0.0826931
27390,0.02229552
27391,0.09285625
27392,0.019728981
27393,0.041195054
27394,0.011060417
27395,0.079149954
27396,0.07165016
27397,0.13294189
27398,0.061805088
27399,0.09864491
27400,0.038726516
27401,0.06119458
27402,0.032125656
27403,0.018842965
27404,0.020810425
27405,0.14680699
27406,0.012284495
27407,0.028253108
27408,0.071940735
27409,0.012253672
27410,0.012577578
27411,0.025761425
27412,0.037681654
27413,0.06466921
27414,0.08979837
27415,0.130988
27416,0.12382007
27417,0.36052966
27418,0.23676935
27419,0.25623372
27420,0.013475299
27421,0.09703298
27422,0.053441703
27423,0.043519016
27424,0.10139593
27425,0.026443608
27426,0.045841802
27427,0.0439585
27428,0.008402564
27429,0.04742887
27430,0.074134916
27431,0.03137441
27432,0.0636746
27433,0.021467917
27434,0.022215165
27435,0.10179433
27436,0.044188943
27437,0.13458754
27438,0.067605704
27439,0.15001282
27440,0.5656878
27441,0.1317597
27442,0.12051241
27443,0.06735176
27444,0.08279235
27445,0.08108968
27446,0.09124009
27447,0.05759086
27448,0.26678115
27449,0.072352774
27450,0.08788914
27451,0.05657758
27452,0.0695638
27453,0.02466157
27454,0.018361777
27455,0.022449203
27456,0.04847854
27457,0.31296453
27458,0.075253054
27459,0.050556958
27460,0.13338035
27461,0.7225161
27462,0.09861822
27463,0.019535266
27464,0.35085833
27465,0.06846195
27466,0.18546271
27467,0.26897097
27468,0.0713133
27469,0.01924979
27470,0.053609498
27471,0.0546948
27472,0.11088006
27473,0.16815518
27474,0.039081074
27475,0.1623314
27476,0.087468795
27477,0.00833755
27478,0.077327356
27479,0.023313388
27480,0.061048564
27481,0.09029468
27482,0.01816985
27483,0.13024992
27484,0.14357123
27485,0.2537882
27486,0.095160685
27487,0.03779524
27488,0.1287731
27489,0.18870668
27490,0.40801093
27491,0.060112912
27492,0.011184141
27493,0.052096713
27494,0.020631984
27495,0.075718746
27496,0.44978145
27497,0.05062757
27498,0.12378016
27499,0.41935444
27500,0.1676457
27501,0.046539534
27502,0.06621811
27503,0.4160481
27504,0.39454797
27505,0.11898255
27506,0.106907
27507,0.14830863
27508,0.15161736
27509,0.13500725
27510,0.19252557
27511,0.36973977
27512,0.08426185
27513,0.0044715777
27514,0.01803977
27515,0.05047481
27516,0.097669855
27517,0.049590155
27518,0.18525693
27519,0.9736019
27520,0.05269918
27521,0.3817511
27522,0.019675858
27523,0.047932982
27524,0.35486323
27525,0.057138965
27526,0.086598046
27527,0.019558579
27528,0.057521354
27529,0.47334218
27530,0.33344
27531,0.08988557
27532,0.27198297
27533,0.15626161
27534,0.2522316
27535,0.38682655
27536,0.41164553
27537,0.030708909
27538,0.2465176
27539,0.2347107
27540,0.22788644
27541,1.0106539
27542,0.39507103
27543,0.4386652
27544,0.0242647
27545,0.22358409
27546,0.067988865
27547,0.026789144
27548,0.020640716
27549,0.068832085
27550,0.008220322
27551,0.013642848
27552,0.03534869
27553,0.07035117
27554,0.108315766
27555,0.11395908
27556,0.12297037
27557,0.22626668
27558,0.23211196
27559,0.24685249
27560,0.033472095
27561,0.11282521
27562,0.27382952
27563,0.07029288
27564,0.9885473
27565,0.93961054
27566,0.58678997
27567,0.005099602
27568,0.027435116
27569,0.01499287
27570,0.22190765
27571,0.4368098
27572,0.08536215
27573,0.06179835
27574,0.040754188
27575,0.053866405
27576,0.07673215
27577,0.07066338
27578,0.015993446
27579,0.41772303
27580,0.01526662
27581,0.039724723
27582,0.13093789
27583,0.1098596
27584,0.05898196
27585,0.04681475
27586,0.23711851
27587,0.35481086
27588,0.022775821
27589,0.22773695
27590,0.10795345
27591,0.1060833
27592,0.99090004
27593,0.83936256
27594,0.63633484
27595,0.018845446
27596,0.22319558
27597,0.027506106
27598,0.008959934
27599,0.43716198
27600,0.099668585
27601,0.25234598
27602,0.040810436
27603,0.09677762
27604,0.02509442
27605,0.117279604
27606,0.122415535
27607,0.14987862
27608,0.17412555
27609,0.5023413
27610,0.4677852
27611,0.25894547
27612,0.14370006
27613,0.10034768
27614,0.06543945
27615,0.118177265
27616,0.05985359
27617,0.034010068
27618,0.023732506
27619,0.118194245
27620,0.12602645
27621,0.060658876
27622,0.11196239
27623,0.95517296
27624,1.0140527
27625,0.9408604
27626,0.12731129
27627,0.052047342
27628,0.25465593
27629,0.01814185
27630,0.4206429
27631,0.024206981
27632,0.010651387
27633,0.020169921
27634,0.020253383
27635,0.059881207
27636,0.11397852
27637,0.06283015
27638,0.38533247
27639,0.985896
27640,0.074030384
27641,0.12133275
27642,0.1260953
27643,0.17576434
27644,0.0676029
27645,0.3975775
27646,0.2694325
27647,0.029173449
27648,0.08449248
27649,0.11662705
27650,0.10396701
27651,0.05187206
27652,0.027439095
27653,0.3793
27654,0.2976248
27655,0.24489662
27656,0.074642554
27657,0.02980917
27658,0.10593841
27659,0.0121734515
27660,0.07894933
27661,0.28220618
27662,0.033372216
27663,0.0452784
27664,0.04412298
27665,0.04631097
27666,0.3710893
27667,0.70151246
27668,0.27674702
27669,0.15989333
27670,0.114567384
27671,0.17423531
27672,0.14715728
27673,0.51791435
27674,0.08326027
27675,0.038812764
27676,0.031447973
27677,0.12792957
27678,0.18184121
27679,0.14693671
27680,0.41784298
27681,0.2672527
27682,0.14761278
27683,1.0573622
27684,0.13118082
27685,0.016167633
27686,0.14246854
27687,0.24393699
27688,0.019024178
27689,0.052242167
27690,0.17255163
27691,0.07045803
27692,0.038544543
27693,0.04493098
27694,0.047866035
27695,0.14566952
27696,0.3873853
27697,0.20659913
27698,0.28157482
27699,0.2779897
27700,0.15224092
27701,0.1457831
27702,0.35173377
27703,0.018431097
27704,0.17459539
27705,0.07720283
27706,0.05209059
27707,0.4328171
27708,0.2534132
27709,0.04700591
27710,0.5191102
27711,0.37927648
27712,0.0060636476
27713,0.22043383
27714,0.14267558
27715,0.08596045
27716,0.04471044
27717,0.011315808
27718,0.013148136
27719,0.011305548
27720,0.03176091
27721,0.063992225
27722,0.10696553
27723,0.11192672
27724,0.13342334
27725,0.3941017
27726,0.7590818
27727,0.41128302
27728,0.40921614
27729,0.56164354
27730,0.10439156
27731,0.062252752
27732,0.06734817
27733,0.25003478
27734,0.20044933
27735,0.0628654
27736,0.025297493
27737,0.068378344
27738,0.14409675
27739,0.022280082
27740,0.04565916
27741,0.124314055
27742,0.020102061
27743,0.015080214
27744,0.03697571
27745,0.021015115
27746,0.014173336
27747,0.033127975
27748,0.089942984
27749,0.06761937
27750,0.094066195
27751,0.3609152
27752,0.16088688
27753,0.33516732
27754,0.680828
27755,0.62417936
27756,0.26655665
27757,0.2271868
27758,0.019279338
27759,0.05349638
27760,0.110448234
27761,0.018048503
27762,0.034536216
27763,0.9834875
27764,0.047630947
27765,0.019127093
27766,0.0727237
27767,0.04952226
27768,0.106039695
27769,0.057639237
27770,0.053834744
27771,0.012454987
27772,0.040763747
27773,0.016956478
27774,0.03097491
27775,0.10813834
27776,0.12913394
27777,0.58577305
27778,0.3567485
27779,0.26409626
27780,1.0864173
27781,0.36704522
27782,0.45229337
27783,0.1545591
27784,0.034574542
27785,0.033124927
27786,0.02635789
27787,0.05083415
27788,0.052350987
27789,0.018270604
27790,0.035724126
27791,0.064308405
27792,0.4433814
27793,0.09036651
27794,0.3542998
27795,0.17394425
27796,0.12872113
27797,0.12110423
27798,0.13382493
27799,0.1752672
27800,0.055923846
27801,0.005956821
27802,0.047896575
27803,0.14960338
27804,0.9822245
27805,0.40762886
27806,0.6543907
27807,0.27337846
27808,0.256398
27809,0.17379206
27810,0.25552306
27811,0.06074386
27812,0.0148689
27813,0.024728283
27814,0.055731013
27815,0.02242656
27816,0.12810193
27817,0.13633667
27818,0.070036955
27819,0.27429992
27820,0.032348413
27821,0.072264016
27822,0.37084505
27823,0.045414712
27824,0.1211638
27825,0.24509457
27826,0.044578906
27827,0.006829478
27828,0.23137525
27829,0.16494325
27830,0.086932674
27831,0.22965541
27832,0.030536704
27833,0.102893844
27834,0.08211296
27835,0.053401813
27836,0.13486283
27837,0.11489629
27838,0.03568776
27839,0.028862283
27840,0.011824533
27841,0.24804285
27842,0.015080705
27843,0.107635975
27844,0.03825033
27845,0.11914795
27846,0.03546358
27847,0.06266063
27848,0.010933496
27849,0.06495656
27850,0.17552489
27851,0.35803518
27852,0.60455
27853,0.110560454
27854,0.033131823
27855,0.04853994
27856,0.073273666
27857,0.12841755
27858,0.014596887
27859,0.036603387
27860,0.01372388
27861,0.031563006
27862,0.021033801
27863,0.014747411
27864,0.0323841
27865,0.091068804
27866,0.10356686
27867,0.40981644
27868,0.016297638
27869,0.020998396
27870,0.20305446
27871,0.08025565
27872,0.11165324
27873,0.38976246
27874,0.12613535
27875,0.012126289
27876,0.012803175
27877,0.238278
27878,0.03079898
27879,0.01819615
27880,0.079315044
27881,0.14182103
27882,0.050425846
27883,0.011840604
27884,0.021117203
27885,0.008580871
27886,0.21125767
27887,0.018795848
27888,0.028591886
27889,0.13334753
27890,0.075654924
27891,0.04701985
27892,0.02082906
27893,0.028524369
27894,0.07279984
27895,0.3880021
27896,0.032670405
27897,0.019097812
27898,0.03365808
27899,0.043147888
27900,0.06760317
27901,0.16770345
27902,0.07049495
27903,0.23688293
27904,0.089800164
27905,0.02358491
27906,0.021410652
27907,0.04675386
27908,0.055849675
27909,0.027729131
27910,0.3579192
27911,0.018558562
27912,0.021895617
27913,0.27176937
27914,0.021788172
27915,0.10583575
27916,0.0567253
27917,0.013063468
27918,0.27247804
27919,0.595152
27920,0.15476263
27921,0.0816796
27922,0.029983252
27923,0.09107615
27924,0.053682417
27925,0.04192479
27926,0.2269369
27927,0.10027056
27928,0.10885512
27929,0.9976782
27930,0.022125028
27931,0.08354314
27932,0.079359084
27933,0.08436726
27934,0.019819483
27935,0.033104733
27936,0.120714754
27937,0.32556444
27938,0.07200311
27939,0.24574763
27940,0.028790541
27941,0.01795002
27942,0.07221858
27943,0.011704035
27944,0.024148926
27945,0.09991501
27946,0.031641524
27947,0.029634781
27948,0.055598356
27949,0.052729797
27950,0.021703497
27951,0.02011726
27952,0.061613034
27953,0.13842896
27954,0.0350516
27955,0.04467498
27956,0.016343221
27957,0.031709194
27958,0.0836726
27959,0.10551108
27960,0.058053147
27961,0.9704595
27962,0.0626907
27963,0.12918206
27964,0.054920994
27965,0.05332665
27966,0.047093965
27967,0.047661055
27968,0.017305195
27969,0.021582939
27970,0.20181137
27971,0.027640432
27972,0.006259367
27973,0.013941243
27974,0.046555504
27975,0.11655245
27976,0.023850597
27977,0.012379512
27978,0.1111241
27979,0.042457763
27980,0.019566298
27981,0.047395036
27982,0.39647907
27983,0.02112431
27984,0.03524136
27985,0.006949432
27986,0.011255488
27987,0.04469528
27988,0.025037453
27989,0.27780858
27990,0.0707805
27991,0.01309336
27992,0.019060299
27993,0.00895644
27994,0.06508386
27995,0.24749738
27996,0.11973134
27997,0.085989326
27998,0.07953055
27999,0.02774521
28000,0.05179022
28001,0.020049006
28002,0.21696791
28003,0.1810817
28004,0.2270155
28005,0.023188569
28006,0.01568614
28007,0.012944862
28008,0.011631884
28009,0.019466095
28010,0.0106657
28011,0.01744701
28012,0.0152622685
28013,0.02731394
28014,0.062601045
28015,0.059212107
28016,0.12435395
28017,0.010823853
28018,0.13269567
28019,0.008373007
28020,0.38919058
28021,0.007935792
28022,0.01075647
28023,0.028234534
28024,0.011986531
28025,0.017712846
28026,0.01823993
28027,0.028405473
28028,0.017035492
28029,0.0050707012
28030,0.01636345
28031,0.007985495
28032,0.010087952
28033,0.0904232
28034,0.02973999
28035,0.045783058
28036,0.055568222
28037,0.015989505
28038,0.016327672
28039,0.008345984
28040,0.12058698
28041,0.022316776
28042,0.04318925
28043,0.005396366
28044,0.013470769
28045,0.034656227
28046,0.011219367
28047,0.1140489
28048,0.01767803
28049,0.0038307756
28050,0.014171928
28051,0.011318006
28052,0.4197599
28053,0.0651836
28054,0.06444861
28055,0.08386922
28056,0.07303125
28057,0.021945246
28058,0.009860665
28059,0.10546196
28060,0.016357623
28061,0.10469264
28062,0.26008132
28063,0.01786051
28064,0.04621556
28065,0.038427856
28066,0.025137708
28067,0.011057772
28068,0.008673117
28069,0.032995567
28070,0.010375135
28071,0.008979954
28072,0.08323888
28073,0.07791516
28074,0.029780596
28075,0.2757077
28076,0.02168759
28077,0.028004467
28078,0.034351196
28079,0.010176726
28080,0.015574388
28081,0.040498678
28082,0.020200454
28083,0.014842786
28084,0.025076374
28085,0.03472016
28086,0.010580368
28087,0.03319386
28088,0.29128534
28089,0.16643058
28090,0.011104964
28091,0.01975146
28092,0.10187259
28093,0.019913495
28094,0.044044204
28095,0.03374303
28096,0.015686467
28097,0.032749936
28098,0.04305691
28099,0.007849723
28100,0.05304889
28101,0.037163116
28102,0.041382108
28103,0.07312542
28104,0.042096585
28105,0.0052338615
28106,0.025357597
28107,0.029873222
28108,0.2675536
28109,0.057028472
28110,0.044395253
28111,0.2491538
28112,0.4470933
28113,0.021789543
28114,0.026755251
28115,0.043747425
28116,0.2581161
28117,0.05276681
28118,0.25548422
28119,0.041323103
28120,0.23848811
28121,0.066898674
28122,0.086876236
28123,0.0073420107
28124,0.014307179
28125,0.008121029
28126,0.24644452
28127,0.056104455
28128,0.80163825
28129,0.25573328
28130,0.042912126
28131,0.034107827
28132,0.13242245
28133,0.048543144
28134,0.012166992
28135,0.024131037
28136,0.049024872
28137,0.029573753
28138,0.016704448
28139,0.017949037
28140,0.07193985
28141,0.26109347
28142,0.49555248
28143,0.48250836
28144,0.031823073
28145,0.079245664
28146,0.026140071
28147,0.11943333
28148,0.14835006
28149,0.057171583
28150,0.040487092
28151,0.06421167
28152,0.09785481
28153,0.037146725
28154,0.3966164
28155,0.14216457
28156,0.14711446
28157,0.5009677
28158,0.089769386
28159,0.02334883
28160,0.50587606
28161,0.0211123
28162,0.06646462
28163,0.5145707
28164,0.054806642
28165,0.058383893
28166,0.037776288
28167,0.06606184
28168,0.09413661
28169,0.118608356
28170,0.10194328
28171,0.03497644
28172,0.051148143
28173,0.07865924
28174,0.27360308
28175,0.05722129
28176,0.024630994
28177,0.061261512
28178,0.076170444
28179,0.09262667
28180,0.029547602
28181,0.040164717
28182,0.05681775
28183,0.079345815
28184,0.030665152
28185,0.067241944
28186,0.13762547
28187,0.06439921
28188,0.28399867
28189,0.04078682
28190,0.06863147
28191,0.04458491
28192,0.02440358
28193,0.0135514885
28194,0.016724542
28195,0.5209645
28196,0.21584463
28197,0.08309729
28198,0.14507298
28199,0.26348382
28200,0.09787338
28201,0.073047794
28202,0.017230637
28203,0.041522622
28204,0.009453066
28205,0.0723858
28206,0.08612218
28207,0.09843717
28208,0.1678971
28209,0.42829508
28210,0.34680882
28211,0.057496797
28212,0.009330928
28213,0.028008647
28214,0.025093704
28215,0.03920729
28216,0.3826249
28217,0.019224294
28218,0.046499256
28219,0.01513131
28220,0.071997635
28221,0.057268996
28222,0.034764264
28223,0.13727218
28224,0.51272786
28225,0.05450428
28226,0.21709338
28227,0.020104237
28228,0.024961442
28229,0.05191338
28230,0.0773354
28231,0.032169946
28232,0.14123425
28233,0.173653
28234,0.103902675
28235,0.09736783
28236,0.06795089
28237,0.031020172
28238,0.031052634
28239,0.040544435
28240,0.118929535
28241,0.06443537
28242,0.39391422
28243,0.015937515
28244,0.046180062
28245,0.030293852
28246,0.022178575
28247,0.016333498
28248,0.026116349
28249,0.04840047
28250,0.024485633
28251,0.07196905
28252,0.18599075
28253,0.40244928
28254,0.052327286
28255,0.039826207
28256,0.037559707
28257,0.101486534
28258,0.06971757
28259,0.015171692
28260,0.059256032
28261,0.016212411
28262,0.012747727
28263,0.03428016
28264,0.15899451
28265,0.026564218
28266,0.023072548
28267,0.034832854
28268,0.006116867
28269,0.20472929
28270,0.08106507
28271,0.40567288
28272,0.41408077
28273,0.40066007
28274,0.06983535
28275,0.04555728
28276,0.020790122
28277,0.054250337
28278,0.05151916
28279,0.14731981
28280,0.058660977
28281,0.5311317
28282,0.13253628
28283,0.018075518
28284,0.014295116
28285,0.12119392
28286,0.0624124
28287,0.05260886
28288,0.019562207
28289,0.009435385
28290,0.012145318
28291,0.047193773
28292,0.01985345
28293,0.02168478
28294,0.082173064
28295,0.04952512
28296,0.21006757
28297,0.07093838
28298,0.12255968
28299,0.24960276
28300,0.3753896
28301,0.071349144
28302,0.024190933
28303,0.08858396
28304,0.045576964
28305,0.09566789
28306,0.06881586
28307,0.13890263
28308,0.06542699
28309,0.11786326
28310,0.040824674
28311,0.05622042
28312,0.032814097
28313,0.018791959
28314,0.019300506
28315,0.13872212
28316,0.013516776
28317,0.024680085
28318,0.07169436
28319,0.031282794
28320,0.022902347
28321,0.039631315
28322,0.06474572
28323,0.0790849
28324,0.12595382
28325,0.13169733
28326,0.38195747
28327,0.24441862
28328,0.25892642
28329,0.012974821
28330,0.11044601
28331,0.04946101
28332,0.043107167
28333,0.12224049
28334,0.027648807
28335,0.02106645
28336,0.05262864
28337,0.055864025
28338,0.052276578
28339,0.08386401
28340,0.031114861
28341,0.059458364
28342,0.02014567
28343,0.094400994
28344,0.01560393
28345,0.04415973
28346,0.14507142
28347,0.06263332
28348,0.24610731
28349,0.5428757
28350,0.12874581
28351,0.13282585
28352,0.071812466
28353,0.09453832
28354,0.08230472
28355,0.09476561
28356,0.05827265
28357,0.010670066
28358,0.01869113
28359,0.39884147
28360,0.08100233
28361,0.093680665
28362,0.059383765
28363,0.076961085
28364,0.014323033
28365,0.025102347
28366,0.018504143
28367,0.021816082
28368,0.04368259
28369,0.4656635
28370,0.07454942
28371,0.05205207
28372,0.113063626
28373,0.7434412
28374,0.103008896
28375,0.016531773
28376,0.38314533
28377,0.063185796
28378,0.17733172
28379,0.27459034
28380,0.070755705
28381,0.023389108
28382,0.05780925
28383,0.08285015
28384,0.113035694
28385,0.16533284
28386,0.045300107
28387,0.15130396
28388,0.0899803
28389,0.0772509
28390,0.014307551
28391,0.021004818
28392,0.025686577
28393,0.06390058
28394,0.07767958
28395,0.017573461
28396,0.13208966
28397,0.16377327
28398,0.4276461
28399,0.10433037
28400,0.030213803
28401,0.11898413
28402,0.18257876
28403,0.37669763
28404,0.064604506
28405,0.05487216
28406,0.020306803
28407,0.073156975
28408,0.50472164
28409,0.054145776
28410,0.121757
28411,0.38444188
28412,0.24256927
28413,0.022132576
28414,0.048072692
28415,0.06309525
28416,0.39332092
28417,0.39346272
28418,0.014064759
28419,0.116047606
28420,0.1190138
28421,0.14595427
28422,0.1443534
28423,0.1337755
28424,0.17454529
28425,0.38444066
28426,0.08685777
28427,0.018780112
28428,0.048458204
28429,0.09775082
28430,0.05393854
28431,0.20395026
28432,0.95227087
28433,0.0672351
28434,0.38222697
28435,0.01680962
28436,0.053699244
28437,0.2552602
28438,0.015063971
28439,0.054587215
28440,0.09485568
28441,0.019575119
28442,0.05927768
28443,0.0075498074
28444,0.4642603
28445,0.1782476
28446,0.10033689
28447,0.25313318
28448,0.15523708
28449,0.23684573
28450,0.3682333
28451,0.40203795
28452,0.2546137
28453,0.23312095
28454,0.120888926
28455,0.9766804
28456,0.42219803
28457,0.42903826
28458,0.006956458
28459,0.022668399
28460,0.21358736
28461,0.07644912
28462,0.028462708
28463,0.020714529
28464,0.019511163
28465,0.060233753
28466,0.0055863485
28467,0.0105006695
28468,0.012151793
28469,0.047820445
28470,0.19496275
28471,0.11752905
28472,0.10765709
28473,0.12199369
28474,0.10452977
28475,0.24355835
28476,0.23565954
28477,0.02566491
28478,0.118102446
28479,0.26964268
28480,0.018531524
28481,0.0624099
28482,1.0197284
28483,0.9533418
28484,0.62939626
28485,0.0052334666
28486,0.022506848
28487,0.015856415
28488,0.09963151
28489,0.4188747
28490,0.09325548
28491,0.017829925
28492,0.062593244
28493,0.033437233
28494,0.009760216
28495,0.011839591
28496,0.051801417
28497,0.06970967
28498,0.06791449
28499,0.015119478
28500,0.41309044
28501,0.019275516
28502,0.0401357
28503,0.12369012
28504,0.111983635
28505,0.057573535
28506,0.05537233
28507,0.24028012
28508,0.21666706
28509,0.022585042
28510,0.24115741
28511,0.10597861
28512,0.10822846
28513,0.97192067
28514,0.8957705
28515,0.6234644
28516,0.017076723
28517,0.08383693
28518,0.028124943
28519,0.4594377
28520,0.106105566
28521,0.2580038
28522,0.047833115
28523,0.094611436
28524,0.02387835
28525,0.10045198
28526,0.12413048
28527,0.15104987
28528,0.1564512
28529,0.5312827
28530,0.47999698
28531,0.25825965
28532,0.17887655
28533,0.09366597
28534,0.062800474
28535,0.1143122
28536,0.0493619
28537,0.032017335
28538,0.1309209
28539,0.12721112
28540,0.054566517
28541,0.10291851
28542,0.024337113
28543,0.9695137
28544,1.0271909
28545,0.97300124
28546,0.12811545
28547,0.06053304
28548,0.2364668
28549,0.017032415
28550,0.43142208
28551,0.023370117
28552,0.008704655
28553,0.017629549
28554,0.020644255
28555,0.06281839
28556,0.11216343
28557,0.06191179
28558,0.38707265
28559,1.0059214
28560,0.07340202
28561,0.11830452
28562,0.11425443
28563,0.15262355
28564,0.07825896
28565,0.41218483
28566,0.25455365
28567,0.036352232
28568,0.097294904
28569,0.11743434
28570,0.11571949
28571,0.055756234
28572,0.25222877
28573,0.37464997
28574,0.24135423
28575,0.07923302
28576,0.032609053
28577,0.120580785
28578,0.008947812
28579,0.07946186
28580,0.28202516
28581,0.03478847
28582,0.04735167
28583,0.049275223
28584,0.04400752
28585,0.39634117
28586,0.7230622
28587,0.28818128
28588,0.287706
28589,0.1119645
28590,0.15977275
28591,0.1628109
28592,0.51097137
28593,0.08001277
28594,0.038624443
28595,0.04431268
28596,0.034142874
28597,0.22282243
28598,0.15901628
28599,0.24813935
28600,0.2956177
28601,0.27545172
28602,0.24386561
28603,1.0263039
28604,0.13110413
28605,0.016887002
28606,0.13120228
28607,0.23525354
28608,0.01718925
28609,0.059338786
28610,0.26759452
28611,0.06979321
28612,0.038697854
28613,0.04269482
28614,0.05044518
28615,0.15003115
28616,0.41388217
28617,0.26909563
28618,0.27605385
28619,0.2852235
28620,0.16435803
28621,0.13754514
28622,0.23820686
28623,0.018652491
28624,0.16953811
28625,0.08834968
28626,0.060757384
28627,0.5236546
28628,0.24519965
28629,0.057580605
28630,0.5622654
28631,0.3905485
28632,0.0030100122
28633,0.0971349
28634,0.13517375
28635,0.08801491
28636,0.047535893
28637,0.0127520785
28638,0.01119718
28639,0.032183025
28640,0.062244516
28641,0.11258334
28642,0.112597965
28643,0.12904167
28644,0.39834273
28645,0.71540284
28646,0.41134545
28647,0.38235417
28648,0.56150544
28649,0.11803209
28650,0.07227725
28651,0.07589355
28652,0.15785663
28653,0.2662744
28654,0.058311995
28655,0.15766872
28656,0.080498844
28657,0.143083
28658,0.020679332
28659,0.1121698
28660,0.01853326
28661,0.0143446475
28662,0.040632144
28663,0.019812606
28664,0.007431984
28665,0.032391105
28666,0.09997925
28667,0.062242992
28668,0.086654276
28669,0.36508676
28670,0.13706991
28671,0.39912358
28672,0.68050116
28673,0.6350836
28674,0.28470168
28675,0.22836933
28676,0.0534481
28677,0.10306883
28678,0.017977804
28679,0.006893374
28680,0.030910507
28681,0.9942686
28682,0.054514382
28683,0.017630972
28684,0.222424
28685,0.052618254
28686,0.23280421
28687,0.05712717
28688,0.056932066
28689,0.013672568
28690,0.043842323
28691,0.029890701
28692,0.108230285
28693,0.1176098
28694,0.5780389
28695,0.4073235
28696,0.26368707
28697,1.0819747
28698,0.38438368
28699,0.48892847
28700,0.16412371
28701,0.03424722
28702,0.037704673
28703,0.06315697
28704,0.049135894
28705,0.036731433
28706,0.19567008
28707,0.49679676
28708,0.092879266
28709,0.39646435
28710,0.17284374
28711,0.10659084
28712,0.13478951
28713,0.1457365
28714,0.17307192
28715,0.06477092
28716,0.030027606
28717,0.046401925
28718,0.14815488
28719,0.9779227
28720,0.4274372
28721,0.6491552
28722,0.38677272
28723,0.28740028
28724,0.17551216
28725,0.22828469
28726,0.024426512
28727,0.0165983
28728,0.05669332
28729,0.021174103
28730,0.13472137
28731,0.14288223
28732,0.0833388
28733,0.38951126
28734,0.03282678
28735,0.088142075
28736,0.37550262
28737,0.0487938
28738,0.011512309
28739,0.011617824
28740,0.11500397
28741,0.26165906
28742,0.040070433
28743,0.0061205477
28744,0.2356891
28745,0.24718899
28746,0.08605862
28747,0.12461371
28748,0.23247683
28749,0.087466255
28750,0.050336458
28751,0.13756195
28752,0.24158701
28753,0.03563767
28754,0.029049449
28755,0.013264962
28756,0.14794408
28757,0.09723419
28758,0.03806165
28759,0.14246607
28760,0.033269733
28761,0.056280475
28762,0.066034704
28763,0.16665573
28764,0.37476104
28765,0.6189395
28766,0.11946795
28767,0.008668914
28768,0.032161724
28769,0.06605631
28770,0.015550882
28771,0.07196444
28772,0.12950194
28773,0.011876941
28774,0.03231041
28775,0.012622118
28776,0.033450622
28777,0.020331368
28778,0.013464369
28779,0.036616225
28780,0.083544105
28781,0.10330806
28782,0.39086667
28783,0.015462257
28784,0.06942408
28785,0.0907854
28786,0.11864585
28787,0.40461195
28788,0.13360238
28789,0.012971602
28790,0.2291111
28791,0.012275919
28792,0.03464735
28793,0.015898779
28794,0.08775683
28795,0.27584538
28796,0.05223599
28797,0.013236061
28798,0.023063928
28799,0.008903377
28800,0.20774747
28801,0.04065849
28802,0.014477223
28803,0.028782614
28804,0.14616919
28805,0.0660764
28806,0.04580578
28807,0.020892054
28808,0.029887564
28809,0.07402669
28810,0.3670423
28811,0.0319042
28812,0.017819658
28813,0.03313263
28814,0.042853486
28815,0.068688616
28816,0.25006762
28817,0.064868554
28818,0.18866178
28819,0.09322868
28820,0.026042625
28821,0.017765567
28822,0.052015364
28823,0.061544824
28824,0.033673972
28825,0.3684298
28826,0.018998139
28827,0.024138741
28828,0.27024877
28829,0.0224659
28830,0.119464464
28831,0.05251921
28832,0.013298191
28833,0.39159676
28834,0.61068267
28835,0.13501817
28836,0.09985108
28837,0.012961522
28838,0.09828199
28839,0.05824836
28840,0.056217473
28841,0.11380866
28842,0.09722297
28843,0.10785687
28844,0.9298861
28845,0.08480959
28846,0.016535394
28847,0.073782206
28848,0.07868049
28849,0.020140171
28850,0.03460283
28851,0.13649094
28852,0.47975498
28853,0.072290756
28854,0.23755112
28855,0.029801317
28856,0.01978559
28857,0.092117876
28858,0.012428142
28859,0.021330021
28860,0.09076567
28861,0.030666716
28862,0.029167123
28863,0.003926359
28864,0.05835186
28865,0.058506344
28866,0.026572607
28867,0.020927504
28868,0.07210251
28869,0.01757896
28870,0.14021364
28871,0.031645246
28872,0.044211123
28873,0.0340691
28874,0.08684205
28875,0.10818904
28876,0.024266385
28877,0.05489393
28878,0.9736738
28879,0.065580696
28880,0.12011899
28881,0.059926298
28882,0.043150175
28883,0.04342201
28884,0.047972612
28885,0.015360825
28886,0.018127225
28887,0.2776132
28888,0.028256431
28889,0.017941773
28890,0.046723276
28891,0.122532755
28892,0.022196524
28893,0.0145920515
28894,0.1288222
28895,0.042274214
28896,0.024978511
28897,0.047443733
28898,0.3874176
28899,0.020569876
28900,0.017488025
28901,0.00915283
28902,0.021007396
28903,0.044561453
28904,0.027890913
28905,0.2597335
28906,0.07352885
28907,0.0155951455
28908,0.016548946
28909,0.0707912
28910,0.15553379
28911,0.11736342
28912,0.09370176
28913,0.076834515
28914,0.029663846
28915,0.05086954
28916,0.07584784
28917,0.17267986
28918,0.1276924
28919,0.008676939
28920,0.03126083
28921,0.013470627
28922,0.014861383
28923,0.010399289
28924,0.021105677
28925,0.018781856
28926,0.013143875
28927,0.025585115
28928,0.067978725
28929,0.060193297
28930,0.15220308
28931,0.0066189766
28932,0.14236142
28933,0.30016667
28934,0.0099965185
28935,0.023674004
28936,0.013393275
28937,0.020167679
28938,0.009560131
28939,0.017927691
28940,0.026398115
28941,0.017152205
28942,0.017360486
28943,0.008694142
28944,0.09068259
28945,0.0039442778
28946,0.029907472
28947,0.04763693
28948,0.016770594
28949,0.055150572
28950,0.016820475
28951,0.0069060847
28952,0.015533149
28953,0.009652555
28954,0.099174485
28955,0.02623982
28956,0.050272025
28957,0.03321221
28958,0.018384472
28959,0.10001611
28960,0.016538963
28961,0.0051332116
28962,0.011291772
28963,0.42567638
28964,0.058328297
28965,0.06544195
28966,0.22559518
28967,0.01715827
28968,0.00601802
28969,0.070358135
28970,0.022866733
28971,0.011496693
28972,0.10019813
28973,0.13118525
28974,0.15248232
28975,0.01713159
28976,0.024450399
28977,0.040176116
28978,0.026562497
28979,0.025809951
28980,0.02516941
28981,0.0131666735
28982,0.032324836
28983,0.009455226
28984,0.08152643
28985,0.06887762
28986,0.032694902
28987,0.17848063
28988,0.023652427
28989,0.028057322
28990,0.004920073
28991,0.018856585
28992,0.041889243
28993,0.03478514
28994,0.011466272
28995,0.020612568
28996,0.03612056
28997,0.301692
28998,0.24110156
28999,0.01823102
29000,0.102906965
29001,0.015365005
29002,0.019795261
29003,0.030786939
29004,0.028852053
29005,0.040087912
29006,0.02157323
29007,0.03994977
29008,0.054692917
29009,0.03254215
29010,0.047193427
29011,0.1004613
29012,0.045496088
29013,0.04558586
29014,0.026118279
29015,0.2468909
29016,0.035119697
29017,0.046394337
29018,0.2592395
29019,0.39714485
29020,0.036067717
29021,0.2520907
29022,0.039128993
29023,0.3775836
29024,0.06944607
29025,0.1443864
29026,0.06729951
29027,0.086412296
29028,0.012809999
29029,0.0072450563
29030,0.027114451
29031,0.01485014
29032,0.13619184
29033,0.04754651
29034,0.6637644
29035,0.24199212
29036,0.04518
29037,0.04481484
29038,0.25164136
29039,0.05975081
29040,0.012636825
29041,0.043016125
29042,0.037687138
29043,0.086982705
29044,0.2717052
29045,0.50145006
29046,0.4520277
29047,0.04410506
29048,0.029593416
29049,0.11260302
29050,0.25635037
29051,0.020657554
29052,0.061207328
29053,0.04679778
29054,0.06451304
29055,0.09418646
29056,0.40405747
29057,0.13938636
29058,0.2843698
29059,0.4753583
29060,0.108361565
29061,0.024167135
29062,0.52076316
29063,0.07240775
29064,0.29017204
29065,0.068371885
29066,0.06087568
29067,0.034072667
29068,0.07255214
29069,0.0907248
29070,0.111145966
29071,0.237481
29072,0.027542777
29073,0.054511
29074,0.06959206
29075,0.27397949
29076,0.051470757
29077,0.035519667
29078,0.060942095
29079,0.06912823
29080,0.08211391
29081,0.04652729
29082,0.049669325
29083,0.07260173
29084,0.13372491
29085,0.06252627
29086,0.37109548
29087,0.046594113
29088,0.042093385
29089,0.015650079
29090,0.004439704
29091,0.013372518
29092,0.51656276
29093,0.10977957
29094,0.08560102
29095,0.45144364
29096,0.45912346
29097,0.10821733
29098,0.060987648
29099,0.015488669
29100,0.015798166
29101,0.0052887574
29102,0.03575278
29103,0.01206366
29104,0.0696754
29105,0.082483456
29106,0.09739923
29107,0.16665521
29108,0.26770037
29109,0.3270089
29110,0.052915864
29111,0.04175408
29112,0.03516535
29113,0.41202918
29114,0.020420596
29115,0.047617607
29116,0.05863483
29117,0.053071328
29118,0.1540857
29119,0.5323524
29120,0.0064735636
29121,0.052679162
29122,0.106136695
29123,0.018907718
29124,0.021795042
29125,0.051070057
29126,0.076322585
29127,0.009916328
29128,0.13612485
29129,0.18277389
29130,0.08819547
29131,0.09930312
29132,0.078132525
29133,0.032605622
29134,0.0321676
29135,0.037153237
29136,0.11950427
29137,0.066214785
29138,0.23811686
29139,0.016030759
29140,0.041635063
29141,0.029030636
29142,0.019392632
29143,0.015868373
29144,0.026486114
29145,0.046703808
29146,0.024942659
29147,0.07034822
29148,0.29655394
29149,0.272417
29150,0.04957177
29151,0.040106032
29152,0.039530665
29153,0.09782353
29154,0.06674062
29155,0.015418343
29156,0.06814277
29157,0.01465524
29158,0.011271566
29159,0.16954117
29160,0.024094574
29161,0.025581792
29162,0.030874006
29163,0.0067406967
29164,0.20981318
29165,0.07691938
29166,0.36278984
29167,0.36491206
29168,0.37775466
29169,0.07063962
29170,0.045583654
29171,0.020292118
29172,0.06137414
29173,0.045772087
29174,0.24812582
29175,0.052062657
29176,0.5392419
29177,0.12538083
29178,0.01944834
29179,0.12036851
29180,0.06207418
29181,0.049486935
29182,0.019559354
29183,0.010831371
29184,0.056973383
29185,0.029973894
29186,0.01263991
29187,0.020294823
29188,0.021285392
29189,0.080847874
29190,0.047247224
29191,0.21315657
29192,0.068835765
29193,0.12323141
29194,0.36896923
29195,0.39522517
29196,0.07676176
29197,0.024974525
29198,0.097496465
29199,0.04584118
29200,0.02509705
29201,0.09764399
29202,0.06284129
29203,0.14371055
29204,0.06687893
29205,0.106669545
29206,0.04119587
29207,0.06639439
29208,0.034716908
29209,0.01930771
29210,0.1401103
29211,0.012436353
29212,0.025661409
29213,0.07186173
29214,0.03134198
29215,0.010854408
29216,0.022333488
29217,0.03967361
29218,0.062195584
29219,0.08409423
29220,0.12146263
29221,0.12201114
29222,0.36899623
29223,0.2449333
29224,0.24917477
29225,0.011639409
29226,0.10295661
29227,0.05330556
29228,0.043799188
29229,0.102075376
29230,0.037089914
29231,0.020583324
29232,0.055598997
29233,0.045043267
29234,0.08493059
29235,0.03294259
29236,0.06268537
29237,0.018258281
29238,0.027534656
29239,0.09052368
29240,0.041898668
29241,0.1376615
29242,0.06345816
29243,0.1410117
29244,0.59718263
29245,0.13374785
29246,0.124745876
29247,0.07088191
29248,0.09294158
29249,0.07753803
29250,0.09777839
29251,0.05078228
29252,0.010275379
29253,0.019334733
29254,0.36691427
29255,0.07833751
29256,0.07721756
29257,0.05643441
29258,0.071194224
29259,0.016964957
29260,0.019715317
29261,0.024064988
29262,0.046228137
29263,0.30941898
29264,0.07549697
29265,0.048216753
29266,0.118881375
29267,0.76556534
29268,0.10414302
29269,0.017761908
29270,0.36276376
29271,0.06960009
29272,0.25894615
29273,0.28034958
29274,0.077732146
29275,0.023621164
29276,0.06272925
29277,0.087238975
29278,0.1107691
29279,0.16653386
29280,0.04487948
29281,0.21423332
29282,0.081293605
29283,0.07830048
29284,0.011509754
29285,0.019946173
29286,0.027902365
29287,0.070640996
29288,0.08072265
29289,0.01640194
29290,0.12661454
29291,0.15774961
29292,0.2518469
29293,0.09234629
29294,0.030470416
29295,0.11491302
29296,0.18332651
29297,0.35865483
29298,0.06292832
29299,0.051405016
29300,0.0218075
29301,0.07428644
29302,0.50106895
29303,0.048386514
29304,0.1206412
29305,0.41044217
29306,0.25156277
29307,0.010957181
29308,0.047811627
29309,0.06192938
29310,0.40162998
29311,0.38370633
29312,0.013439141
29313,0.11692084
29314,0.110068694
29315,0.14678451
29316,0.14961088
29317,0.1384583
29318,0.17823781
29319,0.39024332
29320,0.08314076
29321,0.020268984
29322,0.04833409
29323,0.099318
29324,0.055172205
29325,0.20436272
29326,0.9449446
29327,0.061906517
29328,0.39762756
29329,0.01422371
29330,0.047811773
29331,0.25114217
29332,0.015453264
29333,0.051996596
29334,0.08842533
29335,0.018406518
29336,0.056232516
29337,0.008501872
29338,0.4825961
29339,0.17941481
29340,0.086841464
29341,0.3931482
29342,0.153117
29343,0.2545333
29344,0.37828276
29345,0.40312696
29346,0.23720992
29347,0.23334321
29348,0.12124177
29349,0.99792033
29350,0.41692007
29351,0.45394942
29352,0.02513656
29353,0.21366829
29354,0.07595456
29355,0.02482953
29356,0.021433294
29357,0.012916081
29358,0.063132964
29359,0.0075538754
29360,0.011366323
29361,0.04320536
29362,0.20373619
29363,0.10504533
29364,0.11642663
29365,0.11882179
29366,0.09760937
29367,0.2380844
29368,0.34616274
29369,0.031309918
29370,0.10932283
29371,0.27152362
29372,0.018789828
29373,0.061939895
29374,0.97324604
29375,0.9434405
29376,0.6532649
29377,0.005197972
29378,0.02503305
29379,0.01678402
29380,0.09949269
29381,0.4368456
29382,0.09407538
29383,0.017764702
29384,0.06713738
29385,0.057515286
29386,0.07080726
29387,0.068226084
29388,0.0147707835
29389,0.41972965
29390,0.018107273
29391,0.035591647
29392,0.12384178
29393,0.11584478
29394,0.058347546
29395,0.044824228
29396,0.3730381
29397,0.22171563
29398,0.022551082
29399,0.2249578
29400,0.115439706
29401,0.1142297
29402,1.0085204
29403,0.89816487
29404,0.6428962
29405,0.016958378
29406,0.21822403
29407,0.025802054
29408,0.008978941
29409,0.45988134
29410,0.10247805
29411,0.2576166
29412,0.043506578
29413,0.1084604
29414,0.024765365
29415,0.10976071
29416,0.12127267
29417,0.14855725
29418,0.18377261
29419,0.5100831
29420,0.46330428
29421,0.26545474
29422,0.14634588
29423,0.09206787
29424,0.062227137
29425,0.12512577
29426,0.059710737
29427,0.033760726
29428,0.024234146
29429,0.22171092
29430,0.12957864
29431,0.054634582
29432,0.12033853
29433,0.024249576
29434,0.99228084
29435,1.0400833
29436,0.96069264
29437,0.110473186
29438,0.05660029
29439,0.37647015
29440,0.43220308
29441,0.022985555
29442,0.011335731
29443,0.018381037
29444,0.06139638
29445,0.105392404
29446,0.058238205
29447,0.37669867
29448,0.9880398
29449,0.06365697
29450,0.1329369
29451,0.11214761
29452,0.155986
29453,0.07565779
29454,0.38382623
29455,0.26808855
29456,0.03272663
29457,0.09377374
29458,0.1061572
29459,0.11490218
29460,0.057824027
29461,0.37475392
29462,0.39436296
29463,0.23457655
29464,0.07731513
29465,0.029642649
29466,0.13044031
29467,0.0089921355
29468,0.07872176
29469,0.20190999
29470,0.036069844
29471,0.046260618
29472,0.019048564
29473,0.02293548
29474,0.048916057
29475,0.048926562
29476,0.39225575
29477,0.64050734
29478,0.28232485
29479,0.27857643
29480,0.115127414
29481,0.15499768
29482,0.14855886
29483,0.5153682
29484,0.07634016
29485,0.039344076
29486,0.0292086
29487,0.14479023
29488,0.16411008
29489,0.15743747
29490,0.4163464
29491,0.27320397
29492,0.14588612
29493,1.0360476
29494,0.12032203
29495,0.017579913
29496,0.13910203
29497,0.23965028
29498,0.017516285
29499,0.055862315
29500,0.45770627
29501,0.06643452
29502,0.04071329
29503,0.040138133
29504,0.043060534
29505,0.23797032
29506,0.39911357
29507,0.26956156
29508,0.49442947
29509,0.28730518
29510,0.15650943
29511,0.13935749
29512,0.354573
29513,0.017049097
29514,0.16441542
29515,0.081998736
29516,0.0549477
29517,0.4503317
29518,0.24932185
29519,0.05853473
29520,0.5679676
29521,0.36572164
29522,0.08761195
29523,0.23858753
29524,0.088856086
29525,0.044055983
29526,0.014990836
29527,0.010618828
29528,0.031071506
29529,0.06449866
29530,0.10675754
29531,0.114473656
29532,0.12641042
29533,0.40131006
29534,0.7151155
29535,0.4074667
29536,0.39358893
29537,0.55600506
29538,0.12075049
29539,0.06295206
29540,0.07290676
29541,0.15772554
29542,0.26354605
29543,0.06210701
29544,0.025492087
29545,0.071509965
29546,0.13786231
29547,0.022958718
29548,0.048738178
29549,0.12849082
29550,0.019532353
29551,0.033060323
29552,0.032350004
29553,0.092435665
29554,0.062963724
29555,0.08187492
29556,0.38808388
29557,0.25231755
29558,0.35490707
29559,0.6139939
29560,0.60561705
29561,0.27427152
29562,0.11623614
29563,0.046711527
29564,0.05410098
29565,0.104186475
29566,0.016510889
29567,0.007440947
29568,0.03159978
29569,1.0012069
29570,0.047723483
29571,0.01998207
29572,0.07288391
29573,0.05128561
29574,0.23735884
29575,0.056853313
29576,0.053281114
29577,0.013867691
29578,0.04388512
29579,0.0160572
29580,0.02884613
29581,0.10426269
29582,0.1166196
29583,0.61199814
29584,0.36605832
29585,0.26045436
29586,1.0652152
29587,0.3887123
29588,0.4438316
29589,0.15819207
29590,0.040869284
29591,0.03439658
29592,0.031109754
29593,0.06317924
29594,0.05687107
29595,0.03715405
29596,0.06162798
29597,0.43816635
29598,0.1095698
29599,0.367786
29600,0.032612786
29601,0.1130437
29602,0.12725884
29603,0.12313825
29604,0.17087375
29605,0.06341757
29606,0.028950743
29607,0.042016547
29608,0.14698605
29609,0.98000824
29610,0.4061431
29611,0.66309977
29612,0.39486012
29613,0.37578356
29614,0.22654238
29615,0.24044812
29616,0.07299773
29617,0.014149301
29618,0.023286581
29619,0.016441166
29620,0.024835728
29621,0.12012766
29622,0.13003907
29623,0.083460785
29624,0.40528855
29625,0.031813096
29626,0.07536253
29627,0.01262749
29628,0.38097075
29629,0.0474282
29630,0.11154273
29631,0.2557052
29632,0.0407773
29633,0.0058793053
29634,0.23628551
29635,0.24836874
29636,0.079097256
29637,0.13307671
29638,0.10008849
29639,0.080662966
29640,0.051764436
29641,0.1300144
29642,0.11730435
29643,0.009322636
29644,0.24675465
29645,0.013628498
29646,0.104932964
29647,0.03840626
29648,0.038330283
29649,0.13787006
29650,0.0356347
29651,0.054330047
29652,0.060420223
29653,0.16804801
29654,0.26120833
29655,0.6193701
29656,0.1253044
29657,0.0117885545
29658,0.033279266
29659,0.06556629
29660,0.069418564
29661,0.12907195
29662,0.011553697
29663,0.03614417
29664,0.015329294
29665,0.03157978
29666,0.021761812
29667,0.012434237
29668,0.028612927
29669,0.08647884
29670,0.11229324
29671,0.37793735
29672,0.015508056
29673,0.07130122
29674,0.08252579
29675,0.11160795
29676,0.41363728
29677,0.1364078
29678,0.013254926
29679,0.23408768
29680,0.010584213
29681,0.028985165
29682,0.016842343
29683,0.08495595
29684,0.24336186
29685,0.053830467
29686,0.01307036
29687,0.020837598
29688,0.008841544
29689,0.20721057
29690,0.015771352
29691,0.02873198
29692,0.13512841
29693,0.065767266
29694,0.042612165
29695,0.019777186
29696,0.025748506
29697,0.071453415
29698,0.38267806
29699,0.029492863
29700,0.012987129
29701,0.01686164
29702,0.028725728
29703,0.043927662
29704,0.06435725
29705,0.2552945
29706,0.068547376
29707,0.19144872
29708,0.09669972
29709,0.024934717
29710,0.019262671
29711,0.06107887
29712,0.059729654
29713,0.02577138
29714,0.3664563
29715,0.019898593
29716,0.16728598
29717,0.021280289
29718,0.11275394
29719,0.049273107
29720,0.012855075
29721,0.2767275
29722,0.61398387
29723,0.1493679
29724,0.08566617
29725,0.012846291
29726,0.09872832
29727,0.056670465
29728,0.05774343
29729,0.12591352
29730,0.092559084
29731,0.11257009
29732,0.984946
29733,0.07523869
29734,0.013199069
29735,0.07479003
29736,0.08756912
29737,0.033003688
29738,0.11923547
29739,0.4359543
29740,0.07652617
29741,0.24180323
29742,0.0278024
29743,0.018103324
29744,0.07842617
29745,0.02318722
29746,0.09397652
29747,0.027769245
29748,0.029255874
29749,0.061544567
29750,0.06103732
29751,0.026431888
29752,0.06548177
29753,0.12855804
29754,0.031106755
29755,0.05109044
29756,0.031870063
29757,0.090928964
29758,0.116604954
29759,0.024885304
29760,0.057388883
29761,0.9719069
29762,0.062829666
29763,0.122489244
29764,0.052857358
29765,0.038060788
29766,0.0447597
29767,0.040691387
29768,0.01632341
29769,0.017999575
29770,0.44171196
29771,0.026377901
29772,0.0048175305
29773,0.004428841
29774,0.010469288
29775,0.008475363
29776,0.01910954
29777,0.056699816
29778,0.13534857
29779,0.023202509
29780,0.011035778
29781,0.10508026
29782,0.0351617
29783,0.017899983
29784,0.049971286
29785,0.37368736
29786,0.01600273
29787,0.020729817
29788,0.0049481913
29789,0.042118818
29790,0.009665579
29791,0.024539486
29792,0.15695313
29793,0.06798071
29794,0.013484292
29795,0.016753368
29796,0.07761379
29797,0.24394724
29798,0.11852843
29799,0.07916204
29800,0.066912696
29801,0.029591449
29802,0.05725492
29803,0.01829414
29804,0.0771641
29805,0.27299774
29806,0.37104315
29807,0.008187287
29808,0.02225884
29809,0.015691161
29810,0.012762405
29811,0.018479466
29812,0.011969745
29813,0.02000627
29814,0.018204771
29815,0.014865793
29816,0.026259616
29817,0.073585644
29818,0.05573358
29819,0.12217037
29820,0.006953448
29821,0.14222214
29822,0.00957457
29823,0.2915148
29824,0.008663669
29825,0.021898419
29826,0.025337622
29827,0.01037702
29828,0.019542456
29829,0.017319381
29830,0.03489564
29831,0.015594482
29832,0.0064790472
29833,0.00857383
29834,0.00940007
29835,0.07749092
29836,0.0056584924
29837,0.03210063
29838,0.04895372
29839,0.016348287
29840,0.056101587
29841,0.016613498
29842,0.0129543245
29843,0.009238265
29844,0.112870134
29845,0.024845123
29846,0.04124436
29847,0.0056100264
29848,0.013928242
29849,0.03273846
29850,0.018607348
29851,0.115137145
29852,0.015970081
29853,0.004680611
29854,0.4246662
29855,0.05898916
29856,0.076410554
29857,0.0864653
29858,0.06715729
29859,0.023649633
29860,0.012539491
29861,0.10163901
29862,0.09152852
29863,0.15031424
29864,0.017579444
29865,0.04179605
29866,0.029246986
29867,0.025219984
29868,0.025545329
29869,0.029166058
29870,0.010229237
29871,0.087360255
29872,0.08213182
29873,0.28575715
29874,0.01967553
29875,0.028657518
29876,0.0070568025
29877,0.019931376
29878,0.04005091
29879,0.026665412
29880,0.025815114
29881,0.01910016
29882,0.03341369
29883,0.011704758
29884,0.012184724
29885,0.033423666
29886,0.2800145
29887,0.2724019
29888,0.019037336
29889,0.123522095
29890,0.023631312
29891,0.009163156
29892,0.03866708
29893,0.027075164
29894,0.03949185
29895,0.03551582
29896,0.02188006
29897,0.042541027
29898,0.049973823
29899,0.026622787
29900,0.102462865
29901,0.0398763
29902,0.13927314
29903,0.045352895
29904,0.04984529
29905,0.26567703
29906,0.39678892
29907,0.03945802
29908,0.26270908
29909,0.047424987
29910,0.27665815
29911,0.06065132
29912,0.24953672
29913,0.059358157
29914,0.027690656
29915,0.10084176
29916,0.012891568
29917,0.005221933
29918,0.012753509
29919,0.22883704
29920,0.03932726
29921,0.65905327
29922,0.23888326
29923,0.053101446
29924,0.25560686
29925,0.0105520785
29926,0.041536927
29927,0.036582973
29928,0.08803436
29929,0.2685844
29930,0.50388277
29931,0.48795834
29932,0.04565235
29933,0.0830832
29934,0.14432794
29935,0.14765319
29936,0.007392198
29937,0.0063053444
29938,0.057168644
29939,0.046779968
29940,0.06281914
29941,0.09400459
29942,0.038206324
29943,0.4158383
29944,0.22465417
29945,0.37083724
29946,0.5524509
29947,0.12503433
29948,0.5045099
29949,0.07288301
29950,0.1464294
29951,0.06645645
29952,0.06719396
29953,0.032634843
29954,0.07268353
29955,0.08644719
29956,0.115721956
29957,0.1122197
29958,0.027311757
29959,0.05365841
29960,0.07742701
29961,0.27049717
29962,0.055690307
29963,0.06505824
29964,0.07430859
29965,0.08443843
29966,0.04108431
29967,0.053314798
29968,0.0306895
29969,0.25118956
29970,0.04954806
29971,0.20003527
29972,0.05235663
29973,0.04271233
29974,0.0051240847
29975,0.48729098
29976,0.11472982
29977,0.015541032
29978,0.072181605
29979,0.18827578
29980,0.27998045
29981,0.09957308
29982,0.06986702
29983,0.01365485
29984,0.01685986
29985,0.04164352
29986,0.011454515
29987,0.11634925
29988,0.0749082
29989,0.08834345
29990,0.08848378
29991,0.25547168
29992,0.26909435
29993,0.01785285
29994,0.34404013
29995,0.0526959
29996,0.03025163
29997,0.2722787
29998,0.020406306
29999,0.04341116
30000,0.014028683
30001,0.21935576
30002,0.05572572
30003,0.035207562
30004,0.25938797
30005,0.51375735
30006,0.10618447
30007,0.020233527
30008,0.02343724
30009,0.05541726
30010,0.07816764
30011,0.009706989
30012,0.032524932
30013,0.13218366
30014,0.16287619
30015,0.09881645
30016,0.09853371
30017,0.06494953
30018,0.0039495826
30019,0.013808817
30020,0.037211396
30021,0.034423277
30022,0.027302414
30023,0.035373494
30024,0.11504689
30025,0.065614976
30026,0.23921046
30027,0.017762229
30028,0.043628857
30029,0.029543526
30030,0.020773284
30031,0.016961984
30032,0.025702618
30033,0.045865797
30034,0.024679668
30035,0.06516866
30036,0.5157732
30037,0.37494475
30038,0.04457124
30039,0.039741974
30040,0.09779939
30041,0.06523308
30042,0.01660297
30043,0.07091166
30044,0.016134948
30045,0.015124075
30046,0.031215016
30047,0.24260974
30048,0.023933902
30049,0.027671412
30050,0.031098604
30051,0.20936795
30052,0.077615365
30053,0.2392236
30054,0.23844317
30055,0.35146615
30056,0.07105974
30057,0.05128672
30058,0.02257897
30059,0.0601868
30060,0.04368314
30061,0.24565607
30062,0.054555826
30063,0.609617
30064,0.12328018
30065,0.021514885
30066,0.11908834
30067,0.06288613
30068,0.048916884
30069,0.016568437
30070,0.017498948
30071,0.053629857
30072,0.029541314
30073,0.021920584
30074,0.02096939
30075,0.07978485
30076,0.046173543
30077,0.095836155
30078,0.071909234
30079,0.11885953
30080,0.41255715
30081,0.393601
30082,0.07963706
30083,0.024602443
30084,0.08742941
30085,0.018809013
30086,0.042275917
30087,0.023588926
30088,0.09630608
30089,0.071513094
30090,0.11951274
30091,0.063207164
30092,0.09995951
30093,0.042188223
30094,0.0676702
30095,0.03142209
30096,0.019226946
30097,0.14100073
30098,0.012692697
30099,0.07248213
30100,0.028847605
30101,0.011668488
30102,0.022481307
30103,0.041342724
30104,0.068046845
30105,0.07894156
30106,0.2270439
30107,0.120078236
30108,0.39404052
30109,0.23485145
30110,0.2493513
30111,0.013649389
30112,0.10786983
30113,0.050936177
30114,0.046260625
30115,0.10006753
30116,0.02088064
30117,0.04894972
30118,0.058366664
30119,0.048382603
30120,0.088455364
30121,0.03161283
30122,0.061461944
30123,0.01776246
30124,0.09619281
30125,0.016955875
30126,0.044150826
30127,0.1324397
30128,0.06602177
30129,0.22227308
30130,0.5742544
30131,0.12736163
30132,0.115926296
30133,0.06450555
30134,0.08769683
30135,0.07473266
30136,0.09555864
30137,0.052936625
30138,0.0102267265
30139,0.018382773
30140,0.27948347
30141,0.07494005
30142,0.0872943
30143,0.049825232
30144,0.0656685
30145,0.014475487
30146,0.020794973
30147,0.02138327
30148,0.046000015
30149,0.31388357
30150,0.067753404
30151,0.049562346
30152,0.12175727
30153,0.7144086
30154,0.09905474
30155,0.017756931
30156,0.2230492
30157,0.06561356
30158,0.24925599
30159,0.28142512
30160,0.07512891
30161,0.059787933
30162,0.08606075
30163,0.11291539
30164,0.1598522
30165,0.043495193
30166,0.14636943
30167,0.087424405
30168,0.084814996
30169,0.015044883
30170,0.011797242
30171,0.018109418
30172,0.024316728
30173,0.06385752
30174,0.078124024
30175,0.015373252
30176,0.12329896
30177,0.1445078
30178,0.2474744
30179,0.0965696
30180,0.034936912
30181,0.11246295
30182,0.18276963
30183,0.39057657
30184,0.05797472
30185,0.049426824
30186,0.019317701
30187,0.074653365
30188,0.48864084
30189,0.055165913
30190,0.11358935
30191,0.38431862
30192,0.23970753
30193,0.022785544
30194,0.009670183
30195,0.01526393
30196,0.0431458
30197,0.062490292
30198,0.41522187
30199,0.37680838
30200,0.014276698
30201,0.11069651
30202,0.11204946
30203,0.14172299
30204,0.15736982
30205,0.13589785
30206,0.19252682
30207,0.3735587
30208,0.08807442
30209,0.017271392
30210,0.049776487
30211,0.09962769
30212,0.050235793
30213,0.2824461
30214,0.9763132
30215,0.0689468
30216,0.3798836
30217,0.014050782
30218,0.04897346
30219,0.37037307
30220,-0.005446017
30221,0.052139934
30222,0.086117536
30223,0.018502958
30224,0.06228157
30225,0.007153757
30226,0.46369666
30227,0.18011816
30228,0.08605742
30229,0.3703026
30230,0.14994892
30231,0.24282688
30232,0.3854571
30233,0.41494402
30234,0.16615674
30235,0.11980019
30236,0.12263323
30237,1.0088995
30238,0.40489182
30239,0.43404627
30240,0.02274999
30241,0.11305113
30242,0.05959678
30243,0.007537149
30244,0.061132796
30245,0.0070554167
30246,0.008856803
30247,0.008858882
30248,0.037781283
30249,0.06923652
30250,0.10895746
30251,0.110213496
30252,0.12275666
30253,0.09353065
30254,0.23220798
30255,0.2334969
30256,0.027182885
30257,0.107247286
30258,0.39963874
30259,0.06486494
30260,0.97251344
30261,0.9571323
30262,0.6085896
30263,0.0051180273
30264,0.022563837
30265,0.01703363
30266,0.10091289
30267,0.44411916
30268,0.08958756
30269,0.0160793
30270,0.05903627
30271,0.010373905
30272,0.05469805
30273,0.07412775
30274,0.06433708
30275,0.0148099065
30276,0.41427976
30277,0.018311895
30278,0.035233274
30279,0.12812833
30280,0.13054705
30281,0.05760994
30282,0.048375223
30283,0.23400009
30284,0.22224894
30285,0.022647925
30286,0.2333346
30287,0.10271321
30288,0.11508779
30289,0.99319875
30290,0.9348679
30291,0.6305406
30292,0.21547061
30293,0.02628833
30294,0.008458562
30295,0.45577872
30296,0.10071168
30297,0.19386181
30298,0.042767633
30299,0.10984965
30300,0.022852063
30301,0.09419852
30302,0.12171208
30303,0.14679348
30304,0.18198818
30305,0.5274316
30306,0.46302864
30307,0.2527218
30308,0.15292762
30309,0.08424513
30310,0.06764653
30311,0.11519826
30312,0.058392532
30313,0.033528283
30314,0.12044339
30315,0.13668296
30316,0.047501393
30317,0.114697546
30318,0.02423457
30319,0.97937214
30320,1.0197304
30321,0.98619974
30322,0.106035955
30323,0.058801267
30324,0.38012218
30325,0.0151320025
30326,0.42511016
30327,0.021743923
30328,0.017702468
30329,0.017724201
30330,0.05888793
30331,0.10871758
30332,0.062262412
30333,0.36948308
30334,1.0143325
30335,0.06717151
30336,0.13059945
30337,0.09565844
30338,0.15723607
30339,0.066782504
30340,0.38896695
30341,0.26800728
30342,0.033850327
30343,0.09023465
30344,0.109306686
30345,0.12023758
30346,0.05709835
30347,0.028880216
30348,0.27042472
30349,0.3781429
30350,0.24177724
30351,0.090879135
30352,0.02879963
30353,0.13704161
30354,0.01066196
30355,0.07494523
30356,0.18741612
30357,0.031196766
30358,0.03918954
30359,0.04732637
30360,0.041924607
30361,0.04631973
30362,0.36248857
30363,0.6762348
30364,0.28262392
30365,0.14927663
30366,0.11503552
30367,0.16353422
30368,0.16015033
30369,0.50231445
30370,0.079027504
30371,0.02792862
30372,0.03937739
30373,0.03141407
30374,0.13870129
30375,0.1655343
30376,0.2620709
30377,0.43339375
30378,0.26733539
30379,0.23788697
30380,1.0347289
30381,0.12521093
30382,0.01775214
30383,0.15737736
30384,0.23787093
30385,0.019459866
30386,0.052566893
30387,0.4472216
30388,0.0712363
30389,0.038671903
30390,0.042585272
30391,0.050525334
30392,0.2365117
30393,0.40112737
30394,0.27090028
30395,0.52070636
30396,0.2858929
30397,0.15579969
30398,0.14175664
30399,0.36306715
30400,0.01967103
30401,0.18071312
30402,0.08031476
30403,0.054421347
30404,0.46623713
30405,0.24217212
30406,0.06045094
30407,0.5424482
30408,0.28023824
30409,0.0069298074
30410,0.09251074
30411,0.14014249
30412,0.09184717
30413,0.044739835
30414,0.011683114
30415,0.009678468
30416,0.030809328
30417,0.05797
30418,0.105698556
30419,0.10234304
30420,0.123590566
30421,0.4027824
30422,0.7007128
30423,0.41960138
30424,0.2939976
30425,0.52521646
30426,0.11257136
30427,0.064871535
30428,0.06479257
30429,0.1467834
30430,0.3754896
30431,0.06866279
30432,0.024411716
30433,0.069650255
30434,0.13803911
30435,0.020239942
30436,0.043862898
30437,0.11727227
30438,0.020585679
30439,0.03173332
30440,0.021452606
30441,0.020585224
30442,0.03356656
30443,0.09413256
30444,0.06445895
30445,0.09335253
30446,0.40039527
30447,0.24834853
30448,0.37279525
30449,0.6967193
30450,0.58006716
30451,0.40569293
30452,0.23854545
30453,0.044559628
30454,0.019094035
30455,0.053877965
30456,0.11779595
30457,0.015723288
30458,0.031294845
30459,0.98525345
30460,0.048275653
30461,0.018286563
30462,0.22110325
30463,0.05639927
30464,0.23050699
30465,0.06081693
30466,0.05340194
30467,0.014336713
30468,0.038796835
30469,0.030517757
30470,0.0992499
30471,0.1219647
30472,0.6151103
30473,0.3591865
30474,0.24229091
30475,1.0444591
30476,0.3848743
30477,0.44891965
30478,0.16070408
30479,0.037288144
30480,0.029308975
30481,0.03279988
30482,0.05647425
30483,0.067855336
30484,0.038668126
30485,0.06583496
30486,0.4297057
30487,0.10526058
30488,0.36507118
30489,0.033407338
30490,0.107567094
30491,0.12534395
30492,0.1374569
30493,0.17661747
30494,0.06823469
30495,0.03154394
30496,0.046526648
30497,0.14621165
30498,0.98769075
30499,0.41050544
30500,0.6567998
30501,0.394379
30502,0.3957088
30503,0.17389256
30504,0.2515019
30505,0.072005115
30506,0.023667231
30507,0.012770213
30508,0.017823651
30509,0.05651121
30510,0.023420893
30511,0.124123335
30512,0.13331603
30513,0.0888477
30514,0.28825253
30515,0.030085735
30516,0.07267925
30517,0.2701196
30518,0.04988589
30519,0.11573961
30520,0.41010755
30521,0.042966213
30522,0.23575306
30523,0.24186707
30524,0.08003535
30525,0.1266626
30526,0.10768111
30527,0.08468974
30528,0.055636376
30529,0.13324499
30530,0.11189027
30531,0.035294537
30532,0.009506859
30533,0.25227073
30534,0.103761666
30535,0.039254956
30536,0.033087995
30537,0.13442752
30538,0.033712413
30539,0.051908564
30540,0.063186705
30541,0.18523137
30542,0.3597948
30543,0.6033696
30544,0.11889572
30545,0.01372584
30546,0.021429665
30547,0.06202914
30548,0.07329091
30549,0.13391382
30550,0.03135283
30551,0.01521562
30552,0.034404974
30553,0.019393027
30554,0.01424934
30555,0.033803783
30556,0.0835651
30557,0.103247955
30558,0.40331823
30559,0.015118636
30560,0.020671926
30561,0.07083511
30562,0.08237232
30563,0.12806681
30564,0.42132053
30565,0.13947675
30566,0.012755662
30567,0.23335278
30568,0.032727033
30569,0.018197551
30570,0.07301626
30571,0.14603773
30572,0.05594318
30573,0.018925965
30574,0.0089350045
30575,0.27179506
30576,0.040303353
30577,0.015502371
30578,0.015543267
30579,0.029824272
30580,0.12733518
30581,0.0688532
30582,0.048105042
30583,0.017166086
30584,0.027018487
30585,0.071538106
30586,0.2891129
30587,0.033206224
30588,0.018180557
30589,0.02832482
30590,0.04294573
30591,0.059688166
30592,0.24126464
30593,0.073452115
30594,0.24644995
30595,0.09709807
30596,0.025359139
30597,0.017353646
30598,0.05398178
30599,0.06034584
30600,0.03124639
30601,0.36773685
30602,0.017997079
30603,0.27796048
30604,0.021603271
30605,0.106159024
30606,0.05693424
30607,0.010905065
30608,0.28411546
30609,0.6384918
30610,0.2659759
30611,0.10006685
30612,0.091184825
30613,0.05840729
30614,0.055100635
30615,0.111177266
30616,0.093470335
30617,0.10877839
30618,1.002668
30619,0.019375376
30620,0.080799356
30621,0.011703417
30622,0.08221377
30623,0.08442892
30624,0.020979263
30625,0.03082095
30626,0.124850154
30627,0.48108768
30628,0.067627795
30629,0.24142238
30630,0.028926298
30631,0.09317989
30632,0.021009088
30633,0.09015977
30634,0.028440423
30635,0.027597837
30636,0.0602173
30637,0.057361882
30638,0.024386503
30639,0.019426793
30640,0.0732911
30641,0.014622107
30642,0.14553484
30643,0.0452234
30644,0.033105202
30645,0.08272335
30646,0.11597541
30647,0.019439071
30648,0.025407523
30649,0.05666446
30650,0.999242
30651,0.053173363
30652,0.13074437
30653,0.05265919
30654,0.03918939
30655,0.043657485
30656,0.049739692
30657,0.015615337
30658,0.017854795
30659,0.28183907
30660,0.028633364
30661,0.005446337
30662,0.0071734637
30663,0.008495532
30664,0.007005021
30665,0.01970414
30666,0.055312455
30667,0.1345343
30668,0.22931653
30669,0.038393445
30670,0.048036333
30671,0.3664143
30672,0.01453355
30673,0.01819206
30674,0.009889856
30675,0.019865014
30676,0.012759127
30677,0.038567044
30678,0.007530339
30679,0.02840712
30680,0.2778206
30681,0.0777182
30682,0.014637575
30683,0.017117955
30684,0.009717822
30685,0.070340626
30686,0.23566198
30687,0.13855273
30688,0.08630404
30689,0.08642012
30690,0.029332489
30691,0.059232924
30692,0.019442037
30693,0.08286844
30694,0.27266327
30695,0.16492933
30696,0.010734707
30697,0.013559841
30698,0.015938215
30699,0.02420257
30700,0.007841922
30701,0.017835751
30702,0.014826678
30703,0.009670429
30704,0.025761642
30705,0.06925461
30706,0.05987164
30707,0.10485949
30708,0.13646923
30709,0.010215931
30710,0.2952055
30711,0.010057792
30712,0.022947788
30713,0.009645477
30714,0.025092289
30715,0.010540582
30716,0.010477908
30717,0.0151944235
30718,0.018633664
30719,0.016967088
30720,0.03258543
30721,0.016348034
30722,0.008720905
30723,0.07501107
30724,0.051627144
30725,0.016742587
30726,0.056867402
30727,0.018068686
30728,0.007500142
30729,0.015941411
30730,0.008850858
30731,0.11447575
30732,0.024606042
30733,0.03933347
30734,0.0054119453
30735,0.03690668
30736,0.015963115
30737,0.10275513
30738,0.015717052
30739,0.0037263632
30740,0.41401166
30741,0.07068774
30742,0.06936939
30743,0.08215269
30744,0.063901775
30745,0.022427075
30746,0.010915123
30747,0.099256955
30748,0.017755993
30749,0.13719705
30750,0.14405367
30751,0.01805415
30752,0.038939644
30753,0.038614847
30754,0.026500657
30755,0.022197545
30756,0.010156311
30757,0.033132195
30758,0.011640318
30759,0.089804634
30760,0.06955798
30761,0.030422173
30762,0.0073261335
30763,0.17706056
30764,0.019913442
30765,0.025529139
30766,0.027723081
30767,0.005225785
30768,0.017476685
30769,0.046363536
30770,0.022073135
30771,0.028628007
30772,0.037764184
30773,0.011492252
30774,0.032654513
30775,0.40804258
30776,0.2522109
30777,0.010866575
30778,0.014908947
30779,0.122767076
30780,0.013015635
30781,0.020356126
30782,0.04007694
30783,0.026943043
30784,0.032257695
30785,0.017810836
30786,0.029949062
30787,0.013410293
30788,0.02404622
30789,0.055299297
30790,0.033070717
30791,0.026465878
30792,0.08171794
30793,0.037194297
30794,0.39766285
30795,0.051871218
30796,0.042051017
30797,0.40444583
30798,0.38408768
30799,0.026808172
30800,0.26677805
30801,0.036878265
30802,0.36271262
30803,0.059967984
30804,0.13986695
30805,0.056295812
30806,0.018603906
30807,0.22285253
30808,0.0075866953
30809,0.02177722
30810,0.01510004
30811,0.35388035
30812,0.038406014
30813,0.66449165
30814,0.26061675
30815,0.03335183
30816,0.26167735
30817,0.010003544
30818,0.029856466
30819,0.015561514
30820,0.041018847
30821,0.015573062
30822,0.033502065
30823,0.088137284
30824,0.4007848
30825,0.44323575
30826,0.4759988
30827,0.045468867
30828,0.062232967
30829,0.10734996
30830,0.38954505
30831,0.0656691
30832,0.05008498
30833,0.07028699
30834,0.2232815
30835,0.03567932
30836,0.4137066
30837,0.22481754
30838,0.2788218
30839,0.5259787
30840,0.11027175
30841,0.021684349
30842,0.51450515
30843,0.0743354
30844,0.13906491
30845,0.0649184
30846,0.06349555
30847,0.03291809
30848,0.08346771
30849,0.08709212
30850,0.11535407
30851,0.24468356
30852,0.028536305
30853,0.05194019
30854,0.067238115
30855,0.27940807
30856,0.05003072
30857,0.056019906
30858,0.07675756
30859,0.086253375
30860,0.04649027
30861,0.0318119
30862,0.066826
30863,0.14844742
30864,0.06612881
30865,0.3616799
30866,0.05712292
30867,0.04292431
30868,0.02481813
30869,0.011951402
30870,0.017000303
30871,0.49256897
30872,0.113110654
30873,0.07393948
30874,0.44139957
30875,0.2800234
30876,0.012688011
30877,0.10284548
30878,0.06049883
30879,0.017645977
30880,0.011746682
30881,0.07094933
30882,0.07766801
30883,0.096310504
30884,0.25513563
30885,0.43574056
30886,0.19024596
30887,0.057082783
30888,0.03143844
30889,0.39000422
30890,0.022195928
30891,0.04701774
30892,0.011946619
30893,0.065981016
30894,0.04524229
30895,0.036587372
30896,0.2620554
30897,0.5117541
30898,0.10898814
30899,0.018553928
30900,0.023833692
30901,0.052586764
30902,0.07739001
30903,0.028919987
30904,0.014061168
30905,0.13373101
30906,0.17232567
30907,0.10303163
30908,0.09318445
30909,0.06992766
30910,0.014874794
30911,0.044795863
30912,0.031639233
30913,0.03132079
30914,0.037013244
30915,0.11193582
30916,0.067310795
30917,0.23702654
30918,0.016651608
30919,0.042047225
30920,0.03183754
30921,0.020160235
30922,0.015646026
30923,0.025053672
30924,0.040301368
30925,0.05562734
30926,0.5009948
30927,0.26801395
30928,0.047012143
30929,0.038351405
30930,0.09816171
30931,0.06758871
30932,0.016970553
30933,0.062353764
30934,0.03420285
30935,0.2449551
30936,0.026413172
30937,0.025267884
30938,0.031693317
30939,0.07614097
30940,0.08212158
30941,0.3920737
30942,0.38604346
30943,0.36471736
30944,0.06853156
30945,0.047022857
30946,0.020943463
30947,0.061033856
30948,0.044946063
30949,0.23903024
30950,0.053829197
30951,0.58319247
30952,0.13028254
30953,0.01882223
30954,0.120726556
30955,0.056088623
30956,0.051082127
30957,0.028588802
30958,0.009425081
30959,0.053334706
30960,0.01027403
30961,0.018192515
30962,0.019738927
30963,0.021997005
30964,0.07787808
30965,0.048620015
30966,0.09522439
30967,0.07101574
30968,0.1116276
30969,0.3891675
30970,0.3797132
30971,0.07396186
30972,0.026743151
30973,0.091884986
30974,0.018816449
30975,0.043702926
30976,0.006733857
30977,0.09427709
30978,0.07104143
30979,0.1354889
30980,0.059757907
30981,0.10871167
30982,0.044468876
30983,0.062045187
30984,0.035148326
30985,0.021104015
30986,0.01927296
30987,0.14345998
30988,0.0713634
30989,0.029346257
30990,0.024031498
30991,0.04045531
30992,0.06602478
30993,0.08429756
30994,0.12427245
30995,0.12277548
30996,0.25272113
30997,0.24627417
30998,0.25441092
30999,0.013680443
31000,0.10691239
31001,0.012560502
31002,0.057427693
31003,0.010592669
31004,0.04127896
31005,0.10437497
31006,0.028186835
31007,0.047954347
31008,0.05855131
31009,0.01958374
31010,0.047700632
31011,0.084345736
31012,0.032284986
31013,0.060703896
31014,0.02025418
31015,0.027867638
31016,0.09220278
31017,0.016202845
31018,0.047266494
31019,0.1315534
31020,0.06665398
31021,0.22788632
31022,0.5914028
31023,0.13112491
31024,0.11540793
31025,0.06888762
31026,0.07850527
31027,0.08040652
31028,0.085702136
31029,0.05365686
31030,0.27582672
31031,0.07503027
31032,0.07884721
31033,0.051206775
31034,0.07250447
31035,0.017372072
31036,0.02306109
31037,0.017827302
31038,0.02048637
31039,0.043894023
31040,0.31009212
31041,0.073457584
31042,0.049017746
31043,0.1377205
31044,0.72939396
31045,0.10270992
31046,0.01727847
31047,0.22187161
31048,0.067489505
31049,0.2506475
31050,0.28460738
31051,0.07374334
31052,0.02232398
31053,0.05855293
31054,0.0979505
31055,0.11078703
31056,0.22649956
31057,0.04560808
31058,0.23034081
31059,0.08483812
31060,0.007261403
31061,0.08251277
31062,0.011763535
31063,0.018314198
31064,0.02590248
31065,0.07088785
31066,0.082114965
31067,0.01633057
31068,0.12231663
31069,0.15596345
31070,0.25655615
31071,0.092694186
31072,0.03533144
31073,0.11472114
31074,0.18567023
31075,0.3742693
31076,0.059314936
31077,0.05292976
31078,0.018746234
31079,0.07340844
31080,0.47570696
31081,0.056368828
31082,0.12449433
31083,0.38931054
31084,0.24375463
31085,0.020827837
31086,0.010734655
31087,0.04431914
31088,0.064230256
31089,0.20267208
31090,0.39252004
31091,0.012819894
31092,0.120172195
31093,0.11174847
31094,0.2678755
31095,0.14077403
31096,0.13847065
31097,0.1930969
31098,0.35429674
31099,0.08120174
31100,0.017929308
31101,0.052563563
31102,0.09812136
31103,0.051672924
31104,0.2107958
31105,0.9550819
31106,0.06703932
31107,0.39994702
31108,0.014507763
31109,0.050303623
31110,0.25539663
31111,0.015005328
31112,0.05534181
31113,0.089759625
31114,0.018552996
31115,0.056219466
31116,0.48461887
31117,0.17797256
31118,0.08451582
31119,0.2639853
31120,0.15559235
31121,0.2538766
31122,0.38463593
31123,0.40102118
31124,0.25020638
31125,0.12177208
31126,0.13139321
31127,0.9962817
31128,0.41776735
31129,0.4310745
31130,0.02173514
31131,0.12503383
31132,0.083579764
31133,0.025279917
31134,0.021182843
31135,0.01025185
31136,0.0606
31137,0.009047829
31138,0.009740114
31139,0.014383078
31140,0.040484987
31141,0.06808685
31142,0.11050081
31143,0.11049169
31144,0.122385874
31145,0.09988898
31146,0.22628164
31147,0.2364119
31148,0.030561537
31149,0.10813081
31150,0.39428473
31151,0.018189184
31152,0.06465453
31153,1.0072402
31154,0.9786263
31155,0.6197072
31156,0.0057162493
31157,0.022301562
31158,0.101657726
31159,0.44956297
31160,0.0945778
31161,0.061512563
31162,0.035972483
31163,0.010127932
31164,0.05718798
31165,0.075960115
31166,0.06593582
31167,0.016339086
31168,0.4089909
31169,0.018842816
31170,0.034165677
31171,0.12726746
31172,0.108494125
31173,0.05946464
31174,0.052200373
31175,0.38416258
31176,0.22353774
31177,0.023916453
31178,0.22891107
31179,0.13146618
31180,0.11653836
31181,0.9761737
31182,0.89753705
31183,0.6147205
31184,0.015235022
31185,0.22424799
31186,0.0258841
31187,0.0075777397
31188,0.45524803
31189,0.100479215
31190,0.20168859
31191,0.04503378
31192,0.10354645
31193,0.0225401
31194,0.09879211
31195,0.118770465
31196,0.15461342
31197,0.1768536
31198,0.5258483
31199,0.46316305
31200,0.24306977
31201,0.14281932
31202,0.09162659
31203,0.06431719
31204,0.12103651
31205,0.06131377
31206,0.033140793
31207,0.023506396
31208,0.13290897
31209,0.13843393
31210,0.07062988
31211,0.104892746
31212,0.024319671
31213,0.9703548
31214,1.0068991
31215,0.98507726
31216,0.10902835
31217,0.056288395
31218,0.13360375
31219,0.42090958
31220,0.024926938
31221,0.010101341
31222,0.019537948
31223,0.017553143
31224,0.057492077
31225,0.10558464
31226,0.062138714
31227,0.3731428
31228,0.9949366
31229,0.07275504
31230,0.13219857
31231,0.114571266
31232,0.15076144
31233,0.06611628
31234,0.3973587
31235,0.27225742
31236,0.035314545
31237,0.09804707
31238,0.10336679
31239,0.121618494
31240,0.050862968
31241,0.026188076
31242,0.36892018
31243,0.39353198
31244,0.23773327
31245,0.074947335
31246,0.030008443
31247,0.12022637
31248,0.0102760345
31249,0.07657897
31250,0.19911799
31251,0.033852186
31252,0.044244274
31253,0.05236219
31254,0.019057743
31255,0.023357235
31256,0.04296791
31257,0.045680005
31258,0.3793787
31259,0.67586434
31260,0.2742796
31261,0.16681013
31262,0.114463165
31263,0.15778905
31264,0.14737631
31265,0.53523093
31266,0.07940806
31267,0.040522397
31268,0.030734204
31269,0.1323897
31270,0.16931963
31271,0.15549058
31272,0.43607932
31273,0.26770034
31274,0.14511774
31275,1.0155001
31276,0.12083683
31277,0.016944766
31278,0.14606725
31279,0.25142676
31280,0.018570043
31281,0.051547635
31282,0.4873447
31283,0.06757461
31284,0.03800988
31285,0.046176046
31286,0.047756404
31287,0.14451322
31288,0.40825057
31289,0.27361217
31290,0.51850945
31291,0.2850893
31292,0.15985027
31293,0.14153829
31294,0.24105275
31295,0.022391856
31296,0.18263575
31297,0.08246249
31298,0.051613614
31299,0.48644555
31300,0.36191645
31301,0.056735247
31302,0.52590257
31303,0.38194734
31304,0.08823399
31305,0.13634443
31306,0.08824578
31307,0.041495513
31308,0.0124250725
31309,0.010558344
31310,0.009484962
31311,0.029913597
31312,0.06044446
31313,0.10977111
31314,0.109787
31315,0.1330647
31316,0.41251352
31317,0.75556976
31318,0.42391446
31319,0.27969033
31320,0.5641936
31321,0.11960736
31322,0.061528083
31323,0.06475158
31324,0.16133977
31325,0.3707409
31326,0.06457049
31327,0.023486465
31328,0.058876302
31329,0.13979435
31330,0.02070187
31331,0.046619624
31332,0.11861311
31333,0.019368947
31334,0.015306652
31335,0.03587212
31336,0.02094847
31337,0.021178886
31338,0.031372458
31339,0.08483541
31340,0.06506845
31341,0.084798306
31342,0.37226924
31343,0.25120106
31344,0.32289383
31345,0.65592986
31346,0.56970555
31347,0.22409442
31348,0.22532094
31349,0.0484871
31350,0.019323006
31351,0.053777337
31352,0.103127286
31353,0.017309219
31354,1.0103163
31355,0.05355532
31356,0.01746083
31357,0.07250145
31358,0.05287543
31359,0.22538224
31360,0.053903982
31361,0.0416847
31362,0.03143279
31363,0.09695247
31364,0.11710304
31365,0.5595005
31366,0.37725824
31367,0.2596877
31368,1.0599014
31369,0.3861776
31370,0.47549573
31371,0.15420377
31372,0.030128941
31373,0.029416382
31374,0.061429355
31375,0.05471368
31376,0.019620158
31377,0.05443247
31378,0.43735766
31379,0.10805075
31380,0.37041074
31381,0.030175619
31382,0.10840035
31383,0.12832417
31384,0.13565665
31385,0.24185789
31386,0.06304484
31387,0.030123636
31388,0.009869844
31389,0.04771394
31390,0.14934383
31391,0.96948737
31392,0.42698893
31393,0.6691946
31394,0.39126402
31395,0.36996755
31396,0.17713612
31397,0.24308544
31398,0.07115446
31399,0.024662934
31400,0.010234043
31401,0.017857708
31402,0.053612653
31403,0.022712402
31404,0.123842314
31405,0.1342525
31406,0.06964311
31407,0.38709548
31408,0.02614326
31409,0.08365933
31410,0.37488756
31411,0.049122956
31412,0.12416371
31413,0.25610843
31414,0.044117175
31415,0.0064336136
31416,0.22872421
31417,0.24774626
31418,0.080070145
31419,0.12772582
31420,0.10152465
31421,0.08074516
31422,0.05458922
31423,0.13125265
31424,0.11954793
31425,0.010630935
31426,0.23916262
31427,0.01604671
31428,0.11489719
31429,0.038418237
31430,0.039013233
31431,0.12557425
31432,0.035002165
31433,0.06409584
31434,0.06200206
31435,0.1679422
31436,0.36397424
31437,0.6295463
31438,0.11172495
31439,0.010647267
31440,0.016185433
31441,0.06614114
31442,0.07443898
31443,0.1335713
31444,0.011230938
31445,0.037182078
31446,0.013926193
31447,0.03512023
31448,0.020204425
31449,0.012510106
31450,0.031985182
31451,0.08319727
31452,0.09994908
31453,0.37525806
31454,0.014278553
31455,0.020689428
31456,0.07028259
31457,0.084230766
31458,0.11031217
31459,0.41553748
31460,0.15120132
31461,0.014125414
31462,0.1447638
31463,0.028613396
31464,0.017095044
31465,0.074666284
31466,0.14432019
31467,0.051210508
31468,0.019405998
31469,0.008617967
31470,0.2033183
31471,0.04916528
31472,0.013889067
31473,0.01757592
31474,0.028958946
31475,0.124003164
31476,0.06408471
31477,0.044887558
31478,0.019033045
31479,0.027337492
31480,0.06517937
31481,0.29420713
31482,0.031010404
31483,0.016655996
31484,0.028364964
31485,0.040115338
31486,0.072882056
31487,0.25434634
31488,0.06447807
31489,0.1836338
31490,0.09463855
31491,0.029583618
31492,0.014948592
31493,0.05261273
31494,0.06747865
31495,0.028313525
31496,0.2699465
31497,0.024490349
31498,0.27944088
31499,0.02155663
31500,0.10062575
31501,0.052174214
31502,0.26869157
31503,0.577704
31504,0.2624205
31505,0.10361764
31506,0.09563327
31507,0.061236292
31508,0.05869479
31509,0.12087506
31510,0.09113043
31511,0.105411515
31512,1.0032113
31513,0.021907091
31514,0.077396065
31515,0.013773747
31516,0.08395961
31517,0.08638786
31518,0.019444592
31519,0.029837266
31520,0.12834993
31521,0.49242386
31522,0.073966995
31523,0.23910019
31524,0.020722337
31525,0.07931961
31526,0.024688728
31527,0.09718676
31528,0.027807564
31529,0.02863276
31530,0.05758592
31531,0.06506556
31532,0.023878537
31533,0.06804375
31534,0.014816754
31535,0.13897522
31536,0.033983596
31537,0.04825139
31538,0.015443116
31539,0.03406767
31540,0.08872192
31541,0.10709662
31542,0.024888963
31543,0.06333481
31544,0.97872055
31545,0.07036391
31546,0.13116366
31547,0.053243443
31548,0.035906505
31549,0.04599114
31550,0.041202284
31551,0.018572807
31552,0.42087904
31553,0.027226694
31554,0.0063394606
31555,0.0038610175
31556,0.009420812
31557,0.008431129
31558,0.05494012
31559,0.13589853
31560,0.024856202
31561,0.11603969
31562,0.041263327
31563,0.020147957
31564,0.051012907
31565,0.37073833
31566,0.016290039
31567,0.020967007
31568,0.019040078
31569,0.042235706
31570,0.2755536
31571,0.08042899
31572,0.014579497
31573,0.016135119
31574,0.06997451
31575,0.15497997
31576,0.22744146
31577,0.08617459
31578,0.07620209
31579,0.055720154
31580,0.019216664
31581,0.081686296
31582,0.26760963
31583,0.22863603
31584,0.011823364
31585,0.024721026
31586,0.01729358
31587,0.013395473
31588,0.018417135
31589,0.011281773
31590,0.01958163
31591,0.025471412
31592,0.07265887
31593,0.054865994
31594,0.14795025
31595,0.013319068
31596,0.013933845
31597,0.15800826
31598,0.009758323
31599,0.2910063
31600,0.024917468
31601,0.011470273
31602,0.01139155
31603,0.020625502
31604,0.019916616
31605,0.015230127
31606,0.035263788
31607,0.007414162
31608,0.080438435
31609,0.028563112
31610,0.048640184
31611,0.015256591
31612,0.056409195
31613,0.015512928
31614,0.013388291
31615,0.09659034
31616,0.019372374
31617,0.037589494
31618,0.0069574118
31619,0.039284524
31620,0.11104961
31621,0.013702624
31622,0.011450864
31623,0.42212734
31624,0.061372314
31625,0.08082785
31626,0.083547994
31627,0.049566828
31628,0.024171516
31629,0.010967858
31630,0.09430986
31631,0.016073689
31632,0.10646917
31633,0.009915732
31634,0.14275582
31635,0.027450517
31636,0.04411786
31637,0.028746165
31638,0.025357649
31639,0.022766247
31640,0.013299838
31641,0.028604038
31642,0.011532553
31643,0.01229801
31644,0.008063711
31645,0.008190922
31646,0.081148714
31647,0.077968664
31648,0.033149946
31649,0.17052814
31650,0.026226252
31651,0.010730363
31652,0.01759193
31653,0.04626949
31654,0.016157366
31655,0.029350147
31656,0.03672833
31657,0.16307357
31658,0.25698954
31659,0.009533785
31660,0.11299652
31661,0.020947456
31662,0.062018476
31663,0.016353205
31664,0.04167773
31665,0.03825148
31666,0.043909185
31667,0.04817236
31668,0.008980051
31669,0.024643153
31670,0.03881655
31671,0.042004827
31672,0.047083214
31673,0.10531674
31674,0.040561453
31675,0.40258715
31676,0.05764971
31677,0.21156809
31678,0.3884704
31679,0.43569162
31680,0.01890926
31681,0.038476877
31682,0.24685359
31683,0.046238262
31684,0.3721288
31685,0.058606654
31686,0.24796876
31687,0.06208121
31688,0.021104038
31689,0.23963258
31690,0.014500961
31691,0.21693683
31692,0.7573071
31693,0.25797763
31694,0.041721296
31695,0.0459859
31696,0.12600526
31697,0.06617576
31698,0.029117547
31699,0.04882058
31700,0.04243824
31701,0.07895633
31702,0.27462965
31703,0.5482091
31704,0.50463957
31705,0.038905893
31706,0.06726344
31707,0.09042486
31708,0.2878948
31709,0.052340716
31710,0.040496144
31711,0.06259634
31712,0.12249023
31713,0.42557606
31714,0.14802845
31715,0.2822977
31716,0.55861396
31717,0.10440004
31718,0.021650791
31719,0.55675876
31720,0.021431834
31721,0.06484206
31722,0.23461992
31723,0.06398758
31724,0.06185018
31725,0.03472547
31726,0.074464686
31727,0.027187191
31728,0.23094803
31729,0.13026474
31730,0.1204061
31731,0.03211593
31732,0.06329728
31733,0.10084052
31734,0.17024961
31735,0.053083353
31736,0.0032523498
31737,0.03298856
31738,0.060835704
31739,0.03984254
31740,0.09340436
31741,0.032104738
31742,0.037943516
31743,0.052481785
31744,0.030700162
31745,0.27277353
31746,0.07783752
31747,0.37301496
31748,0.04523667
31749,0.058754954
31750,0.03802297
31751,0.009024389
31752,0.015066586
31753,0.48981303
31754,0.13297808
31755,0.09555476
31756,0.43584624
31757,0.4359876
31758,0.011436708
31759,0.08588866
31760,0.06360833
31761,0.013964981
31762,0.022442177
31763,0.039608892
31764,0.07197596
31765,0.08369847
31766,0.116991
31767,0.40161777
31768,0.43651122
31769,0.18771976
31770,0.06260236
31771,0.007495567
31772,0.029975511
31773,0.028253354
31774,0.03833876
31775,0.40106532
31776,0.017288812
31777,0.04536327
31778,0.014339097
31779,0.09296464
31780,0.048310786
31781,0.26781777
31782,0.5422683
31783,0.105321005
31784,0.022795111
31785,0.05783218
31786,0.070944786
31787,0.026499867
31788,0.010301396
31789,0.15782669
31790,0.2581576
31791,0.114850804
31792,0.10335371
31793,0.05525005
31794,0.012261398
31795,0.037936684
31796,0.032471057
31797,0.033728752
31798,0.036336858
31799,0.124730244
31800,0.0717126
31801,0.23590624
31802,0.01280947
31803,0.04344151
31804,0.02868338
31805,0.01865708
31806,0.015464239
31807,0.02154848
31808,0.044374883
31809,0.00906311
31810,0.02369985
31811,0.078440465
31812,0.48730767
31813,0.39564377
31814,0.04396536
31815,0.037910637
31816,0.04017894
31817,0.12391593
31818,0.06926428
31819,0.017198637
31820,0.059677742
31821,0.014545217
31822,0.03238342
31823,0.24200785
31824,0.020970792
31825,0.025479428
31826,0.032748938
31827,0.068995476
31828,0.078849144
31829,0.4022035
31830,0.2622377
31831,0.25792733
31832,0.065298244
31833,0.04360585
31834,0.019673355
31835,0.052824963
31836,0.05177134
31837,0.40330476
31838,0.058806762
31839,0.6107368
31840,0.13646095
31841,0.014085501
31842,0.13600732
31843,0.056991447
31844,0.051453285
31845,0.017911382
31846,0.009344138
31847,0.060631283
31848,0.01958295
31849,0.023592368
31850,0.0791336
31851,0.04514745
31852,0.09818737
31853,0.06937717
31854,0.12520385
31855,0.26310998
31856,0.387512
31857,0.072613984
31858,0.023606278
31859,0.095289715
31860,0.02087187
31861,0.045556743
31862,0.11311023
31863,0.068544805
31864,0.14370108
31865,0.06639468
31866,0.10978487
31867,0.042453997
31868,0.06644146
31869,0.03709239
31870,0.020047955
31871,0.16182497
31872,0.011247583
31873,0.02691447
31874,0.08054047
31875,0.031215664
31876,0.013026118
31877,0.011033669
31878,0.023413122
31879,0.04244616
31880,0.06345662
31881,0.08440918
31882,0.12377942
31883,0.12524323
31884,0.40135783
31885,0.37924188
31886,0.26002866
31887,0.014410362
31888,0.10747004
31889,0.010096222
31890,0.050575234
31891,0.044012714
31892,0.104597576
31893,0.022521876
31894,0.0563987
31895,0.061936084
31896,0.010752931
31897,0.04487287
31898,0.09461351
31899,0.030474119
31900,0.06298712
31901,0.004720904
31902,0.020432174
31903,0.030071847
31904,0.015822783
31905,0.0913835
31906,0.013757721
31907,0.041661244
31908,0.16253126
31909,0.06261981
31910,0.15947327
31911,0.61961424
31912,0.124171
31913,0.13099279
31914,0.06902586
31915,0.10285543
31916,0.08221935
31917,0.097611904
31918,0.049129367
31919,0.018172927
31920,0.2821832
31921,0.07999247
31922,0.08142974
31923,0.055750325
31924,0.075602196
31925,0.02356106
31926,0.018706419
31927,0.020582907
31928,0.048928052
31929,0.32244042
31930,0.078089595
31931,0.046861503
31932,0.11676733
31933,0.7472105
31934,0.108466245
31935,0.016669638
31936,0.23096049
31937,0.06311664
31938,0.15866694
31939,0.2844886
31940,0.07721062
31941,0.0193071
31942,0.058861587
31943,0.0917577
31944,0.10859913
31945,0.18088229
31946,0.054732677
31947,0.14908445
31948,0.082359016
31949,0.006277509
31950,0.08011407
31951,0.015516885
31952,0.019028112
31953,0.023237593
31954,0.07210679
31955,0.07594679
31956,0.015820421
31957,0.12653667
31958,0.14611635
31959,0.26145673
31960,0.095624335
31961,0.033990916
31962,0.12737277
31963,0.23611861
31964,0.26545832
31965,0.05605977
31966,0.053920597
31967,0.023463696
31968,0.07021027
31969,0.52432346
31970,0.054126363
31971,0.13484944
31972,0.3903099
31973,0.2420361
31974,0.014521554
31975,0.009930827
31976,0.015604101
31977,0.04551105
31978,0.05550395
31979,0.40464255
31980,0.39339852
31981,0.12717864
31982,0.11863616
31983,0.26018932
31984,0.22911349
31985,0.13953543
31986,0.17460217
31987,0.3843493
31988,0.089439616
31989,0.051303234
31990,0.10914042
31991,0.051382463
31992,0.18746677
31993,0.94613713
31994,0.0029355213
31995,0.06467345
31996,0.37837237
31997,0.014782846
31998,0.047635023
31999,0.26757196
32000,0.016641855
32001,0.014440499
32002,0.045953576
32003,0.086920306
32004,0.019649886
32005,0.057249296
32006,0.005845003
32007,0.52187747
32008,0.051339693
32009,0.095932215
32010,0.36491078
32011,0.15410548
32012,0.18362173
32013,0.39628118
32014,0.4183512
32015,0.16584429
32016,0.14380708
32017,0.12635231
32018,0.9819701
32019,0.42932683
32020,0.45015574
32021,0.007249318
32022,0.025692299
32023,0.20575088
32024,0.016341649
32025,0.07971306
32026,0.028539665
32027,0.009205379
32028,0.063051775
32029,0.011678085
32030,0.04750869
32031,0.07677674
32032,0.111739
32033,0.111885905
32034,0.11522259
32035,0.10107167
32036,0.24315837
32037,0.24085966
32038,0.10401957
32039,0.27866983
32040,0.01960913
32041,0.061577506
32042,0.98667514
32043,0.9573589
32044,0.663542
32045,0.00705038
32046,0.015501864
32047,0.12036751
32048,0.4655159
32049,0.09093808
32050,0.06714287
32051,0.045901258
32052,0.05464384
32053,0.073888086
32054,0.067246586
32055,0.013428189
32056,0.4183923
32057,0.017142959
32058,0.038856093
32059,0.1209092
32060,0.14367639
32061,0.05339829
32062,0.045792345
32063,0.41189826
32064,0.22197029
32065,0.02355133
32066,0.23876771
32067,0.10584982
32068,0.12125916
32069,0.9806739
32070,0.94282335
32071,0.5654601
32072,0.07324997
32073,0.02700729
32074,0.007114947
32075,0.48543248
32076,0.10252149
32077,0.2673419
32078,0.0465258
32079,0.11263659
32080,0.022712938
32081,0.11482699
32082,0.12436611
32083,0.14462432
32084,0.16097641
32085,0.52089566
32086,0.509493
32087,0.26499012
32088,0.15385309
32089,0.101769276
32090,0.06393479
32091,0.1266364
32092,0.056534067
32093,0.032714773
32094,0.21114305
32095,0.13642521
32096,0.056634076
32097,0.110711046
32098,0.024505489
32099,0.9612653
32100,1.0209646
32101,0.99374807
32102,0.09266944
32103,0.050285317
32104,0.23374051
32105,0.43884495
32106,0.021591641
32107,0.021986999
32108,0.020140126
32109,0.058940317
32110,0.1067766
32111,0.05772573
32112,0.3837016
32113,0.99471253
32114,0.06821358
32115,0.12473987
32116,0.12569389
32117,0.14095719
32118,0.071776226
32119,0.23996508
32120,0.25424618
32121,0.035004728
32122,0.09834691
32123,0.12053269
32124,0.122981064
32125,0.05118737
32126,0.02486781
32127,0.42170006
32128,0.39575282
32129,0.23323476
32130,0.07201059
32131,0.02997505
32132,0.11313615
32133,0.009826928
32134,0.077051006
32135,0.30561578
32136,0.035952006
32137,0.04447771
32138,0.049353436
32139,0.018472262
32140,0.023964979
32141,0.04320609
32142,0.04651567
32143,0.40743548
32144,0.7372319
32145,0.2929763
32146,0.14101863
32147,0.1204896
32148,0.15688884
32149,0.15737686
32150,0.5820939
32151,0.07638492
32152,0.0326488
32153,0.04629329
32154,0.03301379
32155,0.13978025
32156,0.17748415
32157,0.17531803
32158,0.44293085
32159,0.39379117
32160,0.14675084
32161,1.0593532
32162,0.13208894
32163,0.015165761
32164,0.25602436
32165,0.17351112
32166,0.018960342
32167,0.05692364
32168,0.51374966
32169,0.0644483
32170,0.03811363
32171,0.045628063
32172,0.04529905
32173,0.14164951
32174,0.4277022
32175,0.39358312
32176,0.56152266
32177,0.44621637
32178,0.1506178
32179,0.13864133
32180,0.4010056
32181,0.02062513
32182,0.1761018
32183,0.08990972
32184,0.05500126
32185,0.5370107
32186,0.2511115
32187,0.051209636
32188,0.522181
32189,0.27573535
32190,0.09319378
32191,0.13364471
32192,0.09118592
32193,0.041892365
32194,0.009700254
32195,0.031138808
32196,0.061575137
32197,0.10253159
32198,0.11250308
32199,0.116612196
32200,0.42034188
32201,0.75793594
32202,0.42860848
32203,0.4300849
32204,0.56656206
32205,0.11185998
32206,0.06505491
32207,0.06891171
32208,0.24718893
32209,0.3733923
32210,0.06179112
32211,0.027123027
32212,0.065416515
32213,0.13665526
32214,0.019545183
32215,0.046071246
32216,0.11009145
32217,0.019830339
32218,0.019345567
32219,0.02153381
32220,0.031864073
32221,0.10600645
32222,0.06615799
32223,0.09429552
32224,0.3831096
32225,0.2722944
32226,0.37411743
32227,0.70910585
32228,0.6559458
32229,0.40798703
32230,0.2274467
32231,0.0036027879
32232,0.051409673
32233,0.03214295
32234,0.05739672
32235,0.1220375
32236,0.015152052
32237,0.02846285
32238,0.97679055
32239,0.05730632
32240,0.018072426
32241,0.080310605
32242,0.05607178
32243,0.1262675
32244,0.05826366
32245,0.055927042
32246,0.014506504
32247,0.043669336
32248,0.026110008
32249,0.10542804
32250,0.11031306
32251,0.61979145
32252,0.38123804
32253,0.26784837
32254,1.0584279
32255,0.38902676
32256,0.51953316
32257,0.16086529
32258,0.04289409
32259,0.03380765
32260,0.034544524
32261,0.05374819
32262,0.047339085
32263,0.039915334
32264,0.07000126
32265,0.43735147
32266,0.108785845
32267,0.37802073
32268,0.027811825
32269,0.10761174
32270,0.14530447
32271,0.14374071
32272,0.15983659
32273,0.066355
32274,0.03420106
32275,0.04587303
32276,0.14343412
32277,0.9954236
32278,0.40208018
32279,0.7060143
32280,0.37372822
32281,0.4186079
32282,0.16934372
32283,0.23562494
32284,0.06833966
32285,0.020688444
32286,0.018019587
32287,0.058418192
32288,0.024797887
32289,0.13074124
32290,0.13156426
32291,0.09846038
32292,0.29005194
32293,0.0343367
32294,0.08499938
32295,0.38331497
32296,0.04535099
32297,0.1472143
32298,0.007985547
32299,0.011475287
32300,0.11995905
32301,0.47966212
32302,0.04208346
32303,0.23283258
32304,0.159801
32305,0.08005826
32306,0.13616227
32307,0.09860484
32308,0.07699809
32309,0.052255012
32310,0.13501954
32311,0.1391086
32312,0.037806258
32313,0.010059722
32314,0.24259904
32315,0.013555594
32316,0.11029139
32317,0.04179388
32318,0.037408907
32319,0.13146019
32320,0.035257548
32321,0.06206687
32322,0.009641975
32323,0.063180774
32324,0.16235782
32325,0.3786351
32326,0.66017795
32327,0.14243507
32328,0.02024278
32329,0.030371487
32330,0.066615485
32331,0.015114322
32332,0.07612686
32333,0.20526022
32334,0.011512645
32335,0.04524768
32336,0.012928322
32337,0.033241104
32338,0.021299824
32339,0.03665465
32340,0.07597549
32341,0.10489512
32342,0.40444425
32343,0.011978231
32344,0.021496221
32345,0.0743069
32346,0.08845223
32347,0.124136776
32348,0.40630004
32349,0.13530895
32350,0.012196936
32351,0.24173379
32352,0.0328135
32353,0.07649394
32354,0.16040957
32355,0.053290296
32356,0.013907582
32357,0.019166283
32358,0.006965585
32359,0.27799776
32360,0.051496446
32361,0.012842074
32362,0.021299228
32363,0.026891403
32364,0.12886493
32365,0.06979108
32366,0.045405854
32367,0.018593647
32368,0.027968101
32369,0.06967247
32370,0.28831807
32371,0.031966943
32372,0.01781632
32373,0.032983527
32374,0.043735106
32375,0.07092552
32376,0.24964964
32377,0.06441561
32378,0.25369114
32379,0.11811027
32380,0.02832438
32381,0.018576525
32382,0.053551964
32383,0.061685916
32384,0.03181379
32385,0.37832418
32386,0.018885724
32387,0.16002044
32388,0.020406432
32389,0.12255894
32390,0.05207669
32391,0.010424256
32392,0.28631973
32393,0.6401621
32394,0.27429956
32395,0.103459254
32396,0.096010394
32397,0.063843705
32398,0.058394764
32399,0.12319574
32400,0.1036854
32401,0.105310455
32402,0.98099583
32403,0.024027571
32404,0.09051936
32405,0.01414758
32406,0.082731925
32407,0.086952
32408,0.018225126
32409,0.15785521
32410,0.4970347
32411,0.0744133
32412,0.25755134
32413,0.026788302
32414,0.11305108
32415,0.020462796
32416,0.0959644
32417,0.02932278
32418,0.006636761
32419,0.025062174
32420,0.059971094
32421,0.06096469
32422,0.024369888
32423,0.019058153
32424,0.068307534
32425,0.12431187
32426,0.0341812
32427,0.04968557
32428,0.015685864
32429,0.034082893
32430,0.0830087
32431,0.10808651
32432,0.01791244
32433,0.025880843
32434,0.06403044
32435,0.9788153
32436,0.06209712
32437,0.13240844
32438,0.05883449
32439,0.04222762
32440,0.04191593
32441,0.042368777
32442,0.015544333
32443,0.016893
32444,0.45796657
32445,0.027948856
32446,0.018921688
32447,0.24791422
32448,0.021235965
32449,0.109827794
32450,0.045844447
32451,0.018305182
32452,0.048232492
32453,0.39523295
32454,0.014122792
32455,0.017633922
32456,0.019690193
32457,0.04400677
32458,0.009570785
32459,0.030819595
32460,0.3818711
32461,0.078470215
32462,0.0154528245
32463,0.07046725
32464,0.15521415
32465,0.12860866
32466,0.09844057
32467,0.08640467
32468,0.030691363
32469,0.06280381
32470,0.018722229
32471,0.087386355
32472,0.27239844
32473,0.22580051
32474,0.029975273
32475,0.01791951
32476,0.012373991
32477,0.013243854
32478,0.0099769235
32479,0.025644623
32480,0.070017055
32481,0.05515076
32482,0.12615034
32483,0.0059648156
32484,0.15298517
32485,0.009064369
32486,0.32373247
32487,0.0086985305
32488,0.020861074
32489,0.010315619
32490,0.024960622
32491,0.010995641
32492,0.019674763
32493,0.019337893
32494,0.009408124
32495,0.015328661
32496,0.034107454
32497,0.008751504
32498,0.030987076
32499,0.05118453
32500,0.014469974
32501,0.05979368
32502,0.009886429
32503,0.010221481
32504,0.106996566
32505,0.02602604
32506,0.047162842
32507,0.029757544
32508,0.01702252
32509,0.10487361
32510,0.016050503
32511,0.004352838
32512,0.011432357
32513,0.35004425
32514,0.07028923
32515,0.07272344
32516,0.09628605
32517,0.015386358
32518,0.07668444
32519,0.022693418
32520,0.013398394
32521,0.11940846
32522,0.016851038
32523,0.104254015
32524,0.16363853
32525,0.023982704
32526,0.041550137
32527,0.033332612
32528,0.026095867
32529,0.026504286
32530,0.009728208
32531,0.0067933053
32532,0.01123663
32533,0.00794293
32534,0.011529453
32535,0.031861804
32536,0.011174314
32537,0.0094829425
32538,0.008846924
32539,0.11215933
32540,0.07639302
32541,0.0069968104
32542,0.18087232
32543,0.026634917
32544,0.01222337
32545,0.01716403
32546,0.052495036
32547,0.021114953
32548,0.030678302
32549,0.034829352
32550,0.011707284
32551,0.01168859
32552,0.036036197
32553,0.30751166
32554,0.25040403
32555,0.1379562
32556,0.018523559
32557,0.019478515
32558,0.009845465
32559,0.046401065
32560,0.016610734
32561,0.044436883
32562,0.029349722
32563,0.021718748
32564,0.016688846
32565,0.047058243
32566,0.024257317
32567,0.04496472
32568,0.066298395
32569,0.04357846
32570,0.08163665
32571,0.045972943
32572,0.040264465
32573,0.02804865
32574,0.3596405
32575,0.04663493
32576,0.05468206
32577,0.039264612
32578,0.27188453
32579,0.40299127
32580,0.01864776
32581,0.056182794
32582,0.24839604
32583,0.062144697
32584,0.38478816
32585,0.077011585
32586,0.36600873
32587,0.09847791
32588,0.1404168
32589,0.7689122
32590,0.15414786
32591,0.05817447
32592,0.048016835
32593,0.2982944
32594,0.07022323
32595,0.02985461
32596,0.048690643
32597,0.013682313
32598,0.041733254
32599,0.08886209
32600,0.2634258
32601,0.51746297
32602,0.494204
32603,0.051792827
32604,0.0829502
32605,0.122684464
32606,0.15702192
32607,0.068173684
32608,0.044698153
32609,0.07877583
32610,0.11392768
32611,0.032751057
32612,0.40502682
32613,0.13770603
32614,0.27274817
32615,0.5633685
32616,0.105944775
32617,0.019997083
32618,0.5291498
32619,0.074374735
32620,0.23772034
32621,0.061959367
32622,0.061246846
32623,0.038320996
32624,0.098523855
32625,0.09930794
32626,0.23539463
32627,0.25116166
32628,0.034490585
32629,0.0627249
32630,0.105351515
32631,0.28102192
32632,0.05261114
32633,0.038066424
32634,0.056997087
32635,0.06117368
32636,0.101578444
32637,0.03737916
32638,0.048354276
32639,0.008720554
32640,0.058615565
32641,0.07158039
32642,0.25769326
32643,0.07764972
32644,0.3842875
32645,0.04818049
32646,0.045831818
32647,0.02420909
32648,0.009910457
32649,0.54923266
32650,0.13816999
32651,0.091466226
32652,0.4646295
32653,0.4654437
32654,0.09910019
32655,0.06940141
32656,0.015864834
32657,0.017380618
32658,0.037064195
32659,0.07611537
32660,0.22747192
32661,0.25403652
32662,0.4684893
32663,0.19732419
32664,0.060771435
32665,0.028297357
32666,0.025312424
32667,0.04023141
32668,0.27787724
32669,0.020175077
32670,0.038599186
32671,0.012409717
32672,0.011124276
32673,0.07478215
32674,0.053117763
32675,0.033655636
32676,0.28106606
32677,0.58634424
32678,0.113277584
32679,0.021903634
32680,0.05831555
32681,0.06359985
32682,0.029525995
32683,0.1518897
32684,0.18187304
32685,0.10792349
32686,0.103157
32687,0.057375517
32688,0.03157925
32689,0.03284015
32690,0.0377182
32691,0.12805246
32692,0.064124174
32693,0.24777341
32694,0.013916649
32695,0.047236897
32696,0.03175926
32697,0.017585196
32698,0.017766915
32699,0.023433864
32700,0.049339853
32701,0.027337521
32702,0.078794636
32703,0.49754322
32704,0.39980003
32705,0.041257974
32706,0.035949256
32707,0.11071788
32708,0.064530835
32709,0.014159486
32710,0.06542454
32711,0.016628362
32712,0.03601988
32713,0.24804664
32714,0.024127208
32715,0.025665827
32716,0.032966077
32717,0.06916682
32718,0.07898399
32719,0.3710389
32720,0.35209075
32721,0.38546592
32722,0.06939606
32723,0.045389973
32724,0.019277781
32725,0.050580483
32726,0.0421549
32727,0.25485194
32728,0.04993174
32729,0.54611665
32730,0.13087934
32731,0.020608068
32732,0.11757423
32733,0.058936503
32734,0.047265995
32735,0.023750566
32736,0.010756351
32737,0.04507321
32738,0.028156407
32739,0.02268567
32740,0.08156403
32741,0.041342802
32742,0.21861297
32743,0.066994876
32744,0.13393238
32745,0.2471411
32746,0.39710906
32747,0.07018223
32748,0.02363874
32749,0.09167623
32750,0.01809258
32751,0.04376509
32752,0.022797726
32753,0.011441149
32754,0.10566062
32755,0.06519156
32756,0.12728956
32757,0.06094872
32758,0.09792032
32759,0.039699513
32760,0.06475237
32761,0.033063717
32762,0.019156516
32763,0.15226603
32764,0.070648566
32765,0.029163167
32766,0.010475725
32767,0.021263026
32768,0.03787189
32769,0.067280054
32770,0.08566175
32771,0.12500806
32772,0.119430944
32773,0.37646103
32774,0.24332374
32775,0.25722307
32776,0.012370363
32777,0.11004168
32778,0.049877185
32779,0.04538314
32780,0.1112548
32781,0.044261146
32782,0.059526637
32783,0.013219602
32784,0.050213717
32785,0.08552857
32786,0.031544454
32787,0.05653353
32788,0.004846543
32789,0.09235538
32790,0.01509621
32791,0.04203977
32792,0.14209297
32793,0.06183958
32794,0.15103392
32795,0.5535427
32796,0.1237292
32797,0.21773657
32798,0.068944626
32799,0.085520476
32800,0.06931241
32801,0.098535374
32802,0.051738545
32803,0.010950439
32804,0.01693169
32805,0.26653817
32806,0.075640894
32807,0.07882303
32808,0.05785575
32809,0.073045425
32810,0.0236924
32811,0.018923938
32812,0.02181875
32813,0.04580105
32814,0.48501065
32815,0.071308136
32816,0.049480222
32817,0.10494372
32818,0.7992015
32819,0.10348633
32820,0.013934515
32821,0.23020437
32822,0.057231523
32823,0.17790449
32824,0.28195363
32825,0.07365401
32826,0.023443453
32827,0.062911496
32828,0.0988522
32829,0.123446405
32830,0.24406865
32831,0.051021505
32832,0.23198971
32833,0.07581937
32834,0.006276779
32835,0.07861814
32836,0.021646343
32837,0.072185576
32838,0.07702719
32839,0.014002502
32840,0.12427781
32841,0.13482115
32842,0.25131664
32843,0.09385892
32844,0.03219645
32845,0.10571036
32846,0.17388387
32847,0.25526488
32848,0.05837525
32849,0.0102439225
32850,0.05168659
32851,0.020489223
32852,0.07792677
32853,0.4707182
32854,0.05231202
32855,0.15192917
32856,0.40433443
32857,0.24974722
32858,0.014442451
32859,0.019818239
32860,0.01371289
32861,0.043636125
32862,0.060639087
32863,0.37851056
32864,0.38207003
32865,0.11775544
32866,0.10900623
32867,0.14421497
32868,0.14555228
32869,0.13164942
32870,0.18396768
32871,0.3727013
32872,0.08898332
32873,0.044622917
32874,0.11111245
32875,0.041079674
32876,0.19925235
32877,0.9566745
32878,0.074485265
32879,0.3785127
32880,0.01580964
32881,0.041345783
32882,0.2586419
32883,0.01496724
32884,0.05160429
32885,0.087304145
32886,0.018089749
32887,0.05311263
32888,0.53268737
32889,0.049646854
32890,0.09190286
32891,0.37840542
32892,0.1418759
32893,0.2051805
32894,0.38512275
32895,0.18372715
32896,0.029724985
32897,0.16749048
32898,0.122324295
32899,0.1124601
32900,1.0011033
32901,0.4424314
32902,0.4469314
32903,0.020639986
32904,0.20834935
32905,0.083800055
32906,0.029610962
32907,0.02165392
32908,0.01348649
32909,0.009336561
32910,0.060003977
32911,0.009850636
32912,0.038241148
32913,0.069630906
32914,0.11498409
32915,0.110433064
32916,0.114276156
32917,0.1014836
32918,0.24774438
32919,0.24215868
32920,0.030880406
32921,0.130763
32922,0.2786132
32923,0.01809159
32924,0.06885279
32925,0.97192395
32926,0.99855936
32927,0.6383582
32928,0.006224461
32929,0.017240532
32930,0.12674774
32931,0.44261876
32932,0.09142291
32933,0.06314054
32934,0.05133364
32935,0.07263774
32936,0.06822103
32937,0.01428251
32938,0.4238006
32939,0.017491974
32940,0.039938282
32941,0.14005634
32942,0.11470586
32943,0.056324713
32944,0.047798388
32945,0.361669
32946,0.21750557
32947,0.022479206
32948,0.13654244
32949,0.106763996
32950,0.11889328
32951,0.9831589
32952,0.91466534
32953,0.5930014
32954,0.009243719
32955,0.019908316
32956,0.075351045
32957,0.024573125
32958,0.49472165
32959,0.11040677
32960,0.26110697
32961,0.038310137
32962,0.1218206
32963,0.02322118
32964,0.11833033
32965,0.11951579
32966,0.22902313
32967,0.20622842
32968,0.5440833
32969,0.51379436
32970,0.25287497
32971,0.14012675
32972,0.09403622
32973,0.06763775
32974,0.11578819
32975,0.052890602
32976,0.034253705
32977,0.12468203
32978,0.13022757
32979,0.063783415
32980,0.13006157
32981,0.020461842
32982,0.9634982
32983,1.0064012
32984,0.9765952
32985,0.0852807
32986,0.05296381
32987,0.21962419
32988,0.43903705
32989,0.02118776
32990,0.0154322535
32991,0.01913765
32992,0.0576174
32993,0.11080867
32994,0.054601032
32995,0.37811485
32996,1.009318
32997,0.07057433
32998,0.13513944
32999,0.11958804
33000,0.14480159
33001,0.06750527
33002,0.2393777
33003,0.2616933
33004,0.09882004
33005,0.10528165
33006,0.117834896
33007,0.05075256
33008,0.02481649
33009,0.39272073
33010,0.39278728
33011,0.24952143
33012,0.06908475
33013,0.025821649
33014,0.12794076
33015,0.06560096
33016,0.19386446
33017,0.03117102
33018,0.04701312
33019,0.05202052
33020,0.021456309
33021,0.048597753
33022,0.048904564
33023,0.39994723
33024,0.2722388
33025,0.28881806
33026,0.14861539
33027,0.11080408
33028,0.16052726
33029,0.15874723
33030,0.537398
33031,0.080256805
33032,0.030492768
33033,0.03836791
33034,0.034503467
33035,0.13285497
33036,0.1656828
33037,0.16720447
33038,0.441694
33039,0.2655537
33040,0.12385802
33041,1.0348488
33042,0.23763826
33043,0.244172
33044,0.23606169
33045,0.015106134
33046,0.05325742
33047,0.47112697
33048,0.06198786
33049,0.03593548
33050,0.045343254
33051,0.04561982
33052,0.13757391
33053,0.3957677
33054,0.39241713
33055,0.2828359
33056,0.43475497
33057,0.14309177
33058,0.13778935
33059,0.38695648
33060,0.020887986
33061,0.17412755
33062,0.075965054
33063,0.05429352
33064,0.49941242
33065,0.2489422
33066,0.053557515
33067,0.52843153
33068,0.37860623
33069,0.089649804
33070,0.14492197
33071,0.093290895
33072,0.009370193
33073,0.014916912
33074,0.031001076
33075,0.05869367
33076,0.1033064
33077,0.115847275
33078,0.12180271
33079,0.42795232
33080,0.75313354
33081,0.42634138
33082,0.29681852
33083,0.61082166
33084,0.10787359
33085,0.068111524
33086,0.05871878
33087,0.14905792
33088,0.38317513
33089,0.06078663
33090,0.02329538
33091,0.064800724
33092,0.13412946
33093,0.019724138
33094,0.049149156
33095,0.10694975
33096,0.019646488
33097,0.01938676
33098,0.08805985
33099,0.061121438
33100,0.09082381
33101,0.3689355
33102,0.256291
33103,0.3504199
33104,0.65497017
33105,0.6217235
33106,0.25930586
33107,0.22613227
33108,0.04661777
33109,0.017699383
33110,0.047740538
33111,0.1105929
33112,0.032432176
33113,1.0166761
33114,0.051575743
33115,0.018790327
33116,0.07748484
33117,0.05726379
33118,0.12755659
33119,0.06502123
33120,0.05182104
33121,0.014803626
33122,0.04215547
33123,0.018095218
33124,0.016119279
33125,0.029362135
33126,0.10948159
33127,0.11317824
33128,0.6216583
33129,0.3795064
33130,0.38326442
33131,1.0794731
33132,0.41269988
33133,0.5132749
33134,0.15398216
33135,0.05017461
33136,0.031114694
33137,0.032348473
33138,0.052811977
33139,0.065277934
33140,0.039797325
33141,0.05947246
33142,0.46137804
33143,0.11157229
33144,0.38687924
33145,0.037018
33146,0.11322854
33147,0.13615945
33148,0.13851674
33149,0.24083307
33150,0.0692681
33151,0.029490627
33152,0.041520596
33153,0.14060451
33154,0.99640805
33155,0.37958166
33156,0.7350571
33157,0.38848087
33158,0.25378975
33159,0.17243555
33160,0.26068518
33161,0.05379479
33162,0.025113344
33163,0.056750927
33164,0.022356443
33165,0.1198222
33166,0.1334629
33167,0.08460833
33168,0.29087162
33169,0.029314607
33170,0.0744835
33171,0.27517575
33172,0.050603885
33173,0.010598607
33174,0.11761853
33175,0.39600742
33176,0.037316464
33177,0.36666358
33178,0.152433
33179,0.07948954
33180,0.15129663
33181,0.11211368
33182,0.07642116
33183,0.055271383
33184,0.13351744
33185,0.1334235
33186,0.035044175
33187,0.027052872
33188,0.13467649
33189,0.011166237
33190,0.111835375
33191,0.03855781
33192,0.036556017
33193,0.12750763
33194,0.038139086
33195,0.063063495
33196,0.06397975
33197,0.17392936
33198,0.37735662
33199,0.6416993
33200,0.12970379
33201,0.016187869
33202,0.022271559
33203,0.03669224
33204,0.0701483
33205,0.06780953
33206,0.12529598
33207,0.0138986185
33208,0.04807541
33209,0.035161003
33210,0.022426546
33211,0.03423387
33212,0.0044061616
33213,0.08057216
33214,0.10047884
33215,0.39985567
33216,0.0125982985
33217,0.020322666
33218,0.07144312
33219,0.09040121
33220,0.11700926
33221,0.42716074
33222,0.15196922
33223,0.014552213
33224,0.012069561
33225,0.24152473
33226,0.013238773
33227,0.030160062
33228,0.014579937
33229,0.08713169
33230,0.16061419
33231,0.053382006
33232,0.020304173
33233,0.007728979
33234,0.27621344
33235,0.05022625
33236,0.0123056695
33237,0.02706322
33238,0.12664944
33239,0.062256
33240,0.04522382
33241,0.01790449
33242,0.028345205
33243,0.069138035
33244,0.3774049
33245,0.030568942
33246,0.017656386
33247,0.029948674
33248,0.04101563
33249,0.058011733
33250,0.16772786
33251,0.06938568
33252,0.40365893
33253,0.104753315
33254,0.028101847
33255,0.017017506
33256,0.051350225
33257,0.05405802
33258,0.026084721
33259,0.38090572
33260,0.01751446
33261,0.16667026
33262,0.022538729
33263,0.116026
33264,0.048248317
33265,0.3893127
33266,0.6710535
33267,0.2583161
33268,0.11715599
33269,0.01463569
33270,0.10553163
33271,0.062291004
33272,0.061480787
33273,0.12629636
33274,0.091714635
33275,0.11010122
33276,1.0183898
33277,0.023196772
33278,0.080209546
33279,0.08375022
33280,0.088418394
33281,0.018839203
33282,0.1459426
33283,0.50721246
33284,0.07112488
33285,0.2556697
33286,0.023405246
33287,0.018611014
33288,0.10783976
33289,0.021341167
33290,0.09252061
33291,0.028462507
33292,0.026929751
33293,0.06156751
33294,0.057054445
33295,0.020924404
33296,0.06694918
33297,0.13965791
33298,0.03251263
33299,0.04798844
33300,0.015780732
33301,0.035089966
33302,0.091508806
33303,0.10199069
33304,0.020640247
33305,0.024308905
33306,0.06501356
33307,1.0039892
33308,0.059929926
33309,0.1324214
33310,0.04967391
33311,0.039264534
33312,0.043773223
33313,0.038709626
33314,0.01370728
33315,0.01910521
33316,0.44794288
33317,0.027000248
33318,0.0053546205
33319,0.0104310885
33320,0.058679458
33321,0.24023959
33322,0.023460582
33323,0.12824108
33324,0.04440249
33325,0.019598573
33326,0.0033441857
33327,0.37675247
33328,0.016727261
33329,0.020199515
33330,0.00809592
33331,0.017503418
33332,0.035369795
33333,0.007048562
33334,0.027020983
33335,0.1462693
33336,0.07594557
33337,0.013142094
33338,0.07596476
33339,0.15484574
33340,0.12816335
33341,0.09664681
33342,0.081728496
33343,0.027657896
33344,0.052111126
33345,0.01983343
33346,0.09084533
33347,0.15306365
33348,0.13777548
33349,0.008092299
33350,0.011383511
33351,0.023915693
33352,0.020373918
33353,0.010396436
33354,0.027839698
33355,0.07553721
33356,0.06246493
33357,0.14037423
33358,0.14998591
33359,0.4033589
33360,0.009068541
33361,0.008617595
33362,0.02341757
33363,0.008178972
33364,0.019665599
33365,0.015233561
33366,0.03574398
33367,0.009046391
33368,0.08447702
33369,0.03368054
33370,0.059623793
33371,0.015869044
33372,0.015745983
33373,0.06102735
33374,0.0152559355
33375,0.012049019
33376,0.00941693
33377,0.12526482
33378,0.018501863
33379,0.042658698
33380,0.035366464
33381,0.016259529
33382,0.109755695
33383,0.01638908
33384,0.005609341
33385,0.009115532
33386,0.4382411
33387,0.070054695
33388,0.07492815
33389,0.103199795
33390,0.016725294
33391,0.06996185
33392,0.019953988
33393,0.010474436
33394,0.114754
33395,0.016221762
33396,0.13022386
33397,0.16232514
33398,0.04738889
33399,0.033552486
33400,0.026836313
33401,0.021740615
33402,0.009331211
33403,0.009392902
33404,0.032342874
33405,0.009903751
33406,0.012268759
33407,0.009064905
33408,0.109942324
33409,0.08877024
33410,0.29079592
33411,0.021701127
33412,0.028559908
33413,0.024722517
33414,0.007235758
33415,0.038027473
33416,0.022610389
33417,0.02691298
33418,0.033624493
33419,0.011601664
33420,0.037330255
33421,0.32531554
33422,0.25811055
33423,0.020391405
33424,0.14630702
33425,0.014834352
33426,0.01777701
33427,0.0193749
33428,0.009777635
33429,0.014118679
33430,0.038174547
33431,0.015932932
33432,0.01959771
33433,0.030913115
33434,0.045604855
33435,0.03458867
33436,0.03937753
33437,0.08734694
33438,0.057958335
33439,0.03090322
33440,0.3532989
33441,0.058516648
33442,0.06209423
33443,0.047994763
33444,0.27835578
33445,0.26518646
33446,0.056960236
33447,0.24925381
33448,0.07632077
33449,0.38397768
33450,0.13591418
33451,0.06656319
33452,0.11492896
33453,0.014920257
33454,0.25742364
33455,0.8086968
33456,0.2257117
33457,0.053911682
33458,0.052809954
33459,0.30581334
33460,0.06441884
33461,0.011166409
33462,0.027068496
33463,0.04811797
33464,0.017424926
33465,0.01699891
33466,0.1115493
33467,0.2785767
33468,0.5388021
33469,0.50446266
33470,0.04909584
33471,0.08186948
33472,0.112799935
33473,0.15665126
33474,0.071161665
33475,0.046689946
33476,0.07245873
33477,0.098361515
33478,0.040828045
33479,0.43215948
33480,0.23165035
33481,0.3882063
33482,0.61407644
33483,0.19618788
33484,0.5128706
33485,0.069112994
33486,0.13748658
33487,0.063343056
33488,0.06147634
33489,0.03410429
33490,0.09721548
33491,0.02627857
33492,0.09313171
33493,0.12295669
33494,0.11569362
33495,0.033910587
33496,0.05903713
33497,0.090667106
33498,0.2671674
33499,0.04816471
33500,0.028325863
33501,0.06252034
33502,0.06292051
33503,0.09030212
33504,0.040762123
33505,0.06042452
33506,0.028015204
33507,0.074030474
33508,0.12481098
33509,0.08452424
33510,0.17690587
33511,0.04645131
33512,0.03955615
33513,0.042038336
33514,0.54418695
33515,0.12856516
33516,0.094779216
33517,0.4391451
33518,0.46231008
33519,0.0027035177
33520,0.09674091
33521,0.07245566
33522,0.015951857
33523,0.02426701
33524,0.019107297
33525,0.03557024
33526,0.07613604
33527,0.07683913
33528,0.105515346
33529,0.26053685
33530,0.5112016
33531,0.33615544
33532,0.058056295
33533,0.029224932
33534,0.02373156
33535,0.039730288
33536,0.2860096
33537,0.04115081
33538,0.06367088
33539,0.03783588
33540,0.14094561
33541,0.5715444
33542,0.2548867
33543,0.01842779
33544,0.023382194
33545,0.05326029
33546,0.065180615
33547,0.036521595
33548,0.1446438
33549,0.17898555
33550,0.121153705
33551,0.11313323
33552,0.0651086
33553,0.038085967
33554,0.031641122
33555,0.030499123
33556,0.036570992
33557,0.12206468
33558,0.07039265
33559,0.2360011
33560,0.014001556
33561,0.042190228
33562,0.027940035
33563,0.018024698
33564,0.019730031
33565,0.026181594
33566,0.05108981
33567,0.025614046
33568,0.07403467
33569,0.5168736
33570,0.39039284
33571,0.04230266
33572,0.040202834
33573,0.03987546
33574,0.098923996
33575,0.060373638
33576,0.06159273
33577,0.02092915
33578,0.033531733
33579,0.012687109
33580,0.24393606
33581,0.024226993
33582,0.026941754
33583,0.032843962
33584,0.0060528666
33585,0.07277585
33586,0.081715696
33587,0.3840166
33588,0.40512764
33589,0.36573526
33590,0.0649243
33591,0.048204746
33592,0.01791796
33593,0.048323046
33594,0.04130901
33595,0.24610785
33596,0.05430876
33597,0.57572937
33598,0.123533174
33599,0.019601204
33600,0.12028323
33601,0.061491057
33602,0.047156196
33603,0.016059414
33604,0.010602161
33605,0.010808967
33606,0.05756649
33607,0.009276226
33608,0.020609133
33609,0.08059457
33610,0.04450635
33611,0.08623013
33612,0.06767915
33613,0.11729974
33614,0.25105557
33615,0.39881974
33616,0.08015895
33617,0.024132669
33618,0.088312134
33619,0.020643607
33620,0.044163942
33621,0.023338147
33622,0.11882889
33623,0.069772564
33624,0.14148149
33625,0.06524007
33626,0.10616013
33627,0.0609629
33628,0.03390844
33629,0.01959274
33630,0.02159322
33631,0.14863929
33632,0.02676145
33633,0.065991856
33634,0.024742477
33635,0.011029042
33636,0.020311177
33637,0.04162645
33638,0.06480312
33639,0.08755644
33640,0.11548065
33641,0.11727005
33642,0.39321288
33643,0.14740466
33644,0.25628558
33645,0.012332477
33646,0.1067709
33647,0.013921477
33648,0.052764166
33649,0.045707323
33650,0.11032052
33651,0.02899456
33652,0.049667243
33653,0.06281598
33654,0.04442863
33655,0.08982669
33656,0.06610856
33657,0.017575018
33658,0.031927835
33659,0.09794538
33660,0.015005685
33661,0.043513652
33662,0.15064308
33663,0.065366514
33664,0.15236713
33665,0.6511998
33666,0.1329546
33667,0.10811125
33668,0.06968159
33669,0.08383767
33670,0.07583935
33671,0.10143513
33672,0.049460053
33673,0.012289703
33674,0.012195058
33675,0.01865688
33676,0.2679778
33677,0.07274814
33678,0.08766256
33679,0.050898023
33680,0.06829181
33681,0.021247707
33682,0.017996557
33683,0.020665728
33684,0.044836514
33685,0.51877177
33686,0.07421057
33687,0.045148842
33688,0.11078012
33689,0.7747557
33690,0.109114
33691,0.01729747
33692,0.21926364
33693,0.063227646
33694,0.1698243
33695,0.29105514
33696,0.077390835
33697,0.05990233
33698,0.09968565
33699,0.10807614
33700,0.1823128
33701,0.04640845
33702,0.23621643
33703,0.08942419
33704,0.075808786
33705,0.018898249
33706,0.07371041
33707,0.07183249
33708,0.015179992
33709,0.12532726
33710,0.1428611
33711,0.2619835
33712,0.09018249
33713,0.034954146
33714,0.113571785
33715,0.17388387
33716,0.2606628
33717,0.061150007
33718,0.05393076
33719,0.019669466
33720,0.07202551
33721,0.48241374
33722,0.05988365
33723,0.1509845
33724,0.42354718
33725,0.25084603
33726,0.014876522
33727,0.01152768
33728,0.009766638
33729,0.043272465
33730,0.05588565
33731,0.39197093
33732,0.40606952
33733,0.12586066
33734,0.105328515
33735,0.26330853
33736,0.23270482
33737,0.14569226
33738,0.17912892
33739,0.26572704
33740,0.081431456
33741,0.040504526
33742,0.109344564
33743,0.04901588
33744,0.280587
33745,0.9383774
33746,0.07934897
33747,0.39626592
33748,0.014405526
33749,0.041104924
33750,0.20333703
33751,0.015273266
33752,0.014209934
33753,0.045651555
33754,0.08160472
33755,0.017293572
33756,0.061593823
33757,0.51640636
33758,0.049490593
33759,0.09262931
33760,0.37561995
33761,0.14488281
33762,0.1847462
33763,0.39893457
33764,0.41187721
33765,0.029030323
33766,0.14458457
33767,0.116386056
33768,0.12423687
33769,0.98202944
33770,0.4344029
33771,0.2960794
33772,0.022124127
33773,0.20834935
33774,0.062401384
33775,0.028394155
33776,0.02013614
33777,0.0124918
33778,0.054137312
33779,0.009036645
33780,0.01235915
33781,0.043364838
33782,0.068672
33783,0.11083287
33784,0.11270409
33785,0.11689362
33786,0.088969216
33787,0.1407646
33788,0.1282725
33789,0.1465484
33790,0.2791123
33791,0.016190171
33792,0.0663724
33793,0.9885078
33794,0.98648274
33795,0.6332098
33796,0.020938925
33797,0.12839806
33798,0.24934506
33799,0.09157597
33800,0.065241784
33801,0.009881936
33802,0.05681425
33803,0.07501909
33804,0.062028985
33805,0.010305487
33806,0.42075115
33807,0.015704326
33808,0.04096236
33809,0.12074937
33810,0.107296385
33811,0.05726626
33812,0.045080155
33813,0.3466183
33814,0.09241652
33815,0.019285545
33816,0.13147463
33817,0.111784905
33818,0.11447367
33819,0.976251
33820,0.92176557
33821,0.6174657
33822,0.08084835
33823,0.02287592
33824,0.4833491
33825,0.10263852
33826,0.25903872
33827,0.04374441
33828,0.1188536
33829,0.02290593
33830,0.11404729
33831,0.12091762
33832,0.14204195
33833,0.18686412
33834,0.5425064
33835,0.47942293
33836,0.16491614
33837,0.14965521
33838,0.0974663
33839,0.058410827
33840,0.1060495
33841,0.058477312
33842,0.03452077
33843,0.025979899
33844,0.123187736
33845,0.1319457
33846,0.05946824
33847,0.11872071
33848,0.024383947
33849,1.011975
33850,1.0047714
33851,0.96515393
33852,0.088022605
33853,0.0525486
33854,0.23827887
33855,0.4524618
33856,0.019829206
33857,0.01881992
33858,0.018473417
33859,0.11404605
33860,0.063784465
33861,0.40879172
33862,1.0058255
33863,0.07988523
33864,0.11519043
33865,0.111428164
33866,0.1506447
33867,0.07578577
33868,0.24464846
33869,0.2611248
33870,0.03714271
33871,0.102374405
33872,0.09963158
33873,0.12020363
33874,0.056066036
33875,0.025700994
33876,0.40777653
33877,0.40401855
33878,0.23984551
33879,0.07745491
33880,0.030001312
33881,0.13256839
33882,0.065756865
33883,0.17934056
33884,0.032875426
33885,0.047500826
33886,0.051697865
33887,0.025095128
33888,0.043240942
33889,0.051158078
33890,0.38015884
33891,0.6744255
33892,0.15666565
33893,0.2919297
33894,0.111889854
33895,0.15825646
33896,0.14567626
33897,0.58411676
33898,0.072867975
33899,0.033563327
33900,0.042240303
33901,0.029057719
33902,0.13554034
33903,0.17484
33904,0.1616286
33905,0.452532
33906,0.26862127
33907,0.13124813
33908,1.0471747
33909,0.12828416
33910,0.019981109
33911,0.25422147
33912,0.25018528
33913,0.016998775
33914,0.051933516
33915,0.2723987
33916,0.0685931
33917,0.0378238
33918,0.045419104
33919,0.047333214
33920,0.13080385
33921,0.41732705
33922,0.38871953
33923,0.29145792
33924,0.43457878
33925,0.15264456
33926,0.13398872
33927,0.22242257
33928,0.013488792
33929,0.018912002
33930,0.17911607
33931,0.08412732
33932,0.045952972
33933,0.48934036
33934,0.25536045
33935,0.058730096
33936,0.54784834
33937,0.27870485
33938,0.089649804
33939,0.14031096
33940,0.0949846
33941,0.04673984
33942,0.012214139
33943,0.03125951
33944,0.05631394
33945,0.10673806
33946,0.10878048
33947,0.12032605
33948,0.40807605
33949,0.73931754
33950,0.43390638
33951,0.2894793
33952,0.5638649
33953,0.115442775
33954,0.06515458
33955,0.07225482
33956,0.15238164
33957,0.2610271
33958,0.06963571
33959,0.02213303
33960,0.063805625
33961,0.14753029
33962,0.048680127
33963,0.110834554
33964,0.036121372
33965,0.021710664
33966,0.0209864
33967,0.012851566
33968,0.0326855
33969,0.08818877
33970,0.0627627
33971,0.08946103
33972,0.40263873
33973,0.25406522
33974,0.32757702
33975,0.6705813
33976,0.6354546
33977,0.26518273
33978,0.11427417
33979,0.04639681
33980,0.014070466
33981,0.04920457
33982,0.11613453
33983,0.03429185
33984,0.9935312
33985,0.050190777
33986,0.018511936
33987,0.07902018
33988,0.058121838
33989,0.23668805
33990,0.062318508
33991,0.052875113
33992,0.013568431
33993,0.04038887
33994,0.016362391
33995,0.029914193
33996,0.10496618
33997,0.11585539
33998,0.6469388
33999,0.39165115
34000,0.37490118
34001,1.0373123
34002,0.3903525
34003,0.4347798
34004,0.15296686
34005,0.041485894
34006,0.031649824
34007,0.030564196
34008,0.048239607
34009,0.0659961
34010,0.038154066
34011,0.06586533
34012,0.48435682
34013,0.11271502
34014,0.36974716
34015,0.034383807
34016,0.12167164
34017,0.1327368
34018,0.14929177
34019,0.24774703
34020,0.06805745
34021,0.029199071
34022,0.039247774
34023,0.12987125
34024,1.0142906
34025,0.39186049
34026,0.74555975
34027,0.3893707
34028,0.26446608
34029,0.16940778
34030,0.2555145
34031,0.0700648
34032,0.013703518
34033,0.024897955
34034,0.013986275
34035,0.06138268
34036,0.026276156
34037,0.118775815
34038,0.13261579
34039,0.09065012
34040,0.28037757
34041,0.02706597
34042,0.07932406
34043,0.27522412
34044,0.044942968
34045,0.011754058
34046,0.011890076
34047,0.12403007
34048,0.26840806
34049,0.042755324
34050,0.3424707
34051,0.2550726
34052,0.07879572
34053,0.14569406
34054,0.03064575
34055,0.107987024
34056,0.084055796
34057,0.059082434
34058,0.13060641
34059,0.12316124
34060,0.038940772
34061,0.010243893
34062,0.25122678
34063,0.013882183
34064,0.111944996
34065,0.037310738
34066,0.11547101
34067,0.037844535
34068,0.06578944
34069,0.061313707
34070,0.17786984
34071,0.26371986
34072,0.6331627
34073,0.122144975
34074,0.01269751
34075,0.015618585
34076,0.022215568
34077,0.028182305
34078,0.0706453
34079,0.078574836
34080,0.1167571
34081,0.010617912
34082,0.04696491
34083,0.012315825
34084,0.031991925
34085,0.020719282
34086,0.008619159
34087,0.033364978
34088,0.08430861
34089,0.09980069
34090,0.40897253
34091,0.012579031
34092,0.018485583
34093,0.07400952
34094,0.081516914
34095,0.11102674
34096,0.43277252
34097,0.1474779
34098,0.24314961
34099,0.010814033
34100,0.029872626
34101,0.015404679
34102,0.08414592
34103,0.14239861
34104,0.05060303
34105,0.008258291
34106,0.011834934
34107,0.02046711
34108,0.009229839
34109,0.26884773
34110,0.049471345
34111,0.015217081
34112,0.028449312
34113,0.13128082
34114,0.059940547
34115,0.04576096
34116,0.017649151
34117,0.027580313
34118,0.07346015
34119,0.39619917
34120,0.031410534
34121,0.019345202
34122,0.029384576
34123,0.04647148
34124,0.06077174
34125,0.25721365
34126,0.065024406
34127,0.26205876
34128,0.09944945
34129,0.026537634
34130,0.015527636
34131,0.050245184
34132,0.058777258
34133,0.033815317
34134,0.40767065
34135,0.16692905
34136,0.019290857
34137,0.116914034
34138,0.047667194
34139,0.012087032
34140,0.40690085
34141,0.6285971
34142,0.27219123
34143,0.10121173
34144,0.014555275
34145,0.09106917
34146,0.06434138
34147,0.06382916
34148,0.1261306
34149,0.0929473
34150,0.12685737
34151,1.0098944
34152,0.02745206
34153,0.0742932
34154,0.016033314
34155,0.08391087
34156,0.08769364
34157,0.019845769
34158,0.14041072
34159,0.5051215
34160,0.06617781
34161,0.25704643
34162,0.026902385
34163,0.11380617
34164,0.022109836
34165,0.086450204
34166,0.025914066
34167,0.027968898
34168,0.058406413
34169,0.061008897
34170,0.022719651
34171,0.020367846
34172,0.06360168
34173,0.018783659
34174,0.13070552
34175,0.034239374
34176,0.048671138
34177,0.015422195
34178,0.034869555
34179,0.08384248
34180,0.12461465
34181,0.056399003
34182,0.96230775
34183,0.06373172
34184,0.14512977
34185,0.049723882
34186,0.036370385
34187,0.042765625
34188,0.040736593
34189,0.017649613
34190,0.43631193
34191,0.02598168
34192,0.007635519
34193,0.05342616
34194,0.24228826
34195,0.022975236
34196,0.107985094
34197,0.0402243
34198,0.020625189
34199,0.045423303
34200,0.26376015
34201,0.015804991
34202,0.018447496
34203,0.019866295
34204,0.014606252
34205,0.037019946
34206,0.009113431
34207,0.028698668
34208,0.30865863
34209,0.07835476
34210,0.015398458
34211,0.08533606
34212,0.14816174
34213,0.13845281
34214,0.08534344
34215,0.079654045
34216,0.028179504
34217,0.054382995
34218,0.01870729
34219,0.080797195
34220,0.15487522
34221,0.13677973
34222,0.012518741
34223,0.020204186
34224,0.010076813
34225,0.017511271
34226,0.015449978
34227,0.015553683
34228,0.01099164
34229,0.026571035
34230,0.075231835
34231,0.0623207
34232,0.120929755
34233,0.012439452
34234,0.15302213
34235,0.4092818
34236,0.010006301
34237,0.011106774
34238,0.01709637
34239,0.017923146
34240,0.009413764
34241,0.014638312
34242,0.036867216
34243,0.016270295
34244,0.013924688
34245,0.009298213
34246,0.07931122
34247,0.03020531
34248,0.06053541
34249,0.015425861
34250,0.061592296
34251,0.016246676
34252,0.009087414
34253,0.007440582
34254,0.126132
34255,0.021661237
34256,0.041340794
34257,0.0347802
34258,0.12062655
34259,0.013740264
34260,0.013621613
34261,0.010626584
34262,0.44904673
34263,0.069678135
34264,0.067332506
34265,0.09848191
34266,0.015917048
34267,0.07739815
34268,0.022322133
34269,0.010048278
34270,0.13316928
34271,0.015786693
34272,0.1137155
34273,0.24724197
34274,0.024260536
34275,0.047378395
34276,0.03321149
34277,0.02527336
34278,0.023725025
34279,0.009903632
34280,0.035667736
34281,0.013584286
34282,0.111089885
34283,0.08860522
34284,0.007015288
34285,0.29602262
34286,0.026102573
34287,0.029871508
34288,0.005242355
34289,0.0039112717
34290,0.051651962
34291,0.023451485
34292,0.026662834
34293,0.018623315
34294,0.0371717
34295,0.010878906
34296,0.012516305
34297,0.03438725
34298,0.30736342
34299,0.1692372
34300,0.019706018
34301,0.14593525
34302,0.019015476
34303,0.019535959
34304,0.009147175
34305,0.043170597
34306,0.023765638
34307,0.02882938
34308,0.024072006
34309,0.04929574
34310,0.09639509
34311,0.04806449
34312,0.334112
34313,0.04115458
34314,0.06521331
34315,0.036179844
34316,0.14810249
34317,0.41043016
34318,0.040260997
34319,0.2419517
34320,0.099577
34321,0.37978995
34322,0.083774045
34323,0.13562526
34324,0.07763994
34325,0.027465217
34326,0.09982222
34327,0.38222697
34328,0.78121555
34329,0.2445055
34330,0.04760467
34331,0.049420144
34332,0.2904653
34333,0.06954778
34334,0.012343548
34335,0.032047857
34336,0.032227516
34337,0.016244113
34338,0.016270481
34339,0.08421584
34340,0.27853638
34341,0.492314
34342,0.47845584
34343,0.055134695
34344,0.09191848
34345,0.14024663
34346,0.2810063
34347,0.06411391
34348,0.045667455
34349,0.07752052
34350,0.119748116
34351,0.03419482
34352,0.4074281
34353,0.2347393
34354,0.28122702
34355,0.6422538
34356,0.10334056
34357,0.022199765
34358,0.5731327
34359,0.07018686
34360,0.16943765
34361,0.0683998
34362,0.06461023
34363,0.03311376
34364,0.09649556
34365,0.09272457
34366,0.1250484
34367,0.1279375
34368,0.031583432
34369,0.05979122
34370,0.09348504
34371,0.27120525
34372,0.055532657
34373,0.058167174
34374,0.066419765
34375,0.09830811
34376,0.040996972
34377,0.052084282
34378,0.027262762
34379,0.06692435
34380,0.14304696
34381,0.06630721
34382,0.18448415
34383,0.044499952
34384,0.05809491
34385,0.043268267
34386,0.013890266
34387,0.020063736
34388,0.537373
34389,0.12862074
34390,0.23021623
34391,0.4383171
34392,0.45902318
34393,0.097772
34394,0.07140811
34395,0.014431395
34396,0.023168653
34397,0.041476265
34398,0.011008985
34399,0.0722156
34400,0.08857403
34401,0.10459281
34402,0.17059734
34403,0.4726912
34404,0.02429612
34405,0.321102
34406,0.057068996
34407,0.026310548
34408,0.027121462
34409,0.2959123
34410,0.02002184
34411,0.04011788
34412,0.08076577
34413,0.034794334
34414,0.38630947
34415,0.5536681
34416,0.1167518
34417,0.019003078
34418,0.023662202
34419,0.051267006
34420,0.07259481
34421,0.14833625
34422,0.18666738
34423,0.11449039
34424,0.11696168
34425,0.06470464
34426,0.005691491
34427,0.012822814
34428,0.041835472
34429,0.032228336
34430,0.029854149
34431,0.03738229
34432,0.11958757
34433,0.07421988
34434,0.24105492
34435,0.01544445
34436,0.038289223
34437,0.027789973
34438,0.020775773
34439,0.016659811
34440,0.027809598
34441,0.045666926
34442,0.024630606
34443,0.076594606
34444,0.51715267
34445,0.38647562
34446,0.043988988
34447,0.03832109
34448,0.040323988
34449,0.10349265
34450,0.063307635
34451,0.059867136
34452,0.016423903
34453,0.014340527
34454,0.0332483
34455,0.16303238
34456,0.025088191
34457,0.032209955
34458,0.006257601
34459,0.06945205
34460,0.07827975
34461,0.24985597
34462,0.2530394
34463,0.3843921
34464,0.061990842
34465,0.044701774
34466,0.020133115
34467,0.048836358
34468,0.04153447
34469,0.25692847
34470,0.053120025
34471,0.573438
34472,0.12914889
34473,0.018630944
34474,0.12582898
34475,0.053323194
34476,0.049091056
34477,0.022155844
34478,0.007117979
34479,0.010417558
34480,0.054968957
34481,0.010269195
34482,0.03115289
34483,0.017207101
34484,0.020895228
34485,0.09283477
34486,0.091336116
34487,0.07058439
34488,0.11449293
34489,0.25307763
34490,0.39029133
34491,0.07086151
34492,0.02284056
34493,0.094218284
34494,0.020634815
34495,0.04558176
34496,0.0058973134
34497,0.021936864
34498,0.109285876
34499,0.06966484
34500,0.11984411
34501,0.06574442
34502,0.12185075
34503,0.04172396
34504,0.06007346
34505,0.031752326
34506,0.022123747
34507,0.13627093
34508,0.027169324
34509,0.075866275
34510,0.02639848
34511,0.010537751
34512,0.02276858
34513,0.042897265
34514,0.06529494
34515,0.083730705
34516,0.12615404
34517,0.11463268
34518,0.37628224
34519,0.24687913
34520,0.25654325
34521,0.009679474
34522,0.10726345
34523,0.012517378
34524,0.051317822
34525,0.0462651
34526,0.099900946
34527,0.04477728
34528,0.06355199
34529,0.042819634
34530,0.0778785
34531,0.05786995
34532,0.029429138
34533,0.012002572
34534,0.097796634
34535,0.015674055
34536,0.043454587
34537,0.15238935
34538,0.06820992
34539,0.14465871
34540,0.6008921
34541,0.13050961
34542,0.11163808
34543,0.06570847
34544,0.07852181
34545,0.084960364
34546,0.09727505
34547,0.0530123
34548,0.01096008
34549,0.26960605
34550,0.07381852
34551,0.08209768
34552,0.047837343
34553,0.0718092
34554,0.02367995
34555,0.0211519
34556,0.021391511
34557,0.048462827
34558,0.5009047
34559,0.07392136
34560,0.047509138
34561,0.12070284
34562,0.7595798
34563,0.104062244
34564,0.016253144
34565,0.11467265
34566,0.059530962
34567,0.17121342
34568,0.41063857
34569,0.07001798
34570,0.023449339
34571,0.05875597
34572,0.10932864
34573,0.10807908
34574,0.17394519
34575,0.04096271
34576,0.15091646
34577,0.07856444
34578,0.081620716
34579,0.071079336
34580,0.07968844
34581,0.016891837
34582,0.12839878
34583,0.14122188
34584,0.25986934
34585,0.095610715
34586,0.03244478
34587,0.11050911
34588,0.1850999
34589,0.25535786
34590,0.06367076
34591,0.054919947
34592,0.021674544
34593,0.010757938
34594,0.074542865
34595,0.45258242
34596,0.055702396
34597,0.14704561
34598,0.41116703
34599,0.2475133
34600,0.015595168
34601,0.012114301
34602,0.009406373
34603,0.04294427
34604,0.053665563
34605,0.41864422
34606,0.39600477
34607,0.11393399
34608,0.11134692
34609,0.27247822
34610,0.13917178
34611,0.13235992
34612,0.17465314
34613,0.2720001
34614,0.08699106
34615,0.041856334
34616,0.107931904
34617,0.04966061
34618,0.2813374
34619,0.95090437
34620,0.073702894
34621,0.4226644
34622,0.015885986
34623,0.043386817
34624,0.24967465
34625,0.016491376
34626,0.015274741
34627,0.050814994
34628,0.083192654
34629,0.017248616
34630,0.059800684
34631,0.51575845
34632,0.05461333
34633,0.08098637
34634,0.28473052
34635,0.16093758
34636,0.25092167
34637,0.36693037
34638,0.42026785
34639,0.2513516
34640,0.11522437
34641,0.118205585
34642,1.0029528
34643,0.44321817
34644,0.44692504
34645,0.025352642
34646,0.124446005
34647,0.07700722
34648,0.025078721
34649,0.022242635
34650,0.06505176
34651,0.008606747
34652,0.01100608
34653,0.040300574
34654,0.06886566
34655,0.111075446
34656,0.112422556
34657,0.13096096
34658,0.10129479
34659,0.14259622
34660,0.23828831
34661,0.0248295
34662,0.10986949
34663,0.40454167
34664,0.018486716
34665,0.070519365
34666,0.9746103
34667,0.97791654
34668,0.6273658
34669,0.11704682
34670,0.45410153
34671,0.09570026
34672,0.019222133
34673,0.061704487
34674,0.008993752
34675,0.051454786
34676,0.07219757
34677,0.06605023
34678,0.013801008
34679,0.43471488
34680,0.018483467
34681,0.03743416
34682,0.11823086
34683,0.1110045
34684,0.0559135
34685,0.04749257
34686,0.23960906
34687,0.09227136
34688,0.02106931
34689,0.127994
34690,0.11487464
34691,0.11794966
34692,0.9907163
34693,0.93414927
34694,0.61879474
34695,0.008928396
34696,0.017633341
34697,0.071685545
34698,0.030530691
34699,0.008061983
34700,0.49149257
34701,0.09194463
34702,0.26745638
34703,0.05111299
34704,0.117690876
34705,0.11080225
34706,0.12593307
34707,0.13261485
34708,0.17098072
34709,0.54704124
34710,0.5036578
34711,0.1738914
34712,0.14530705
34713,0.091984615
34714,0.0655954
34715,0.12757203
34716,0.062050022
34717,0.033979792
34718,0.024459511
34719,0.11557066
34720,0.12815855
34721,0.06476699
34722,0.12517574
34723,0.020062596
34724,0.9903653
34725,1.0087057
34726,0.95277333
34727,0.086605825
34728,0.050943874
34729,0.23136273
34730,0.01672943
34731,0.44554824
34732,0.022343539
34733,0.016901992
34734,0.01684881
34735,0.060602054
34736,0.11299161
34737,0.05767415
34738,0.39300424
34739,1.0071514
34740,0.07375102
34741,0.12171129
34742,0.12854402
34743,0.14173463
34744,0.06634916
34745,0.24844381
34746,0.14368549
34747,0.10189471
34748,0.10367551
34749,0.10633053
34750,0.05798204
34751,0.025030956
34752,0.39748365
34753,0.39468974
34754,0.24487299
34755,0.07493359
34756,0.030050546
34757,0.117120855
34758,0.069012895
34759,0.28959143
34760,0.033125374
34761,0.043930326
34762,0.050456464
34763,0.020537138
34764,0.04558463
34765,0.05150182
34766,0.39323318
34767,0.686506
34768,0.29009783
34769,0.28538996
34770,0.13110586
34771,0.23898217
34772,0.15066573
34773,0.4856423
34774,0.07663478
34775,0.034887202
34776,0.03626617
34777,0.03439417
34778,0.13568711
34779,0.2587009
34780,0.27118695
34781,0.45322406
34782,0.2712949
34783,0.14775038
34784,1.0543902
34785,0.2219291
34786,0.016619422
34787,0.25357625
34788,0.16721046
34789,0.01860243
34790,0.05166564
34791,0.15646507
34792,0.06602998
34793,0.03637034
34794,0.043665115
34795,0.04811371
34796,0.12793988
34797,0.4119807
34798,0.3925011
34799,0.2771411
34800,0.27607813
34801,0.14114042
34802,0.13234824
34803,0.38949627
34804,0.01791665
34805,0.1789956
34806,0.0908716
34807,0.05540495
34808,0.5282397
34809,0.37570646
34810,0.057561312
34811,0.5313315
34812,0.38764897
34813,0.004257627
34814,0.08445305
34815,0.13321474
34816,0.09280433
34817,0.041265495
34818,0.011224084
34819,0.007961422
34820,0.015708767
34821,0.03185045
34822,0.058340266
34823,0.09723622
34824,0.107474715
34825,0.2129633
34826,0.43101317
34827,0.73465765
34828,0.43500084
34829,0.29728115
34830,0.24409729
34831,0.13133235
34832,0.02156505
34833,0.06813029
34834,0.07145091
34835,0.25561735
34836,0.199231
34837,0.06403817
34838,0.02347564
34839,0.07230919
34840,0.14406484
34841,0.04805529
34842,0.11300647
34843,0.03797819
34844,0.033976935
34845,0.10435805
34846,0.06574298
34847,0.07599335
34848,0.37607056
34849,0.259177
34850,0.33384827
34851,0.6385361
34852,0.62611794
34853,0.26875493
34854,0.11859611
34855,0.04428553
34856,0.017998733
34857,0.05104644
34858,0.12051765
34859,0.030928276
34860,0.9860981
34861,0.04618957
34862,0.018500097
34863,0.06344412
34864,0.05998686
34865,0.37194094
34866,0.05489108
34867,0.05395491
34868,0.014793314
34869,0.045841906
34870,0.026791416
34871,0.12122826
34872,0.121655546
34873,0.5936056
34874,0.3792092
34875,0.27338254
34876,1.029258
34877,0.38495257
34878,0.5142964
34879,0.15467805
34880,0.042970244
34881,0.031529482
34882,0.03209383
34883,0.053738903
34884,0.051474407
34885,0.042924743
34886,0.06725108
34887,0.47146276
34888,0.10363175
34889,0.25646046
34890,0.034280807
34891,0.1252641
34892,0.24421105
34893,0.24745962
34894,0.25488847
34895,0.07281191
34896,0.029482596
34897,0.041695543
34898,0.13142651
34899,0.97324735
34900,0.38826203
34901,0.70111245
34902,0.4103403
34903,0.3864344
34904,0.15844779
34905,0.1400993
34906,0.014806151
34907,0.022181243
34908,0.014256075
34909,0.057397164
34910,0.020854287
34911,0.11033445
34912,0.13684398
34913,0.09762639
34914,0.28969297
34915,0.029192157
34916,0.074680194
34917,0.3901672
34918,0.046308935
34919,0.01089973
34920,0.11334023
34921,0.2731602
34922,0.03869674
34923,0.22961265
34924,0.1471899
34925,0.08055811
34926,0.14930265
34927,0.028367646
34928,0.102822065
34929,0.08304966
34930,0.052818943
34931,0.23436391
34932,0.1208113
34933,0.033754792
34934,0.0080814585
34935,0.25745818
34936,0.01234176
34937,0.11411524
34938,0.040536568
34939,0.032762382
34940,0.12627165
34941,0.035305772
34942,0.05518451
34943,0.058736432
34944,0.16695443
34945,0.27320576
34946,0.6299324
34947,0.14446032
34948,0.011101633
34949,0.015603058
34950,0.020420864
34951,0.034627434
34952,0.06592721
34953,0.068368405
34954,0.11957385
34955,0.0143318325
34956,0.04761705
34957,0.012405835
34958,0.03314287
34959,0.03188233
34960,0.011141807
34961,0.04058982
34962,0.006963171
34963,0.081914835
34964,0.09798178
34965,0.40508023
34966,0.014387943
34967,0.019879408
34968,0.0740508
34969,0.07686551
34970,0.10805134
34971,0.42117572
34972,0.1690341
34973,0.24273327
34974,0.028975591
34975,0.07980999
34976,0.15732342
34977,0.051513694
34978,0.0077850297
34979,0.017903984
34980,0.26964885
34981,0.04918007
34982,0.013838537
34983,0.018496372
34984,0.027505994
34985,0.12748042
34986,0.06393601
34987,0.041635532
34988,0.019110411
34989,0.024869733
34990,0.06972997
34991,0.38730934
34992,0.030557811
34993,0.042524364
34994,0.01508873
34995,0.031081505
34996,0.04585831
34997,0.06861703
34998,0.26267597
34999,0.06979593
35000,0.26248926
35001,0.10792979
35002,0.02807045
35003,0.029295862
35004,0.049431458
35005,0.061915725
35006,0.026749782
35007,0.40688545
35008,0.022533499
35009,0.29676756
35010,0.019356295
35011,0.12055765
35012,0.046385225
35013,0.25979277
35014,0.63332796
35015,0.26422614
35016,0.11134624
35017,0.014594883
35018,0.10335
35019,0.059637923
35020,0.05855599
35021,0.12082756
35022,0.096218616
35023,0.11178569
35024,1.0274631
35025,0.023007795
35026,0.07438254
35027,0.0763502
35028,0.08133918
35029,0.020911336
35030,0.13732044
35031,0.50414693
35032,0.06970606
35033,0.24663675
35034,0.026990175
35035,0.10462948
35036,0.021594048
35037,0.093590915
35038,0.029011868
35039,0.027180873
35040,0.054691676
35041,0.06298417
35042,0.030237205
35043,0.022454962
35044,0.06417028
35045,0.021152832
35046,0.1383715
35047,0.05151844
35048,0.015654065
35049,0.03578781
35050,0.095409125
35051,0.11133038
35052,0.05894488
35053,0.97389394
35054,0.06317673
35055,0.24776432
35056,0.055086516
35057,0.036386564
35058,0.04125984
35059,0.042710077
35060,0.012783952
35061,0.01946719
35062,0.47105587
35063,0.02467718
35064,0.0073466897
35065,0.0058605745
35066,0.015114464
35067,0.055547353
35068,0.15308428
35069,0.024781168
35070,0.115205884
35071,0.037141744
35072,0.021123566
35073,0.044515233
35074,0.37917244
35075,0.019304216
35076,0.019600756
35077,0.005635634
35078,0.012162007
35079,0.033493944
35080,0.0076494142
35081,0.02913531
35082,0.14815569
35083,0.07924088
35084,0.019246712
35085,0.07761362
35086,0.16079482
35087,0.13921867
35088,0.08642263
35089,0.07805678
35090,0.02766043
35091,0.059387375
35092,0.018808097
35093,0.0921004
35094,0.174579
35095,0.15407321
35096,0.026949741
35097,0.012150638
35098,0.009836428
35099,0.020983718
35100,0.009966023
35101,0.017751329
35102,0.017893814
35103,0.015513547
35104,0.009147219
35105,0.024489872
35106,0.080059774
35107,0.065046936
35108,0.16371295
35109,0.0153198615
35110,0.2352674
35111,0.0077057183
35112,0.41078556
35113,0.011179522
35114,0.027559742
35115,0.027289726
35116,0.010974243
35117,0.016046904
35118,0.0098048225
35119,0.01656112
35120,0.033900134
35121,0.01674506
35122,0.01567313
35123,0.08527623
35124,0.031278953
35125,0.05493472
35126,0.015548237
35127,0.012643084
35128,0.058240484
35129,0.007911384
35130,0.01159142
35131,0.11749919
35132,0.023259804
35133,0.04207152
35134,0.014736138
35135,0.03345615
35136,0.12163222
35137,0.0070192963
35138,0.014112063
35139,0.013111383
35140,0.01023449
35141,0.33340457
35142,0.07492791
35143,0.0830058
35144,0.09879163
35145,0.07144638
35146,0.022972107
35147,0.11717121
35148,0.015904218
35149,0.117333695
35150,0.15553427
35151,0.018121168
35152,0.024963021
35153,0.03206071
35154,0.026538812
35155,0.035134614
35156,0.010168567
35157,0.11345836
35158,0.07944987
35159,0.16451275
35160,0.024368055
35161,0.027067713
35162,0.017795935
35163,0.044062063
35164,0.02171024
35165,0.0154526085
35166,0.016978934
35167,0.034409434
35168,0.012629487
35169,0.037423156
35170,0.31481433
35171,0.26188487
35172,0.021622673
35173,0.14363167
35174,0.019514814
35175,0.009063423
35176,0.051649358
35177,0.034575243
35178,0.039453477
35179,0.036023393
35180,0.024332412
35181,0.045614995
35182,0.034858614
35183,0.040895667
35184,0.06857497
35185,0.051120523
35186,0.034196597
35187,0.4188058
35188,0.047734704
35189,0.06456865
35190,0.052393276
35191,0.37211752
35192,0.26320794
35193,0.1264192
35194,0.049097154
35195,0.010602012
35196,0.41918892
35197,0.045503367
35198,0.38284844
35199,0.03523094
35200,0.39220446
35201,0.06684485
35202,0.07624421
35203,0.028647482
35204,0.015950046
35205,0.23019674
35206,0.03718602
35207,0.8416856
35208,0.26369807
35209,0.047653984
35210,0.28985354
35211,0.05110028
35212,0.011067517
35213,0.026187435
35214,0.036185436
35215,0.015679076
35216,0.012706585
35217,0.07861545
35218,0.40290463
35219,0.510835
35220,0.52149045
35221,0.04467896
35222,0.06329643
35223,0.026750274
35224,0.21512365
35225,0.121200785
35226,0.003972277
35227,0.021104157
35228,0.058756765
35229,0.044499718
35230,0.057267405
35231,0.221389
35232,0.033447772
35233,0.43236268
35234,0.23450458
35235,0.2932825
35236,0.51542294
35237,0.1202754
35238,0.5039205
35239,0.019429758
35240,0.08468237
35241,0.12001636
35242,0.06536229
35243,0.0683666
35244,0.0498641
35245,0.06932029
35246,0.102674976
35247,0.13964884
35248,0.11633396
35249,0.03080853
35250,0.06502342
35251,0.09181522
35252,0.27822757
35253,0.06269279
35254,0.06872709
35255,0.0575657
35256,0.07781199
35257,0.027077377
35258,0.05032426
35259,0.07453459
35260,0.12323956
35261,0.057425115
35262,0.17720181
35263,0.04512154
35264,0.061733995
35265,0.04266914
35266,0.02531004
35267,0.016973034
35268,0.02116093
35269,0.4960781
35270,0.13760357
35271,0.22491035
35272,0.42535615
35273,0.42221725
35274,0.10435736
35275,0.078137465
35276,0.02533371
35277,0.018289573
35278,0.04277594
35279,0.20868795
35280,0.1062313
35281,0.1470147
35282,0.4626599
35283,0.3608862
35284,0.057042964
35285,0.033634327
35286,0.027129747
35287,0.28839397
35288,0.024729118
35289,0.046913356
35290,0.059538774
35291,0.41030198
35292,0.5514395
35293,0.10887661
35294,0.018912956
35295,0.0221937
35296,0.052048802
35297,0.08249864
35298,0.01042939
35299,0.03851963
35300,0.014659591
35301,0.17043757
35302,0.16596362
35303,0.11223732
35304,0.113063976
35305,0.06509335
35306,0.043180086
35307,0.03488307
35308,0.030925095
35309,0.03772137
35310,0.12337216
35311,0.070823155
35312,0.11721098
35313,0.013593435
35314,0.043611776
35315,0.03085471
35316,0.020790845
35317,0.017686598
35318,0.027812287
35319,0.048318174
35320,0.026562981
35321,0.09264779
35322,0.49414086
35323,0.41120288
35324,0.042860143
35325,0.042604305
35326,0.039838962
35327,0.116939045
35328,0.06692969
35329,0.015470907
35330,0.06245067
35331,0.01818791
35332,0.035074532
35333,0.24819252
35334,0.02431491
35335,0.024190031
35336,0.032532334
35337,0.06842948
35338,0.07772057
35339,0.23814744
35340,0.26246935
35341,0.41589808
35342,0.07049273
35343,0.04256172
35344,0.019131415
35345,0.049738906
35346,0.04163067
35347,0.010943592
35348,0.27063152
35349,0.059455708
35350,0.5473574
35351,0.13010465
35352,0.021197617
35353,0.14353582
35354,0.056973856
35355,0.05322447
35356,0.022710681
35357,0.011283897
35358,0.073045425
35359,0.02202794
35360,0.018643074
35361,0.08005274
35362,0.046301376
35363,0.091914855
35364,0.06647688
35365,0.12431649
35366,0.25443083
35367,0.41748616
35368,0.07181838
35369,0.023039393
35370,0.09162173
35371,0.019291624
35372,0.045548428
35373,0.08722437
35374,0.066774294
35375,0.12986307
35376,0.06991829
35377,0.12460665
35378,0.047257446
35379,0.05835873
35380,0.019888856
35381,0.025092408
35382,0.13945042
35383,0.010755092
35384,0.027787112
35385,0.07014389
35386,0.030586913
35387,0.022479065
35388,0.040565927
35389,0.05931127
35390,0.08642095
35391,0.13942903
35392,0.12311577
35393,0.39029613
35394,0.23933342
35395,0.25866902
35396,0.011099167
35397,0.09014511
35398,0.049103297
35399,0.04881896
35400,0.099758975
35401,0.025947548
35402,0.020624049
35403,0.06419145
35404,0.04562035
35405,0.08291654
35406,0.032862693
35407,0.05747727
35408,0.0074382275
35409,0.022322059
35410,0.028303452
35411,0.086420916
35412,0.01519686
35413,0.043863688
35414,0.15862674
35415,0.05981999
35416,0.14983791
35417,0.5727924
35418,0.11031782
35419,0.13509294
35420,0.066006996
35421,0.09361879
35422,0.08151025
35423,0.09805479
35424,0.0541594
35425,0.27800214
35426,0.08911421
35427,0.07164782
35428,0.055387516
35429,0.0627558
35430,0.017889045
35431,0.025522165
35432,0.022369705
35433,0.020986669
35434,0.05076146
35435,0.3194443
35436,0.075704396
35437,0.05412557
35438,0.11018672
35439,0.74962294
35440,0.10906894
35441,0.016113207
35442,0.23802519
35443,0.056597274
35444,0.27555236
35445,0.30360326
35446,0.07799302
35447,0.070474535
35448,0.08619359
35449,0.11363295
35450,0.17403735
35451,0.04198327
35452,0.23509204
35453,0.08962391
35454,0.07502677
35455,0.018523261
35456,0.025337853
35457,0.06353359
35458,0.0751095
35459,0.015537865
35460,0.12984851
35461,0.14945862
35462,0.25169432
35463,0.0930094
35464,0.03215976
35465,0.12698342
35466,0.16987446
35467,0.26595035
35468,0.054676462
35469,0.055408183
35470,0.02349624
35471,0.070326045
35472,0.48718664
35473,0.05981813
35474,0.14142059
35475,0.21173784
35476,0.1697561
35477,0.015938751
35478,0.022183627
35479,0.01698722
35480,0.04602382
35481,0.059481718
35482,0.25947437
35483,0.39561042
35484,0.11444584
35485,0.12131893
35486,0.12765568
35487,0.22060367
35488,0.159351
35489,0.1659174
35490,0.37199464
35491,0.07848725
35492,0.0057553872
35493,0.018132687
35494,0.04369263
35495,0.110114604
35496,0.057508085
35497,0.20868039
35498,0.94532436
35499,0.07324052
35500,0.3728991
35501,0.015788771
35502,0.04907159
35503,0.26187
35504,0.04807543
35505,0.08829217
35506,0.017908081
35507,0.053198624
35508,0.0058379844
35509,0.45779923
35510,0.04746821
35511,0.09627218
35512,0.2669641
35513,0.16328068
35514,0.24880737
35515,0.2617713
35516,0.4311952
35517,0.030942023
35518,0.17032403
35519,0.12178398
35520,0.1290857
35521,0.99208605
35522,0.43697578
35523,0.44737563
35524,0.023513868
35525,0.13177371
35526,0.07720227
35527,0.030290328
35528,0.02119992
35529,0.011498213
35530,0.007964887
35531,0.056575734
35532,0.009605333
35533,0.010078311
35534,0.039445505
35535,0.06674507
35536,0.12276228
35537,0.11422384
35538,0.11335583
35539,0.08921303
35540,0.26111874
35541,0.11383407
35542,0.023909986
35543,0.106720135
35544,0.27191725
35545,0.02071581
35546,0.070446
35547,0.9945612
35548,0.9751464
35549,0.59190476
35550,0.0042336956
35551,0.024561018
35552,0.015733145
35553,0.11618863
35554,0.42568174
35555,0.09469484
35556,0.017913401
35557,0.058408607
35558,0.048726734
35559,0.068029255
35560,0.06953355
35561,0.012937725
35562,0.4412874
35563,0.017269641
35564,0.040998463
35565,0.12542143
35566,0.1096887
35567,0.05505687
35568,0.04407401
35569,0.2341178
35570,0.09502593
35571,0.024266057
35572,0.14772058
35573,0.1165024
35574,0.10809504
35575,0.9910837
35576,0.94429296
35577,0.5719712
35578,0.0144019425
35579,0.0813038
35580,0.024172023
35581,0.007552147
35582,0.45928472
35583,0.10491116
35584,0.2634878
35585,0.040965762
35586,0.10997358
35587,0.023517676
35588,0.11193384
35589,0.11878689
35590,0.14050531
35591,0.18812796
35592,0.5259569
35593,0.4743146
35594,0.16609351
35595,0.15934391
35596,0.09236606
35597,0.0691
35598,0.111192495
35599,0.057697564
35600,0.03237211
35601,0.0277028
35602,0.12832981
35603,0.13825968
35604,0.060318116
35605,0.12357901
35606,0.025930122
35607,0.96202093
35608,1.035815
35609,0.99182004
35610,0.07736121
35611,0.07284393
35612,0.2266404
35613,0.39320925
35614,0.023091331
35615,0.009306692
35616,0.016178824
35617,0.019862883
35618,0.05682563
35619,0.111440524
35620,0.069054514
35621,0.37984318
35622,1.0351481
35623,0.07426188
35624,0.12184797
35625,0.12401433
35626,0.13925692
35627,0.076786384
35628,0.24266991
35629,0.12016234
35630,0.037506055
35631,0.09599678
35632,0.1298399
35633,0.12320775
35634,0.055468846
35635,0.02830439
35636,0.26674294
35637,0.3785053
35638,0.14286464
35639,0.11095428
35640,0.07505375
35641,0.19415975
35642,0.035042103
35643,0.041697204
35644,0.051645685
35645,0.018219896
35646,0.04529453
35647,0.043513786
35648,0.28024134
35649,0.7284549
35650,0.28808045
35651,0.15136153
35652,0.116607174
35653,0.15826207
35654,0.15173678
35655,0.5443587
35656,0.08737526
35657,0.032677226
35658,0.038181517
35659,0.032260086
35660,0.14068483
35661,0.16440096
35662,0.2673319
35663,0.44079193
35664,0.39413646
35665,0.12789193
35666,1.0345618
35667,0.22652534
35668,0.017575234
35669,0.1418477
35670,0.16400078
35671,0.01769071
35672,0.055485956
35673,0.47561994
35674,0.05753913
35675,0.03633669
35676,0.042606916
35677,0.04770474
35678,0.14030051
35679,0.40101653
35680,0.38500065
35681,0.5396571
35682,0.41557908
35683,0.15660553
35684,0.14516291
35685,0.4015029
35686,0.020758979
35687,0.18417163
35688,0.06871115
35689,0.061945576
35690,0.5201552
35691,0.25786358
35692,0.060885888
35693,0.5586762
35694,0.4011983
35695,0.0023395047
35696,0.09823362
35697,0.12719516
35698,0.094862126
35699,0.04259585
35700,0.011929497
35701,0.027678818
35702,0.052197244
35703,0.108330525
35704,0.11484593
35705,0.123936
35706,0.40923896
35707,0.7111191
35708,0.41296417
35709,0.29044086
35710,0.5526852
35711,0.10095245
35712,0.06441702
35713,0.07132849
35714,0.23335361
35715,0.19880554
35716,0.062441155
35717,0.02415631
35718,0.07188095
35719,0.1298927
35720,0.0201924
35721,0.0487791
35722,0.09481973
35723,0.020112686
35724,0.014620073
35725,0.03585286
35726,0.012217805
35727,0.035159133
35728,0.09118475
35729,0.06055106
35730,0.08585414
35731,0.40034574
35732,0.26336154
35733,0.09544954
35734,0.7114279
35735,0.6378989
35736,0.28188944
35737,0.13764901
35738,0.049080975
35739,0.022287384
35740,0.05178283
35741,0.12027486
35742,0.016436733
35743,0.032670274
35744,0.97823656
35745,0.058987353
35746,0.021295324
35747,0.08049836
35748,0.07227167
35749,0.24675006
35750,0.055580314
35751,0.05109076
35752,0.015936121
35753,0.04429931
35754,0.027003884
35755,0.10485328
35756,0.10765268
35757,0.5988565
35758,0.369184
35759,0.26691753
35760,1.0787239
35761,0.3902876
35762,0.45529658
35763,0.16639361
35764,0.04419228
35765,0.034079347
35766,0.035547502
35767,0.07053044
35768,0.05459645
35769,0.042965773
35770,0.1946207
35771,0.44689274
35772,0.11381777
35773,0.26326427
35774,0.030187026
35775,0.11521725
35776,0.13927098
35777,0.14560144
35778,0.24421635
35779,0.06365836
35780,0.023392022
35781,0.028631195
35782,0.009492621
35783,0.04577853
35784,0.14736772
35785,1.027371
35786,0.3859213
35787,0.717686
35788,0.3952615
35789,0.39567915
35790,0.16068766
35791,0.12903956
35792,0.05564484
35793,0.02242072
35794,0.017284237
35795,0.05598805
35796,0.023904301
35797,0.108498506
35798,0.13274293
35799,0.07754569
35800,0.3026169
35801,0.028648451
35802,0.0795139
35803,0.4053201
35804,0.04422734
35805,0.012058988
35806,0.10704749
35807,0.26019266
35808,0.04213319
35809,0.24770346
35810,0.13898414
35811,0.08370437
35812,0.13717218
35813,0.0333544
35814,0.10230191
35815,0.08986749
35816,0.05551497
35817,0.13949281
35818,0.022597961
35819,0.13164285
35820,0.034477673
35821,0.027098149
35822,0.24300307
35823,0.011805281
35824,0.018479176
35825,0.1077295
35826,0.03507122
35827,0.12225518
35828,0.03784031
35829,0.057598095
35830,0.062936686
35831,0.18860713
35832,0.2593316
35833,0.62815005
35834,0.1294192
35835,0.009166554
35836,0.014564641
35837,0.014638558
35838,0.02368167
35839,0.029783964
35840,0.07635822
35841,0.076540604
35842,0.21376956
35843,0.013795368
35844,0.045148555
35845,0.032648187
35846,0.022253267
35847,0.037850767
35848,0.09079614
35849,0.10208151
35850,0.41475657
35851,0.012761146
35852,0.06966879
35853,0.0834524
35854,0.10443154
35855,0.39965054
35856,0.1598956
35857,0.012957543
35858,0.012079649
35859,0.16240677
35860,0.029847778
35861,0.07400647
35862,0.1534297
35863,0.059115015
35864,0.012720726
35865,0.021399915
35866,0.010246657
35867,0.37987515
35868,0.015838765
35869,0.01858414
35870,0.02623517
35871,0.1285786
35872,0.059904438
35873,0.042444587
35874,0.018871546
35875,0.026634738
35876,0.07152881
35877,0.2898517
35878,0.029945903
35879,0.018401228
35880,0.0371315
35881,0.041518163
35882,0.07867735
35883,0.2537056
35884,0.07326341
35885,0.2652557
35886,0.1035292
35887,0.026809
35888,0.015531361
35889,0.04754527
35890,0.07223473
35891,0.029019788
35892,0.28180718
35893,0.29650605
35894,0.021468312
35895,0.11034444
35896,0.047676414
35897,0.013006449
35898,0.26505038
35899,0.5461268
35900,0.26376036
35901,0.10918623
35902,0.088880435
35903,0.06911042
35904,0.060940083
35905,0.112765476
35906,0.10626796
35907,0.11681255
35908,0.9980967
35909,0.08955519
35910,0.093128495
35911,0.083956294
35912,0.02484046
35913,0.1495252
35914,0.461964
35915,0.06628557
35916,0.24890998
35917,0.027440704
35918,0.13202217
35919,0.023473598
35920,0.093781754
35921,0.030027002
35922,0.024658628
35923,0.0641836
35924,0.07143445
35925,0.025178656
35926,0.07242967
35927,0.014974661
35928,0.020298354
35929,0.28608233
35930,0.033586152
35931,0.045065984
35932,0.016649261
35933,0.03796966
35934,0.0893519
35935,0.1162635
35936,0.9884744
35937,0.06885144
35938,0.23554751
35939,0.06143964
35940,0.039525833
35941,0.0409234
35942,0.03890697
35943,0.016974092
35944,0.46404615
35945,0.02673816
35946,0.0061589256
35947,0.007595144
35948,0.02022639
35949,0.010936521
35950,0.05445324
35951,0.14372653
35952,0.022674814
35953,0.13332649
35954,0.044676006
35955,0.021767251
35956,0.005804278
35957,0.050039094
35958,0.3749821
35959,0.016346231
35960,0.0061563626
35961,0.01984004
35962,0.013520718
35963,0.03910102
35964,0.031893566
35965,0.11766441
35966,0.08069993
35967,0.017874233
35968,0.019377552
35969,0.07610397
35970,0.15720296
35971,0.14191273
35972,0.100281164
35973,0.08940655
35974,0.027499817
35975,0.05158987
35976,0.020569675
35977,0.09246109
35978,0.15227182
35979,0.22097698
35980,0.009932771
35981,0.015343711
35982,0.019396849
35983,0.011499822
35984,0.022532232
35985,0.008477837
35986,0.020402774
35987,0.01044663
35988,0.017127834
35989,0.01487162
35990,0.029637896
35991,0.06991268
35992,0.06701281
35993,0.1619109
35994,0.23272035
35995,0.010913886
35996,0.2998949
35997,0.027599096
35998,0.012964107
35999,0.018506497
36000,0.022657655
36001,0.018318795
36002,0.03906673
36003,0.019197986
36004,0.009431012
36005,0.07893068
36006,0.03217195
36007,0.07207476
36008,0.065683514
36009,0.018774733
36010,0.01072973
36011,0.016479135
36012,0.11594506
36013,0.028602622
36014,0.043525312
36015,0.014639333
36016,0.032124516
36017,0.018886365
36018,0.10754168
36019,0.0147641
36020,0.3157758
36021,0.06732622
36022,0.071324855
36023,0.09387777
36024,0.01987242
36025,0.07356828
36026,0.022933051
36027,0.093117
36028,0.018504828
36029,0.109407805
36030,0.15954173
36031,0.01826287
36032,0.027611353
36033,0.03546575
36034,0.02956374
36035,0.03267179
36036,0.0122522265
36037,0.11681184
36038,0.08763051
36039,0.19657698
36040,0.027911179
36041,0.032609712
36042,0.005377345
36043,0.014594898
36044,0.056764115
36045,0.022849515
36046,0.036644284
36047,0.013018236
36048,0.037067406
36049,0.30241907
36050,0.28273255
36051,0.01913578
36052,0.12918729
36053,0.021207705
36054,0.036797743
36055,0.02745787
36056,0.015456162
36057,0.03312165
36058,0.051612806
36059,0.04327921
36060,0.06297855
36061,0.025575295
36062,0.053348295
36063,0.10931886
36064,0.04171831
36065,0.35823238
36066,0.045982376
36067,0.0366251
36068,0.039922018
36069,0.27904752
36070,0.36110356
36071,0.028259054
36072,0.047801413
36073,0.03673685
36074,0.2687068
36075,0.05764467
36076,0.39657095
36077,0.0610169
36078,0.10979984
36079,0.0787873
36080,0.081832066
36081,0.015044048
36082,0.36044165
36083,0.80261415
36084,0.2557247
36085,0.0520474
36086,0.05063748
36087,0.31056517
36088,0.052031282
36089,0.012503773
36090,0.03349352
36091,0.018365681
36092,0.016162515
36093,0.1029449
36094,0.28146362
36095,0.5375187
36096,0.5179797
36097,0.056865107
36098,0.081573226
36099,0.22287649
36100,0.14902668
36101,0.021405391
36102,0.058903866
36103,0.051015254
36104,0.072871275
36105,0.102718696
36106,0.43444696
36107,0.23810276
36108,0.29201782
36109,0.6107335
36110,0.12316307
36111,0.02226422
36112,0.5107513
36113,0.020968057
36114,0.07315754
36115,0.110036574
36116,0.0640966
36117,0.07575333
36118,0.040073596
36119,0.08011995
36120,0.09152134
36121,0.13304085
36122,0.11572401
36123,0.031272434
36124,0.05519924
36125,0.074176006
36126,0.28995866
36127,0.05320013
36128,0.032426633
36129,0.06540475
36130,0.056183588
36131,0.06669565
36132,0.043961395
36133,0.08389712
36134,0.0667128
36135,0.112220705
36136,0.057246827
36137,0.19267091
36138,0.053698603
36139,0.045791954
36140,0.012053169
36141,0.4992554
36142,0.23492679
36143,0.08346753
36144,0.41603646
36145,0.4310418
36146,0.08710016
36147,0.07465718
36148,0.0154198855
36149,0.026770942
36150,0.03802209
36151,0.06870603
36152,0.07425208
36153,0.103764534
36154,0.27287307
36155,0.49535334
36156,0.3078627
36157,0.06088706
36158,0.010427788
36159,0.028045751
36160,0.044423983
36161,0.2842043
36162,0.02310256
36163,0.03607445
36164,0.012612417
36165,0.06551057
36166,0.03581671
36167,0.3767025
36168,0.57407373
36169,0.1088198
36170,0.020294517
36171,0.022730693
36172,0.04725915
36173,0.06281714
36174,0.020868123
36175,0.026138097
36176,0.01516971
36177,0.14848298
36178,0.18979526
36179,0.11059362
36180,0.10862875
36181,0.058660593
36182,0.038494647
36183,0.03400031
36184,0.032287557
36185,0.03226835
36186,0.12245755
36187,0.072425425
36188,0.11394012
36189,0.015407622
36190,0.042513475
36191,0.030026093
36192,0.01802519
36193,0.017302066
36194,0.024814166
36195,0.047352325
36196,0.025430858
36197,0.074666396
36198,0.48398685
36199,0.39480132
36200,0.044402238
36201,0.03729511
36202,0.03295773
36203,0.09892983
36204,0.04903757
36205,0.014458455
36206,0.06713758
36207,0.014442325
36208,0.03215258
36209,0.25698322
36210,0.022730723
36211,0.023876376
36212,0.036523737
36213,0.06922816
36214,0.07512067
36215,0.24219564
36216,0.25445443
36217,0.23576853
36218,0.06831977
36219,0.044130232
36220,0.018115722
36221,0.053739995
36222,0.03832174
36223,0.2614365
36224,0.056275476
36225,0.5573039
36226,0.12907672
36227,0.12795953
36228,0.050385486
36229,0.017788999
36230,0.050909
36231,0.030213699
36232,0.018440634
36233,0.08270546
36234,0.043216098
36235,0.089670375
36236,0.067620635
36237,0.11627889
36238,0.23674104
36239,0.4038605
36240,0.0693093
36241,0.020022586
36242,0.090819195
36243,0.01925169
36244,0.044189155
36245,0.08825182
36246,0.06301764
36247,0.11364682
36248,0.06975217
36249,0.10693408
36250,0.043029334
36251,0.061815053
36252,0.020180494
36253,0.13425079
36254,0.012619436
36255,0.025055237
36256,0.07011054
36257,0.031013414
36258,0.023709446
36259,0.03901801
36260,0.061452862
36261,0.083383754
36262,0.11042828
36263,0.11003159
36264,0.2537415
36265,0.23103127
36266,0.25818235
36267,0.009976812
36268,0.092699416
36269,0.04688563
36270,0.047098894
36271,0.09166168
36272,0.024338
36273,0.019597054
36274,0.05261992
36275,0.06400189
36276,0.049276926
36277,0.0773267
36278,0.064105965
36279,0.081463195
36280,0.015344128
36281,0.04413774
36282,0.14440227
36283,0.05956067
36284,0.20859954
36285,0.5626751
36286,0.11910561
36287,0.1161858
36288,0.0659132
36289,0.08054407
36290,0.07582572
36291,0.08373999
36292,0.049622048
36293,0.010720231
36294,0.02035258
36295,0.27272803
36296,0.057731267
36297,0.06585374
36298,0.053392798
36299,0.06818648
36300,0.014190808
36301,0.021856114
36302,0.018890008
36303,0.04791881
36304,0.47525066
36305,0.07431524
36306,0.045171596
36307,0.10094045
36308,0.7669483
36309,0.10577775
36310,0.014444403
36311,0.10917859
36312,0.05906535
36313,0.26613286
36314,0.39219058
36315,0.070598416
36316,0.02215042
36317,0.070779674
36318,0.08466001
36319,0.08790257
36320,0.16691631
36321,0.05194763
36322,0.25476435
36323,0.068907715
36324,0.07234082
36325,0.015024133
36326,0.024367929
36327,0.068823025
36328,0.06950363
36329,0.016365953
36330,0.11823797
36331,0.12562872
36332,0.25983235
36333,0.08061626
36334,0.03197687
36335,0.112901375
36336,0.17257047
36337,0.18112886
36338,0.05689578
36339,0.050465435
36340,0.021455519
36341,0.06743699
36342,0.51836526
36343,0.053926844
36344,0.14854905
36345,0.30729738
36346,0.1602758
36347,0.013637781
36348,0.01953587
36349,0.007024266
36350,0.04292783
36351,0.054082472
36352,0.26644138
36353,0.37673068
36354,0.09784583
36355,0.10614602
36356,0.12833022
36357,0.22663283
36358,0.13088164
36359,0.18345945
36360,0.35608608
36361,0.076915935
36362,0.050755303
36363,0.10782664
36364,0.050392594
36365,0.28234217
36366,0.90286106
36367,0.06841818
36368,0.3874541
36369,0.01595699
36370,0.038820036
36371,0.2205973
36372,0.04527592
36373,0.076859534
36374,0.017649464
36375,0.056947578
36376,0.0061887354
36377,0.5113945
36378,0.04708867
36379,0.08763625
36380,0.2804808
36381,0.14015976
36382,0.19214311
36383,0.27212808
36384,0.17283678
36385,0.031177476
36386,0.27136162
36387,0.24452877
36388,0.12662098
36389,0.97356856
36390,0.40839562
36391,0.44574174
36392,0.02091907
36393,0.2353074
36394,0.075737916
36395,0.027407572
36396,0.018153973
36397,0.013266265
36398,0.008710869
36399,0.055403944
36400,0.010851815
36401,0.040029638
36402,0.06376182
36403,0.100636326
36404,0.12100445
36405,0.1147641
36406,0.08815765
36407,0.12984084
36408,0.11379756
36409,0.028998107
36410,0.10931228
36411,0.29844177
36412,0.06026974
36413,0.9968288
36414,1.0072155
36415,0.584095
36416,0.005928166
36417,0.028176613
36418,0.11025737
36419,0.43088794
36420,0.08341917
36421,0.016208835
36422,0.057092007
36423,0.008952253
36424,0.008920729
36425,0.046377685
36426,0.06769043
36427,0.06292729
36428,0.43646136
36429,0.015545189
36430,0.037206315
36431,0.11461589
36432,0.09922236
36433,0.058208656
36434,0.04139733
36435,0.34266397
36436,0.08492378
36437,0.13168502
36438,0.10072794
36439,0.09997281
36440,0.9908132
36441,0.9638392
36442,0.5738565
36443,0.016420625
36444,0.07208007
36445,0.029357597
36446,0.0085283
36447,0.46799415
36448,0.09450976
36449,0.27845782
36450,0.04361509
36451,0.11027792
36452,0.022391424
36453,0.10191484
36454,0.12011625
36455,0.1363252
36456,0.1593452
36457,0.56356394
36458,0.48406988
36459,0.16002204
36460,0.14296202
36461,0.090734325
36462,0.05682823
36463,0.09624353
36464,0.05326105
36465,0.030838415
36466,0.12731667
36467,0.13719907
36468,0.05787589
36469,0.10562478
36470,0.022139825
36471,1.0022109
36472,1.031989
36473,0.938632
36474,0.057723664
36475,0.0556424
36476,0.23740947
36477,0.43092725
36478,0.021884434
36479,0.017130136
36480,0.019978784
36481,0.106092915
36482,0.07184982
36483,0.395812
36484,1.0103472
36485,0.07355213
36486,0.11623159
36487,0.12333952
36488,0.13287467
36489,0.06197148
36490,0.22761571
36491,0.1231299
36492,0.03921662
36493,0.0920465
36494,0.09800848
36495,0.11239968
36496,0.050654333
36497,0.39038238
36498,0.37971
36499,0.13582692
36500,0.071062095
36501,0.10917418
36502,0.059341833
36503,0.21021152
36504,0.029179476
36505,0.043597568
36506,0.044363707
36507,0.018214695
36508,0.04561472
36509,0.049553465
36510,0.38306934
36511,0.6879311
36512,0.15703902
36513,0.14762758
36514,0.11538633
36515,0.13436273
36516,0.15487303
36517,0.5253982
36518,0.07575148
36519,0.037460998
36520,0.03177417
36521,0.14210853
36522,0.14853755
36523,0.3752937
36524,0.30530134
36525,0.28516155
36526,0.12664574
36527,1.0400673
36528,0.23745856
36529,0.018286772
36530,0.12913683
36531,0.1799025
36532,0.018867351
36533,0.051705442
36534,0.45156637
36535,0.05550843
36536,0.03783913
36537,0.044426788
36538,0.04090277
36539,0.1393818
36540,0.3955297
36541,0.26975527
36542,0.5181968
36543,0.41238713
36544,0.14223927
36545,0.14802128
36546,0.2643812
36547,0.020627514
36548,0.19975424
36549,0.080004886
36550,0.054050997
36551,0.44658914
36552,0.27288336
36553,0.05076869
36554,0.5035909
36555,0.38145474
36556,0.005324222
36557,0.08294888
36558,0.12403524
36559,0.08961748
36560,0.042105086
36561,0.008843116
36562,0.032760125
36563,0.052444242
36564,0.10488224
36565,0.09478397
36566,0.11787788
36567,0.40026453
36568,0.7109296
36569,0.4088331
36570,0.30912295
36571,0.59205973
36572,0.10364152
36573,0.020790555
36574,0.058763124
36575,0.06867714
36576,0.25763032
36577,0.1860416
36578,0.06507481
36579,0.027271226
36580,0.061353654
36581,0.13871668
36582,0.022763997
36583,0.045131676
36584,0.10111558
36585,0.011206925
36586,0.03738686
36587,0.010326855
36588,0.034319874
36589,0.08983992
36590,0.05861847
36591,0.07621494
36592,0.3844386
36593,0.27481556
36594,0.3673343
36595,0.71126986
36596,0.57893753
36597,0.27339542
36598,0.11748759
36599,0.04662752
36600,0.01772128
36601,0.0512272
36602,0.10666334
36603,0.015091553
36604,0.031729903
36605,0.9583155
36606,0.051497575
36607,0.018671907
36608,0.076057404
36609,0.06093631
36610,0.24516666
36611,0.059106406
36612,0.046865676
36613,0.014826521
36614,0.040620282
36615,0.015430704
36616,0.017015666
36617,0.02787695
36618,0.11228659
36619,0.112350084
36620,0.6205653
36621,0.36226138
36622,0.25674236
36623,1.0483389
36624,0.27184653
36625,0.3316619
36626,0.13754743
36627,0.04027643
36628,0.029882498
36629,0.026670158
36630,0.05825027
36631,0.06342703
36632,0.0404829
36633,0.05070421
36634,0.45027387
36635,0.104523145
36636,0.23145679
36637,0.03932774
36638,0.10841452
36639,0.14063446
36640,0.13323447
36641,0.24934685
36642,0.067044675
36643,0.030981444
36644,0.0063902065
36645,0.04669209
36646,0.13951412
36647,0.99573505
36648,0.3537336
36649,0.74771255
36650,0.34350672
36651,0.39102465
36652,0.1506105
36653,0.13877521
36654,0.056368176
36655,0.0234816
36656,0.05342042
36657,0.023190573
36658,0.10628416
36659,0.11911422
36660,0.060826477
36661,0.30332905
36662,0.028556533
36663,0.069019504
36664,0.38790426
36665,0.049751185
36666,0.008771047
36667,0.010980099
36668,0.09674038
36669,0.2656273
36670,0.038963206
36671,0.2282052
36672,0.15300015
36673,0.07802463
36674,0.15205199
36675,0.029011711
36676,0.11245951
36677,0.074112065
36678,0.051121257
36679,0.1260791
36680,0.11983533
36681,0.037789032
36682,0.12876062
36683,0.01471369
36684,0.016956858
36685,0.2445955
36686,0.03405232
36687,0.12743212
36688,0.03538394
36689,0.05141593
36690,0.058891196
36691,0.19739977
36692,0.26803565
36693,0.6567096
36694,0.12669578
36695,0.00869748
36696,0.012794882
36697,0.017510995
36698,0.019207343
36699,0.03214336
36700,0.06909308
36701,0.06323793
36702,0.21158776
36703,0.015957616
36704,0.042778745
36705,0.011700012
36706,0.030288957
36707,0.020371072
36708,0.014699586
36709,0.033044137
36710,0.08182032
36711,0.098785505
36712,0.3850171
36713,0.013005167
36714,0.019712426
36715,0.067782216
36716,0.078521565
36717,0.10314748
36718,0.4067953
36719,0.14093661
36720,0.011838146
36721,0.012730308
36722,0.25726426
36723,0.031891875
36724,0.073393255
36725,0.15715808
36726,0.018572666
36727,0.3990516
36728,0.011996783
36729,0.019010194
36730,0.02638045
36731,0.127933
36732,0.061422512
36733,0.046056453
36734,0.019456282
36735,0.026337706
36736,0.06307319
36737,0.1771284
36738,0.03665312
36739,0.018895872
36740,0.027045116
36741,0.042092055
36742,0.062242895
36743,0.27216917
36744,0.056907486
36745,0.2648091
36746,0.09444445
36747,0.018147238
36748,0.04682287
36749,0.07186672
36750,0.13669667
36751,0.29904887
36752,0.30044994
36753,0.019838005
36754,0.098165385
36755,0.04672839
36756,0.39225826
36757,0.6461138
36758,0.17956236
36759,0.10374613
36760,0.013347015
36761,0.097594835
36762,0.055603404
36763,0.07465912
36764,0.104720674
36765,0.077713184
36766,0.12012075
36767,1.0099875
36768,0.02163516
36769,0.07820734
36770,0.06306109
36771,0.07544015
36772,0.020062193
36773,0.1532574
36774,0.46301767
36775,0.058288075
36776,0.2632744
36777,0.025748685
36778,0.13250813
36779,0.018348753
36780,0.08654768
36781,0.030097954
36782,0.025914118
36783,0.059778757
36784,0.06853346
36785,0.021782592
36786,0.020968325
36787,0.06902497
36788,0.024643973
36789,0.1583282
36790,0.04886557
36791,0.013373941
36792,0.034985706
36793,0.07619816
36794,0.13190262
36795,0.018221281
36796,0.03789147
36797,0.056932487
36798,0.9789043
36799,0.059830118
36800,0.14104293
36801,0.05723869
36802,0.037662633
36803,0.041992463
36804,0.037507456
36805,0.01671113
36806,0.43085653
36807,0.028254598
36808,0.0057802424
36809,0.0030737892
36810,0.005790703
36811,0.061654095
36812,0.24412313
36813,0.11499474
36814,0.035682976
36815,0.05045576
36816,0.29241598
36817,0.015431605
36818,0.0185856
36819,0.017312221
36820,0.033214793
36821,0.029822089
36822,0.27449915
36823,0.06157769
36824,0.015400067
36825,0.025030166
36826,0.06299667
36827,0.15820767
36828,0.1265414
36829,0.10697924
36830,0.073561475
36831,0.0266359
36832,0.050998483
36833,0.08874567
36834,0.16292173
36835,0.2328862
36836,0.010085642
36837,0.022610456
36838,0.015220344
36839,0.013138458
36840,0.019507855
36841,0.021975085
36842,0.014566317
36843,0.029402137
36844,0.083580635
36845,0.06224062
36846,0.1266632
36847,0.012266293
36848,0.22521836
36849,0.010471337
36850,0.30545026
36851,0.02605655
36852,0.01734069
36853,0.018211544
36854,0.013211429
36855,0.018856145
36856,0.03865028
36857,0.015562378
36858,0.01046326
36859,0.08610861
36860,0.03970623
36861,0.07015206
36862,0.014756791
36863,0.063322835
36864,0.0146153495
36865,0.10809534
36866,0.023989886
36867,0.03914935
36868,0.012503229
36869,0.04055838
36870,0.012267962
36871,0.021228135
36872,0.114860386
36873,0.32658798
36874,0.078216024
36875,0.07361452
36876,0.08200125
36877,0.06413154
36878,0.027530223
36879,0.088645525
36880,0.016698666
36881,0.1046842
36882,0.15937671
36883,0.022606865
36884,0.026619598
36885,0.03842176
36886,0.011322625
36887,0.011067897
36888,0.008209631
36889,0.011635624
36890,0.030957326
36891,0.014534846
36892,0.10705938
36893,0.06807852
36894,0.028341807
36895,0.19436069
36896,0.027612925
36897,0.016371772
36898,0.0030364618
36899,0.0134749785
36900,0.05002628
36901,0.023422062
36902,0.032639634
36903,0.038404055
36904,0.036420587
36905,0.15756947
36906,0.37259045
36907,0.019928634
36908,0.25473946
36909,0.02206298
36910,0.038657546
36911,0.03669438
36912,0.020312719
36913,0.022219673
36914,0.035440866
36915,0.06688346
36916,0.034973323
36917,0.027060606
36918,0.090895884
36919,0.059501946
36920,0.04184453
36921,0.39802852
36922,0.05257043
36923,0.027925067
36924,0.036344573
36925,0.28297
36926,0.2684215
36927,0.026352003
36928,0.046207394
36929,0.012130491
36930,0.36792004
36931,0.046083372
36932,0.38312048
36933,0.06140891
36934,0.10846062
36935,0.06252175
36936,0.08258306
36937,0.005233526
36938,0.013482489
36939,0.37269175
36940,0.04619172
36941,0.8151141
36942,0.26281682
36943,0.05232658
36944,0.2998836
36945,0.07045794
36946,0.010641247
36947,0.028793119
36948,0.017908596
36949,0.08466869
36950,0.28536412
36951,0.5735041
36952,0.5175228
36953,0.06049318
36954,0.11350619
36955,0.14927317
36956,0.07655944
36957,0.038659446
36958,0.06601499
36959,0.10419453
36960,0.02996236
36961,0.41686034
36962,0.14498177
36963,0.2928562
36964,0.524558
36965,0.0973725
36966,0.48673356
36967,0.06820251
36968,0.11536144
36969,0.06537485
36970,0.06181345
36971,0.039114174
36972,0.08867426
36973,0.020612553
36974,0.10164344
36975,0.13302112
36976,0.11587759
36977,0.028988153
36978,0.05787172
36979,0.107934035
36980,0.26409057
36981,0.05430441
36982,0.03611419
36983,0.05911812
36984,0.084282264
36985,0.040131174
36986,0.027192995
36987,0.06109548
36988,0.14108521
36989,0.055598848
36990,0.28188145
36991,0.06253254
36992,0.03998228
36993,0.026909634
36994,0.019975133
36995,0.51526845
36996,0.23105639
36997,0.020106882
36998,0.09064594
36999,0.42367813
37000,0.44759881
37001,0.0052527934
37002,0.08578318
37003,0.07713525
37004,0.016921937
37005,0.026567861
37006,0.0480195
37007,0.06838557
37008,0.081173405
37009,0.115119934
37010,0.2729858
37011,0.44217944
37012,0.19166143
37013,0.06333025
37014,0.028904356
37015,0.041264623
37016,0.27364928
37017,0.039659854
37018,0.005268678
37019,0.06801595
37020,0.28847402
37021,0.5400391
37022,0.1088198
37023,0.015923873
37024,0.02152782
37025,0.05125749
37026,0.079232626
37027,0.0366243
37028,0.010736108
37029,0.14140418
37030,0.17991483
37031,0.11437425
37032,0.11038016
37033,0.057455834
37034,0.01493331
37035,0.036635734
37036,0.0322607
37037,0.033342462
37038,0.037585504
37039,0.25120834
37040,0.059613593
37041,0.11973703
37042,0.014395535
37043,0.04440314
37044,0.03210129
37045,0.016924113
37046,0.027757607
37047,0.047232937
37048,0.02815421
37049,0.08741544
37050,0.4985883
37051,0.3967324
37052,0.040836066
37053,0.039550267
37054,0.04077685
37055,0.116468206
37056,0.06143105
37057,0.016038574
37058,0.066173404
37059,0.019513942
37060,0.013131298
37061,0.034601185
37062,0.014456511
37063,0.1692197
37064,0.026388295
37065,0.022938147
37066,0.035939123
37067,0.06634076
37068,0.07317735
37069,0.153606
37070,0.24881586
37071,0.25677043
37072,0.065616556
37073,0.045596432
37074,0.021930993
37075,0.051899415
37076,0.036820136
37077,0.27087122
37078,0.05193295
37079,0.5778255
37080,0.13435943
37081,0.12005159
37082,0.059618153
37083,0.05026226
37084,0.020055167
37085,0.00807178
37086,0.05872944
37087,0.009438239
37088,0.020629056
37089,0.020630509
37090,0.07662699
37091,0.04396837
37092,0.093280956
37093,0.06803134
37094,0.11934104
37095,0.24793369
37096,0.40267792
37097,0.072761565
37098,0.021546192
37099,0.08324456
37100,0.041660506
37101,0.09405463
37102,0.069826506
37103,0.121336356
37104,0.07192381
37105,0.10872704
37106,0.043532018
37107,0.031611588
37108,0.021057218
37109,0.13507502
37110,0.068283916
37111,0.026635133
37112,0.022873849
37113,0.037053566
37114,0.06316576
37115,0.08800247
37116,0.11185163
37117,0.1201964
37118,0.25631493
37119,0.2438398
37120,0.16612992
37121,0.013113722
37122,0.09469937
37123,0.011953235
37124,0.047527745
37125,0.04809855
37126,0.087735996
37127,0.026964366
37128,0.046220053
37129,0.0581535
37130,0.04348068
37131,0.084759474
37132,0.03255522
37133,0.059037622
37134,0.007978909
37135,0.08250021
37136,0.015206136
37137,0.039351318
37138,0.14639916
37139,0.05287592
37140,0.13833325
37141,0.5978629
37142,0.111866996
37143,0.12555978
37144,0.066546135
37145,0.09252372
37146,0.07658293
37147,0.08453287
37148,0.051141255
37149,0.01181183
37150,0.012449391
37151,0.024463706
37152,0.19935164
37153,0.07075589
37154,0.067221284
37155,0.04671469
37156,0.06466462
37157,0.021963038
37158,0.020681813
37159,0.021093205
37160,0.0500535
37161,0.46280754
37162,0.0746608
37163,0.044608977
37164,0.10769466
37165,0.79782635
37166,0.10272778
37167,0.109445505
37168,0.060220543
37169,0.2673779
37170,0.37174198
37171,0.06619204
37172,0.01872699
37173,0.06133084
37174,0.08398272
37175,0.09588878
37176,0.18017343
37177,0.04858601
37178,0.24091855
37179,0.07037997
37180,0.0726931
37181,0.011629723
37182,0.021076195
37183,0.06766912
37184,0.07143388
37185,0.016292557
37186,0.11795095
37187,0.13291085
37188,0.25579214
37189,0.07647683
37190,0.030608267
37191,0.124174096
37192,0.18203765
37193,0.17685652
37194,0.06328004
37195,0.050827052
37196,0.020754695
37197,0.07059101
37198,0.45602164
37199,0.058065914
37200,0.14932965
37201,0.39105645
37202,0.15891936
37203,0.022071809
37204,0.013743378
37205,0.009626783
37206,0.04629608
37207,0.053200293
37208,0.27722195
37209,0.3742939
37210,0.09789636
37211,0.10211889
37212,0.12943521
37213,0.1380498
37214,0.12119215
37215,0.19518858
37216,0.36286193
37217,0.07892097
37218,0.015822634
37219,0.045324
37220,0.10149969
37221,0.05310304
37222,0.29480314
37223,0.8958626
37224,0.06693746
37225,0.37210175
37226,0.014306568
37227,0.04401886
37228,0.2116212
37229,0.012053534
37230,0.052118167
37231,0.080640286
37232,0.018914387
37233,0.06092524
37234,0.49676788
37235,0.045767818
37236,0.08157949
37237,0.28596964
37238,0.14296311
37239,0.21660216
37240,0.28502452
37241,0.31811908
37242,0.02566544
37243,0.24918172
37244,0.12103328
37245,0.11189936
37246,0.9947932
37247,0.40499347
37248,0.3243113
37249,0.02290871
37250,0.12984373
37251,0.07319273
37252,0.026627757
37253,0.019968122
37254,0.056800384
37255,0.009001732
37256,0.008691102
37257,0.038447335
37258,0.07178424
37259,0.10614869
37260,0.10246661
37261,0.108172774
37262,0.08624851
37263,0.14355081
37264,0.11573141
37265,0.028846167
37266,0.09879097
37267,0.294618
37268,0.06068855
37269,0.9578597
37270,0.941384
37271,0.5896746
37272,0.0050837994
37273,0.022233784
37274,0.01362586
37275,0.10347656
37276,0.42907932
37277,0.0742005
37278,0.052004617
37279,0.0076440573
37280,0.010538258
37281,0.053332616
37282,0.070789695
37283,0.06793441
37284,0.01226645
37285,0.45376864
37286,0.017921671
37287,0.032613266
37288,0.23947582
37289,0.107278585
37290,0.056568466
37291,0.04437932
37292,0.23664847
37293,0.092369005
37294,0.13136214
37295,0.097350776
37296,0.104018845
37297,0.99070287
37298,0.91924614
37299,0.5493712
37300,0.015170425
37301,0.07512815
37302,0.027760282
37303,0.006907657
37304,0.4851848
37305,0.09347657
37306,0.29510418
37307,0.041256167
37308,0.09255698
37309,0.02211602
37310,0.096148945
37311,0.10365163
37312,0.13602176
37313,0.14350452
37314,0.5599143
37315,0.48269823
37316,0.16550383
37317,0.13790093
37318,0.0865136
37319,0.064480916
37320,0.11598286
37321,0.05269178
37322,0.034514405
37323,0.13030165
37324,0.12167266
37325,0.055181827
37326,0.12017057
37327,0.021667704
37328,0.95967954
37329,1.0311692
37330,0.9451705
37331,0.0522698
37332,0.33853877
37333,0.41438866
37334,0.022125863
37335,0.009135462
37336,0.015768282
37337,0.017598562
37338,0.054966554
37339,0.09959166
37340,0.066332854
37341,0.38517818
37342,0.99213606
37343,0.0692435
37344,0.13772029
37345,0.10716406
37346,0.13324484
37347,0.060992744
37348,0.15731385
37349,0.11997591
37350,0.038274087
37351,0.09590253
37352,0.10366908
37353,0.14195108
37354,0.052208703
37355,0.38914666
37356,0.3766868
37357,0.14793654
37358,0.030462734
37359,0.11307119
37360,0.07257174
37361,0.18658918
37362,0.03656093
37363,0.047257565
37364,0.044796273
37365,0.01727961
37366,0.022422448
37367,0.043609075
37368,0.045423508
37369,0.26861572
37370,0.6343601
37371,0.1539635
37372,0.15119839
37373,0.11475339
37374,0.14778599
37375,0.15277581
37376,0.5629286
37377,0.07675289
37378,0.02956862
37379,0.1409516
37380,0.16388358
37381,0.26769754
37382,0.4347865
37383,0.28715152
37384,0.1342053
37385,1.015999
37386,0.22687897
37387,0.12351598
37388,0.18475363
37389,0.01969289
37390,0.054632623
37391,0.4910713
37392,0.05865264
37393,0.03598078
37394,0.04097199
37395,0.042019088
37396,0.13945265
37397,0.41049334
37398,0.27382112
37399,0.29688329
37400,0.2844923
37401,0.1347287
37402,0.1400761
37403,0.2538968
37404,0.014552563
37405,0.021232039
37406,0.18618232
37407,0.078352205
37408,0.058440242
37409,0.49660084
37410,0.22393596
37411,0.058995854
37412,0.50995845
37413,0.30554658
37414,0.0053884163
37415,0.083336055
37416,0.12114363
37417,0.09404439
37418,0.008791789
37419,0.05292232
37420,0.10684496
37421,0.098682724
37422,0.11785874
37423,0.41392478
37424,0.7545301
37425,0.40632054
37426,0.2945802
37427,0.5209048
37428,0.10324845
37429,0.020289585
37430,0.060191486
37431,0.061550323
37432,0.13703798
37433,0.287241
37434,0.065224856
37435,0.022504874
37436,0.062494054
37437,0.14037105
37438,0.048240058
37439,0.09355162
37440,0.019008398
37441,0.03387608
37442,0.019576356
37443,0.0132070705
37444,0.03547046
37445,0.09432916
37446,0.057763416
37447,0.08514117
37448,0.36995295
37449,0.14265528
37450,0.3673343
37451,0.6912083
37452,0.6278283
37453,0.28642607
37454,0.1131031
37455,0.047916505
37456,0.050847944
37457,0.10810849
37458,0.015579738
37459,0.030834682
37460,0.9676384
37461,0.048104864
37462,0.07434233
37463,0.06677477
37464,0.24005687
37465,0.06456274
37466,0.05341817
37467,0.042341825
37468,0.015525565
37469,0.018532827
37470,0.027106829
37471,0.10607745
37472,0.09973814
37473,0.613712
37474,0.38220313
37475,0.28389058
37476,1.0456542
37477,0.3959034
37478,0.32668212
37479,0.1543973
37480,0.04770541
37481,0.032302145
37482,0.026879176
37483,0.05830347
37484,0.06585783
37485,0.039278865
37486,0.06414066
37487,0.45158473
37488,0.22500673
37489,0.2724183
37490,0.029801078
37491,0.109656766
37492,0.13923344
37493,0.1326286
37494,0.2566711
37495,0.072968476
37496,0.026898682
37497,0.046525776
37498,0.12737896
37499,1.0211315
37500,0.38747835
37501,0.7453722
37502,0.38122907
37503,0.26609275
37504,0.14410564
37505,0.1326969
37506,0.04719663
37507,0.01642605
37508,0.028949335
37509,0.013827018
37510,0.023336664
37511,0.11555039
37512,0.12038681
37513,0.062319808
37514,0.1891191
37515,0.026240073
37516,0.06628498
37517,0.41144338
37518,0.046870623
37519,0.010858215
37520,0.10212292
37521,0.267818
37522,0.041993808
37523,0.13131733
37524,0.14120023
37525,0.0783342
37526,0.14609754
37527,0.09973196
37528,0.07904308
37529,0.05600373
37530,0.22868085
37531,0.12776022
37532,0.034782387
37533,0.016640708
37534,0.13752365
37535,0.11503847
37536,0.0312169
37537,0.11498515
37538,0.036004126
37539,0.056497477
37540,0.06227279
37541,0.15817967
37542,0.36127844
37543,0.6259277
37544,0.12547347
37545,0.010880686
37546,0.014524907
37547,0.018497445
37548,0.028097585
37549,0.067893565
37550,0.015826292
37551,0.06975236
37552,0.120397516
37553,0.014444262
37554,0.036513552
37555,0.018392913
37556,0.009993553
37557,0.031450957
37558,0.08478406
37559,0.09674661
37560,0.3944476
37561,0.012236536
37562,0.020208992
37563,0.067113
37564,0.07483568
37565,0.100658715
37566,0.38012096
37567,0.16594121
37568,0.013113506
37569,0.014736965
37570,0.24729869
37571,0.021440834
37572,0.0679102
37573,0.26426163
37574,0.055557605
37575,0.014805779
37576,0.008507334
37577,0.28974748
37578,0.021132886
37579,0.025621355
37580,0.11573245
37581,0.060785793
37582,0.04164435
37583,0.02486924
37584,0.06200358
37585,0.17688315
37586,0.031124178
37587,0.016145587
37588,0.031597372
37589,0.04420267
37590,0.061241176
37591,0.27090985
37592,0.062136594
37593,0.26301873
37594,0.09222256
37595,0.027847193
37596,0.019458927
37597,0.04598726
37598,0.06620085
37599,0.030684404
37600,0.36744383
37601,0.3044156
37602,0.022177897
37603,0.10447864
37604,0.050578795
37605,0.011413723
37606,0.37538767
37607,0.65290695
37608,0.14804181
37609,0.11284155
37610,0.09020715
37611,0.06306565
37612,0.07759654
37613,0.10636806
37614,0.09008919
37615,0.11306702
37616,1.0363927
37617,0.07613203
37618,0.020071745
37619,0.06492144
37620,0.0875262
37621,0.02768252
37622,0.1540033
37623,0.45591336
37624,0.06860238
37625,0.26119098
37626,0.026740491
37627,0.019017711
37628,0.12382386
37629,0.0226468
37630,0.0852354
37631,0.029843569
37632,0.029228404
37633,0.05823391
37634,0.06533691
37635,0.01915633
37636,0.07567129
37637,0.17081442
37638,0.03228838
37639,0.04376677
37640,0.03443561
37641,0.08669699
37642,0.105915934
37643,0.02003505
37644,0.023983225
37645,0.05955986
37646,0.9622438
37647,0.06326396
37648,0.13716274
37649,0.051740147
37650,0.039614104
37651,0.043020967
37652,0.03969378
37653,0.013020419
37654,0.29023772
37655,0.02616109
37656,0.0042482167
37657,0.0052896887
37658,0.054731127
37659,0.3660442
37660,0.01098676
37661,0.13727234
37662,0.022399127
37663,0.0057088435
37664,0.048097026
37665,0.27864495
37666,0.020602003
37667,0.02038335
37668,0.019593537
37669,0.031221889
37670,0.0346812
37671,0.13489482
37672,0.075999156
37673,0.019588009
37674,0.07065752
37675,0.24062052
37676,0.121681795
37677,0.09421898
37678,0.075836815
37679,0.028626807
37680,0.0532115
37681,0.08849627
37682,0.2987143
37683,0.1283927
37684,0.007141687
37685,0.02419766
37686,0.016086608
37687,0.0124697015
37688,0.02050221
37689,0.016905569
37690,0.028917752
37691,0.080639645
37692,0.07373196
37693,0.111255415
37694,0.140564
37695,0.009765461
37696,0.39871743
37697,0.0058027357
37698,0.022875272
37699,0.026011989
37700,0.011413902
37701,0.018564478
37702,0.02030839
37703,0.0065638125
37704,0.016489409
37705,0.041647837
37706,0.01762446
37707,0.017182343
37708,0.00683257
37709,0.0749464
37710,0.03378674
37711,0.06357752
37712,0.06947476
37713,0.008875534
37714,0.008767322
37715,0.1126864
37716,0.027483441
37717,0.043191575
37718,0.037127998
37719,0.011399418
37720,0.018643148
37721,0.101521246
37722,0.32810935
37723,0.07768866
37724,0.083540924
37725,0.09443149
37726,0.058058977
37727,0.023011602
37728,0.08939947
37729,0.018020555
37730,0.14386609
37731,0.15903974
37732,0.022004373
37733,0.0155538395
37734,0.035073254
37735,0.030200168
37736,0.025771864
37737,0.014537416
37738,0.03754424
37739,0.11535221
37740,0.08404253
37741,0.025785401
37742,0.30032784
37743,0.022034913
37744,0.027186088
37745,0.015630655
37746,0.03578846
37747,0.04393598
37748,0.030599989
37749,0.039067768
37750,0.014017902
37751,0.012641743
37752,0.14747986
37753,0.24650076
37754,0.020051964
37755,0.1275782
37756,0.020467632
37757,0.036239278
37758,0.03152723
37759,0.031895477
37760,0.0370668
37761,0.02593486
37762,0.044709362
37763,0.07303338
37764,0.03673914
37765,0.026086137
37766,0.11038011
37767,0.04391481
37768,0.046003837
37769,0.033967376
37770,0.38965622
37771,0.033714976
37772,0.037243064
37773,0.14087492
37774,0.14854197
37775,0.03290279
37776,0.04635432
37777,0.27179736
37778,0.045765303
37779,0.39440024
37780,0.067906335
37781,0.11142436
37782,0.07847285
37783,0.085314736
37784,0.16115764
37785,0.039948434
37786,0.79348373
37787,0.118211955
37788,0.05482649
37789,0.292822
37790,0.056477547
37791,0.012034006
37792,0.03169513
37793,0.046877153
37794,0.10416938
37795,0.13419296
37796,0.5317768
37797,0.26021537
37798,0.043549404
37799,0.09744471
37800,0.1311576
37801,0.006723359
37802,0.059461
37803,0.03937589
37804,0.060918186
37805,0.014390476
37806,0.112014845
37807,0.034905706
37808,0.40732032
37809,0.14283971
37810,0.28115526
37811,0.5830616
37812,0.21411242
37813,0.024043657
37814,0.5331563
37815,0.019649774
37816,0.07662287
37817,0.11409849
37818,0.06351433
37819,0.071037896
37820,0.0363725
37821,0.081727244
37822,0.025041781
37823,0.0883615
37824,0.13320547
37825,0.12777695
37826,0.09905437
37827,0.37458554
37828,0.057131577
37829,0.03491014
37830,0.06687384
37831,0.05956307
37832,0.077990316
37833,0.045318026
37834,0.030030333
37835,0.059520774
37836,0.11060743
37837,0.057876978
37838,0.29505572
37839,0.06491209
37840,0.0409904
37841,0.022419102
37842,0.49853417
37843,0.37338334
37844,0.0871407
37845,0.41039738
37846,0.45266342
37847,0.006363943
37848,0.09163742
37849,0.07389085
37850,0.043569826
37851,0.07513797
37852,0.07738699
37853,0.09958815
37854,0.1668145
37855,0.43879685
37856,0.18831472
37857,0.05743762
37858,0.032058973
37859,0.040935468
37860,0.30612853
37861,0.021181189
37862,0.04280249
37863,0.012314223
37864,0.20280194
37865,0.048320223
37866,0.27742577
37867,0.60028577
37868,0.10344801
37869,0.022948071
37870,0.051670786
37871,0.07150598
37872,0.03262532
37873,0.14636393
37874,0.1771737
37875,0.10877264
37876,0.11937333
37877,0.05838188
37878,0.041687284
37879,0.03453394
37880,0.030346468
37881,0.040958192
37882,0.2601836
37883,0.061427563
37884,0.11801361
37885,0.014230847
37886,0.04151782
37887,0.029706575
37888,0.019179039
37889,0.01829347
37890,0.024202794
37891,0.047982745
37892,0.02484671
37893,0.07503277
37894,0.48688635
37895,0.40129817
37896,0.04160102
37897,0.04201703
37898,0.105724856
37899,0.058492336
37900,0.016953163
37901,0.05874595
37902,0.017749421
37903,0.1854955
37904,0.02680853
37905,0.022888228
37906,0.034816682
37907,0.06984058
37908,0.07201969
37909,0.14577407
37910,0.15907238
37911,0.24992356
37912,0.06716049
37913,0.045243684
37914,0.018889636
37915,0.057152398
37916,0.042407837
37917,0.016262315
37918,0.26576033
37919,0.052242517
37920,0.5832659
37921,0.13856773
37922,0.020049222
37923,0.1171311
37924,0.049969543
37925,0.051070448
37926,0.018792026
37927,0.009491071
37928,0.010834642
37929,0.06807428
37930,0.02362609
37931,0.019414715
37932,0.018467948
37933,0.08334881
37934,0.042794857
37935,0.090803444
37936,0.06829989
37937,0.11708159
37938,0.16591305
37939,0.4006629
37940,0.07265001
37941,0.021196194
37942,0.085791245
37943,0.021606185
37944,0.04407746
37945,0.0070150793
37946,0.10571433
37947,0.060288966
37948,0.11609764
37949,0.06511069
37950,0.10654932
37951,0.04316461
37952,0.062191684
37953,0.03209964
37954,0.13104185
37955,0.012745656
37956,0.07400377
37957,0.028647706
37958,0.022877514
37959,0.035378378
37960,0.0598712
37961,0.08292439
37962,0.11398546
37963,0.11692724
37964,0.26770058
37965,0.23103127
37966,0.15110204
37967,0.0107435435
37968,0.09688003
37969,0.014885098
37970,0.050131563
37971,0.045285456
37972,0.08875929
37973,0.025337279
37974,0.025232464
37975,0.046050623
37976,0.058058854
37977,0.045816347
37978,0.08685667
37979,0.031766202
37980,0.05886442
37981,0.0068118423
37982,0.084685065
37983,0.014219232
37984,0.04424747
37985,0.2487458
37986,0.06316959
37987,0.12794848
37988,0.6394405
37989,0.1211762
37990,0.12444363
37991,0.06403658
37992,0.08314539
37993,0.07643001
37994,0.08630164
37995,0.049729127
37996,0.011659995
37997,0.016268596
37998,0.2845506
37999,0.06984136
38000,0.07098019
38001,0.050177947
38002,0.06528331
38003,0.016755782
38004,0.024962537
38005,0.01952266
38006,0.020521857
38007,0.048525903
38008,0.44997758
38009,0.07962307
38010,0.04608387
38011,0.10094045
38012,0.7657773
38013,0.113151014
38014,0.014443539
38015,0.11426973
38016,0.0628155
38017,0.25995377
38018,0.37035155
38019,0.06467262
38020,0.02310706
38021,0.06545931
38022,0.08836388
38023,0.09665187
38024,0.16284284
38025,0.04880564
38026,0.1729475
38027,0.06967134
38028,0.07842822
38029,0.0155425
38030,0.026358955
38031,0.067328095
38032,0.071187966
38033,0.01717119
38034,0.12432056
38035,0.11376651
38036,0.24996611
38037,0.08756423
38038,0.03088265
38039,0.12464036
38040,0.19100395
38041,0.26479796
38042,0.053600106
38043,0.052826643
38044,0.021012284
38045,0.06970882
38046,0.455566
38047,0.05372872
38048,0.14941573
38049,0.3951941
38050,0.1641875
38051,0.0205409
38052,0.017359667
38053,0.008066282
38054,0.047876406
38055,0.050617073
38056,0.28029937
38057,0.3550528
38058,0.10333602
38059,0.10550458
38060,0.14143659
38061,0.13623953
38062,0.12750876
38063,0.18920773
38064,0.3600351
38065,0.0745997
38066,0.045155343
38067,0.10224605
38068,0.04574816
38069,0.19290705
38070,0.93140686
38071,0.068310305
38072,0.3866521
38073,0.035494834
38074,0.20999739
38075,0.012648396
38076,0.051068537
38077,0.078308254
38078,0.016810313
38079,0.057971604
38080,0.4783283
38081,0.05131595
38082,0.08557985
38083,0.28849784
38084,0.1589546
38085,0.20349205
38086,0.27105168
38087,0.30577955
38088,0.02974639
38089,0.1747917
38090,0.12614356
38091,0.12468724
38092,0.9614075
38093,0.40985098
38094,0.3077676
38095,0.02410043
38096,0.10601456
38097,0.07496925
38098,0.016174696
38099,0.05215548
38100,0.009033129
38101,0.010952383
38102,0.03985039
38103,0.068637475
38104,0.098803386
38105,0.09154825
38106,0.10820507
38107,0.07865911
38108,0.12721461
38109,0.11598025
38110,0.027489953
38111,0.12480125
38112,0.18147847
38113,0.018775448
38114,0.062010173
38115,0.9677395
38116,0.99947935
38117,0.55624527
38118,0.0050732642
38119,0.022179522
38120,0.017404899
38121,0.10500982
38122,0.4245088
38123,0.08277085
38124,0.054365687
38125,0.007009901
38126,0.010674179
38127,0.051745903
38128,0.06727507
38129,0.06612774
38130,0.012325145
38131,0.44026703
38132,0.016261473
38133,0.03538208
38134,0.114533916
38135,0.100721076
38136,0.05252053
38137,0.04322804
38138,0.23511639
38139,0.08373819
38140,0.13774355
38141,0.10122413
38142,0.10993134
38143,0.96847934
38144,0.98314214
38145,0.5052765
38146,0.08690051
38147,0.030914545
38148,0.46895197
38149,0.10045405
38150,0.27112293
38151,0.046496224
38152,0.11155268
38153,0.02243197
38154,0.106863335
38155,0.094742216
38156,0.12187007
38157,0.20940231
38158,0.56032455
38159,0.49539542
38160,0.15862146
38161,0.1451182
38162,0.08778352
38163,0.058495697
38164,0.10635333
38165,0.054171383
38166,0.031068772
38167,0.030942053
38168,0.12810528
38169,0.13181445
38170,0.059261244
38171,0.10856268
38172,0.023679495
38173,0.996335
38174,1.0281647
38175,0.9822428
38176,0.055709925
38177,0.24639574
38178,0.45648637
38179,0.020673744
38180,0.008362986
38181,0.056163285
38182,0.10139528
38183,0.05952792
38184,0.21498051
38185,1.0091524
38186,0.06978521
38187,0.12517998
38188,0.1109691
38189,0.13954549
38190,0.061045423
38191,0.15647227
38192,0.13009
38193,0.0450648
38194,0.097057864
38195,0.095485225
38196,0.11342016
38197,0.052630886
38198,0.027954318
38199,0.3698364
38200,0.28529653
38201,0.13533014
38202,0.062047593
38203,0.029790685
38204,0.11132623
38205,0.061849292
38206,0.18820189
38207,0.037464764
38208,0.043825082
38209,0.049661696
38210,0.017580673
38211,0.022102892
38212,0.04528803
38213,0.04972223
38214,0.26233864
38215,0.6650285
38216,0.1537945
38217,0.29821962
38218,0.11903066
38219,0.1430202
38220,0.15243548
38221,0.56722647
38222,0.07939542
38223,0.028866827
38224,0.14118397
38225,0.16376203
38226,0.37068638
38227,0.4234887
38228,0.27529982
38229,0.1298683
38230,1.0471973
38231,0.22014809
38232,0.13238546
38233,0.25583506
38234,0.017053597
38235,0.050882693
38236,0.46610302
38237,0.05870978
38238,0.038005676
38239,0.047394246
38240,0.04177645
38241,0.14163637
38242,0.40824983
38243,0.27215979
38244,0.5352062
38245,0.29013
38246,0.13480449
38247,0.14423124
38248,0.26176876
38249,0.010715619
38250,0.17166036
38251,0.07708171
38252,0.055276543
38253,0.45755905
38254,0.2696107
38255,0.058849253
38256,0.5155061
38257,0.30009514
38258,0.07854059
38259,0.13642178
38260,0.08363282
38261,0.04073497
38262,0.027603433
38263,0.050749645
38264,0.106238164
38265,0.10590436
38266,0.11308235
38267,0.41636187
38268,0.6892255
38269,0.42192918
38270,0.2994583
38271,0.50687414
38272,0.10703917
38273,0.019256532
38274,0.059893027
38275,0.053959906
38276,0.14445338
38277,0.28659427
38278,0.062956825
38279,0.025534354
38280,0.054038387
38281,0.13225116
38282,0.02154123
38283,0.046293885
38284,0.10199028
38285,0.0171649
38286,0.012955025
38287,0.032477945
38288,0.012328595
38289,0.031522997
38290,0.08572965
38291,0.05880958
38292,0.088408105
38293,0.25351378
38294,0.27043763
38295,0.37426353
38296,0.6449001
38297,0.5987652
38298,0.28349835
38299,0.13234836
38300,0.04339405
38301,0.016165003
38302,0.05120093
38303,0.12011419
38304,0.038079977
38305,0.9766562
38306,0.051244397
38307,0.018611975
38308,0.07230375
38309,0.058252063
38310,0.32408288
38311,0.056601807
38312,0.053284455
38313,0.015923232
38314,0.041435204
38315,0.014427006
38316,0.029813327
38317,0.097372
38318,0.103113644
38319,0.6404728
38320,0.37290278
38321,0.2515294
38322,1.0681926
38323,0.38620743
38324,0.3373583
38325,0.15552182
38326,0.041856024
38327,0.035718594
38328,0.029894255
38329,0.060224447
38330,0.062432833
38331,0.03830145
38332,0.05176446
38333,0.45135784
38334,0.22764012
38335,0.26826802
38336,0.03495484
38337,0.23733291
38338,0.14193693
38339,0.14765187
38340,0.17679721
38341,0.07074723
38342,0.031091847
38343,0.043097638
38344,0.13757418
38345,1.0207483
38346,0.3629816
38347,0.73535025
38348,0.3703586
38349,0.2675609
38350,0.14269514
38351,0.1339069
38352,0.013171926
38353,0.023094483
38354,0.009438999
38355,0.016725428
38356,0.10994582
38357,0.11331599
38358,0.04901244
38359,0.30547974
38360,0.032134216
38361,0.07700483
38362,0.29530874
38363,0.045111407
38364,0.010182723
38365,0.010954976
38366,0.10380117
38367,0.2664767
38368,0.042059783
38369,0.12750478
38370,0.15590614
38371,0.07671671
38372,0.14351904
38373,0.030216448
38374,0.09315199
38375,0.07631607
38376,0.05360574
38377,0.24254689
38378,0.12149106
38379,0.032683864
38380,0.0109622255
38381,0.15036093
38382,0.0147416815
38383,0.10790081
38384,0.0381865
38385,0.03675883
38386,0.123616725
38387,0.03902533
38388,0.051367976
38389,0.06331943
38390,0.17932455
38391,0.26610425
38392,0.67675346
38393,0.1221398
38394,0.013409488
38395,0.017424457
38396,0.027608655
38397,0.06475976
38398,0.016263299
38399,0.062293638
38400,0.13006195
38401,0.0156224
38402,0.032336105
38403,0.019657075
38404,0.03879424
38405,0.08217295
38406,0.09756303
38407,0.3798901
38408,0.008289516
38409,0.01992391
38410,0.073085435
38411,0.07727593
38412,0.10280605
38413,0.39975068
38414,0.15327737
38415,0.0123871565
38416,0.2586329
38417,0.071860865
38418,0.14415531
38419,0.05440324
38420,0.0112035945
38421,0.2812635
38422,0.02515927
38423,0.118251786
38424,0.06277247
38425,0.039777715
38426,0.018044628
38427,0.025053933
38428,0.06776077
38429,0.2767351
38430,0.030130029
38431,0.015379682
38432,0.031097263
38433,0.038869333
38434,0.06555894
38435,0.27500007
38436,0.064566195
38437,0.18006325
38438,0.09449993
38439,0.026465297
38440,0.049101774
38441,0.03162755
38442,0.22977772
38443,0.4125903
38444,0.019737095
38445,0.106343165
38446,0.047658592
38447,0.012324348
38448,0.39312443
38449,0.5908619
38450,0.15110932
38451,0.10808338
38452,0.011990026
38453,0.09260255
38454,0.06509467
38455,0.06263187
38456,0.112065524
38457,0.08456679
38458,0.10818674
38459,1.0380706
38460,0.07643158
38461,0.016636804
38462,0.068494886
38463,0.08232253
38464,0.020367794
38465,0.026710764
38466,0.1480504
38467,0.51599836
38468,0.061634675
38469,0.2568198
38470,0.028720602
38471,0.13465917
38472,0.012481391
38473,0.021777764
38474,0.08746748
38475,0.028001375
38476,0.027360596
38477,0.058671698
38478,0.07041823
38479,0.019729383
38480,0.07564201
38481,0.014482632
38482,0.023803547
38483,0.14345813
38484,0.04013197
38485,0.04473966
38486,0.08914239
38487,0.10993834
38488,0.024151921
38489,0.053660456
38490,0.9584864
38491,0.060987186
38492,0.12841475
38493,0.05658119
38494,0.043067463
38495,0.043041963
38496,0.034469824
38497,0.011848919
38498,0.28855833
38499,0.023237944
38500,0.008029126
38501,0.018459707
38502,0.057551317
38503,0.3548809
38504,0.021574005
38505,0.121530905
38506,0.040777043
38507,0.048485667
38508,0.3661813
38509,0.018242545
38510,0.018969566
38511,0.018660702
38512,0.038225695
38513,0.02709636
38514,0.13556448
38515,0.08128857
38516,0.0239053
38517,0.07890327
38518,0.25692618
38519,0.11361238
38520,0.0938828
38521,0.06670994
38522,0.027884528
38523,0.058189854
38524,0.021980964
38525,0.08388332
38526,0.15489334
38527,0.22534087
38528,0.00911627
38529,0.027587317
38530,0.015413731
38531,0.014110751
38532,0.021536045
38533,0.016248047
38534,0.014698237
38535,0.028960168
38536,0.08611251
38537,0.06691472
38538,0.09377956
38539,0.14654498
38540,0.3295989
38541,0.023545705
38542,0.012633428
38543,0.019432321
38544,0.020566255
38545,0.009632029
38546,0.018997155
38547,0.08344903
38548,0.03773822
38549,0.07862365
38550,0.06450087
38551,0.019780979
38552,0.1115932
38553,0.027165733
38554,0.04563466
38555,0.016894862
38556,0.035127234
38557,0.019471519
38558,0.11600039
38559,0.339961
38560,0.0671446
38561,0.08970266
38562,0.08277102
38563,0.06664585
38564,0.023534916
38565,0.08839512
38566,0.016947798
38567,0.110015094
38568,0.15724325
38569,0.019088201
38570,0.048069675
38571,0.038491815
38572,0.029956944
38573,0.025753409
38574,0.012705386
38575,0.030828357
38576,0.11596489
38577,0.07802357
38578,0.037496902
38579,0.17536193
38580,0.028435037
38581,0.043609798
38582,0.028980821
38583,0.03901919
38584,0.043786984
38585,0.16481322
38586,0.16492754
38587,0.019824028
38588,0.13084611
38589,0.018875629
38590,0.022786707
38591,0.05031629
38592,0.017348737
38593,0.032205008
38594,0.03784364
38595,0.024251819
38596,0.040997837
38597,0.04434777
38598,0.056517355
38599,0.029913954
38600,0.07330227
38601,0.032366958
38602,0.02005563
38603,0.4051319
38604,0.048841298
38605,0.0598464
38606,0.27932706
38607,0.26785803
38608,0.024723835
38609,0.028210081
38610,0.25761718
38611,0.07607144
38612,0.39576325
38613,0.063784346
38614,0.24698365
38615,0.059069853
38616,0.0056521893
38617,0.01269453
38618,0.0066124797
38619,0.111262694
38620,0.87165487
38621,0.25106004
38622,0.054339275
38623,0.43127006
38624,0.058454946
38625,0.027097471
38626,0.0141647905
38627,0.068576284
38628,0.15018432
38629,0.5183043
38630,0.4887695
38631,0.016726002
38632,0.059886087
38633,0.21949208
38634,0.13364938
38635,0.051721614
38636,0.035121225
38637,0.06489022
38638,0.011873111
38639,0.12363468
38640,0.4211478
38641,0.23629323
38642,0.28233844
38643,0.5460638
38644,0.08642117
38645,0.024465635
38646,0.48140576
38647,0.062193327
38648,0.11101722
38649,0.0512802
38650,0.04620548
38651,0.03613201
38652,0.072733395
38653,0.111952536
38654,0.13720071
38655,0.12799099
38656,0.031525545
38657,0.0786296
38658,0.3866837
38659,0.051220585
38660,0.06826486
38661,0.048019107
38662,0.08346635
38663,0.034223355
38664,0.054563496
38665,0.11205159
38666,0.27890792
38667,0.0558682
38668,0.12975621
38669,0.033567958
38670,0.024529696
38671,0.5404716
38672,0.14807673
38673,0.07310194
38674,0.43668675
38675,0.4614964
38676,0.07406019
38677,0.057569634
38678,0.0146929175
38679,0.01542259
38680,0.034794353
38681,0.08615716
38682,0.110595115
38683,0.24649051
38684,0.45964327
38685,0.1710355
38686,0.058921978
38687,0.0075633302
38688,0.03242724
38689,0.27122912
38690,0.015824713
38691,0.0374183
38692,0.07456878
38693,0.043182295
38694,0.03445528
38695,0.2721232
38696,0.4913286
38697,0.1121366
38698,0.022373825
38699,0.05364736
38700,0.069425926
38701,0.0076245964
38702,0.015892819
38703,0.032503165
38704,0.14097446
38705,0.17248636
38706,0.100091614
38707,0.10172026
38708,0.04721579
38709,0.035581768
38710,0.04001814
38711,0.2619976
38712,0.06722518
38713,0.13517451
38714,0.015089661
38715,0.045730498
38716,0.030284971
38717,0.019889012
38718,0.017513357
38719,0.024388887
38720,0.04356565
38721,0.028168194
38722,0.060699053
38723,0.55465674
38724,0.41492558
38725,0.0384382
38726,0.032001343
38727,0.02176857
38728,0.095769145
38729,0.06097271
38730,0.051356398
38731,0.017532095
38732,0.034928847
38733,0.15855229
38734,0.025203831
38735,0.0253653
38736,0.03798481
38737,0.06840657
38738,0.084512755
38739,0.15631786
38740,0.26337004
38741,0.2447288
38742,0.07304963
38743,0.045159943
38744,0.017461345
38745,0.045076434
38746,0.04262195
38747,0.013912402
38748,0.25580466
38749,0.051410772
38750,0.53352225
38751,0.12367807
38752,0.12235039
38753,0.045902334
38754,0.040520616
38755,0.049866203
38756,0.030109487
38757,0.0183945
38758,0.018090852
38759,0.022577249
38760,0.098939
38761,0.04773716
38762,0.094919115
38763,0.070067495
38764,0.12934072
38765,0.16826785
38766,0.41485077
38767,0.074460365
38768,0.022731848
38769,0.09435908
38770,0.018768266
38771,0.038915455
38772,0.09549978
38773,0.061436184
38774,0.12985083
38775,0.05483601
38776,0.11455646
38777,0.051706668
38778,0.029730171
38779,0.01633317
38780,0.13826767
38781,0.011592858
38782,0.023831487
38783,0.06924179
38784,0.028298572
38785,0.023445651
38786,0.03903996
38787,0.060320232
38788,0.084286384
38789,0.13020135
38790,0.13396242
38791,0.19127986
38792,0.23834085
38793,0.2735329
38794,0.012975253
38795,0.10232109
38796,0.04814311
38797,0.041717615
38798,0.08354903
38799,0.048454434
38800,0.05141034
38801,0.04252388
38802,0.08411589
38803,0.029946186
38804,0.060712997
38805,0.085635185
38806,0.015442371
38807,0.043126773
38808,0.279815
38809,0.062452592
38810,0.16036026
38811,0.34707734
38812,0.13647628
38813,0.13325346
38814,0.0677686
38815,0.09658843
38816,0.070081055
38817,0.09165682
38818,0.05018144
38819,0.009928361
38820,0.013135105
38821,0.26967946
38822,0.07587519
38823,0.060849495
38824,0.057210516
38825,0.0616734
38826,0.021434978
38827,0.01966165
38828,0.04546993
38829,0.22642544
38830,0.07905926
38831,0.053151898
38832,0.12135407
38833,0.85576403
38834,0.116232336
38835,0.018565588
38836,0.12397648
38837,0.06403792
38838,0.17179838
38839,0.40802824
38840,0.06274737
38841,0.01955682
38842,0.057158463
38843,0.06516661
38844,0.11057498
38845,0.16342084
38846,0.0279098
38847,0.1607466
38848,0.071935445
38849,0.073456004
38850,0.013293527
38851,0.021685869
38852,0.07040419
38853,0.07613574
38854,0.016868822
38855,0.13152805
38856,0.14671107
38857,0.2676011
38858,0.099421866
38859,0.035588328
38860,0.11124048
38861,0.15895644
38862,0.17419311
38863,0.056068897
38864,0.055951577
38865,0.019119404
38866,0.0062740967
38867,0.06242432
38868,0.49369425
38869,0.054211035
38870,0.1397628
38871,0.38682035
38872,0.15201233
38873,0.021103337
38874,0.010668874
38875,0.047146387
38876,0.06040123
38877,0.3995119
38878,0.2633419
38879,0.12228564
38880,0.12027806
38881,0.12939495
38882,0.15225688
38883,0.15253511
38884,0.19468355
38885,0.39094445
38886,0.074040025
38887,0.03702888
38888,0.10262379
38889,0.04894023
38890,0.26736712
38891,0.9568046
38892,0.27543837
38893,0.015983
38894,0.16998854
38895,0.20078222
38896,0.017458633
38897,0.0149195045
38898,0.051251903
38899,0.08480343
38900,0.019977786
38901,0.054324757
38902,0.56990224
38903,0.05195189
38904,0.09483344
38905,0.27157685
38906,0.14976822
38907,0.19945064
38908,0.39626676
38909,0.16884969
38910,0.02612058
38911,0.16291165
38912,0.11220895
38913,0.109218374
38914,0.9752024
38915,0.28750178
38916,0.27990335
38917,0.022865176
38918,0.12928447
38919,0.0661232
38920,0.017122418
38921,0.008517362
38922,0.06150871
38923,0.00908763
38924,0.013264261
38925,0.046319894
38926,0.077809535
38927,0.12917593
38928,0.11517964
38929,0.13077465
38930,0.0844117
38931,0.14292936
38932,0.10806964
38933,0.1018563
38934,0.26597452
38935,0.017138481
38936,0.05426568
38937,0.9433209
38938,0.9743599
38939,0.63843256
38940,0.015087239
38941,0.09405932
38942,0.47857088
38943,0.07937549
38944,0.056812365
38945,0.05482694
38946,0.07003131
38947,0.058857467
38948,0.013189264
38949,0.50396216
38950,0.017003551
38951,0.041085806
38952,0.13262604
38953,0.13166343
38954,0.058231737
38955,0.04271497
38956,0.24715027
38957,0.08269852
38958,0.13092792
38959,0.11083908
38960,0.09986503
38961,0.9789971
38962,0.92591095
38963,0.5722317
38964,0.06269169
38965,0.028200306
38966,0.53068405
38967,0.09683145
38968,0.26593795
38969,0.040617723
38970,0.09723382
38971,0.02275668
38972,0.10860226
38973,0.12803337
38974,0.14139237
38975,0.14227179
38976,0.52940273
38977,0.53966635
38978,0.17543094
38979,0.16833088
38980,0.09482311
38981,0.06506468
38982,0.10767175
38983,0.055892467
38984,0.030300424
38985,0.12155519
38986,0.13057584
38987,0.039102193
38988,0.11090881
38989,0.02342216
38990,0.98982847
38991,1.0296065
38992,1.0022832
38993,0.06737539
38994,0.06278424
38995,0.23473436
38996,0.013770141
38997,0.4344142
38998,0.023514591
38999,0.018786527
39000,0.06199038
39001,0.115701005
39002,0.061555777
39003,0.43763554
39004,0.95844126
39005,0.068255335
39006,0.14578328
39007,0.1225862
39008,0.14765419
39009,0.055963546
39010,0.2595148
39011,0.1158939
39012,0.03353603
39013,0.090660185
39014,0.11293262
39015,0.12124789
39016,0.055931427
39017,0.023516715
39018,0.27718952
39019,0.2652143
39020,0.13675305
39021,0.10585492
39022,0.060468655
39023,0.2042287
39024,0.03192277
39025,0.03603155
39026,0.02115313
39027,0.042857323
39028,0.048807178
39029,0.40626305
39030,0.70309657
39031,0.1438109
39032,0.14985676
39033,0.24477252
39034,0.1574757
39035,0.14197496
39036,0.5852668
39037,0.06313748
39038,0.033074148
39039,0.029491484
39040,0.1394647
39041,0.1529024
39042,0.42387757
39043,0.29963505
39044,0.19465828
39045,0.1165623
39046,1.0501926
39047,0.13909616
39048,0.23246583
39049,0.15178439
39050,0.016888574
39051,0.05193222
39052,0.24243665
39053,0.06491549
39054,0.03855108
39055,0.044803917
39056,0.048808064
39057,0.1462442
39058,0.48230183
39059,0.27369517
39060,0.26895887
39061,0.2853968
39062,0.15444098
39063,0.13101332
39064,0.25549772
39065,0.018767335
39066,0.17844819
39067,0.08287591
39068,0.046868917
39069,0.51978695
39070,0.2555368
39071,0.047677454
39072,0.5026616
39073,0.28273812
39074,0.077429
39075,0.12676622
39076,0.080566205
39077,0.040125165
39078,0.029986866
39079,0.061919235
39080,0.10575773
39081,0.11962739
39082,0.13686341
39083,0.4494443
39084,0.7947172
39085,0.45843905
39086,0.4083261
39087,0.23449439
39088,0.09932556
39089,0.016562916
39090,0.062296752
39091,0.06476975
39092,0.15043843
39093,0.269822
39094,0.059312634
39095,0.02388139
39096,0.044034906
39097,0.13327599
39098,0.047261387
39099,0.09563393
39100,0.016706698
39101,0.034490593
39102,0.016616642
39103,0.010645658
39104,0.035812773
39105,0.089173645
39106,0.059836082
39107,0.09279162
39108,0.39294404
39109,0.2738414
39110,0.38884428
39111,0.73186904
39112,0.6496448
39113,0.27697125
39114,0.117565155
39115,0.04082542
39116,0.016846903
39117,0.05169885
39118,0.101273954
39119,0.034361806
39120,0.95722127
39121,0.05322533
39122,0.016184084
39123,0.06215993
39124,0.05009867
39125,0.42733407
39126,0.05465597
39127,0.05055705
39128,0.013113931
39129,0.03912187
39130,0.017516099
39131,0.015879564
39132,0.032541618
39133,0.11157341
39134,0.12578282
39135,0.59065574
39136,0.42243418
39137,0.42818397
39138,1.068323
39139,0.43728885
39140,0.27948534
39141,0.1440227
39142,0.030838504
39143,0.028986052
39144,0.056484655
39145,0.052386604
39146,0.035342645
39147,0.06255889
39148,0.45480806
39149,0.103444204
39150,0.26159573
39151,0.029475681
39152,0.11461659
39153,0.13731515
39154,0.14365481
39155,0.14803879
39156,0.056223817
39157,0.028788514
39158,0.009529501
39159,0.04608184
39160,0.14026912
39161,0.9811756
39162,0.39234027
39163,0.80095667
39164,0.43451563
39165,0.2685157
39166,0.16150005
39167,0.09615775
39168,0.011674859
39169,0.021521918
39170,0.010591261
39171,0.054773446
39172,0.12235002
39173,0.110367835
39174,0.058306463
39175,0.19826677
39176,0.030925468
39177,0.071060434
39178,0.276582
39179,0.04806212
39180,0.119576484
39181,0.2842519
39182,0.15114534
39183,0.14938532
39184,0.07259062
39185,0.14503112
39186,0.10853286
39187,0.08485724
39188,0.053496007
39189,0.13392833
39190,0.12081806
39191,0.007682629
39192,0.14590155
39193,0.012380712
39194,0.0978268
39195,0.035544142
39196,0.028798498
39197,0.12586771
39198,0.038845807
39199,0.063329555
39200,0.061113123
39201,0.17850316
39202,0.2648895
39203,0.6762305
39204,0.131791
39205,0.012343414
39206,0.016169488
39207,0.018961325
39208,0.033287853
39209,0.053960547
39210,0.06541124
39211,0.11664677
39212,0.024980418
39213,0.030005082
39214,0.018015549
39215,0.0110368505
39216,0.034989968
39217,0.078277506
39218,0.101682596
39219,0.45388088
39220,0.013436072
39221,0.019458793
39222,0.07188207
39223,0.078619465
39224,0.10857241
39225,0.4460062
39226,0.14131752
39227,0.011229843
39228,0.24432442
39229,0.029054716
39230,0.015941076
39231,0.073287256
39232,0.15003291
39233,0.0100252405
39234,0.26513714
39235,0.030460335
39236,0.1386411
39237,0.06554863
39238,0.04708416
39239,0.019690461
39240,0.027921155
39241,0.06671613
39242,0.42456156
39243,0.031164452
39244,0.014560893
39245,0.02515579
39246,0.038708404
39247,0.06373833
39248,0.17470537
39249,0.055608716
39250,0.2535451
39251,0.09391923
39252,0.025838412
39253,0.055475295
39254,0.06309056
39255,0.024618812
39256,0.26749673
39257,0.41482466
39258,0.10627077
39259,0.054044075
39260,0.41414037
39261,0.7471134
39262,0.15074477
39263,0.10038816
39264,0.013537094
39265,0.09401685
39266,0.054943796
39267,0.04785514
39268,0.12436503
39269,0.082630195
39270,0.11392465
39271,1.0246729
39272,0.08130853
39273,0.05798661
39274,0.07018522
39275,0.029301472
39276,0.1491183
39277,0.4567875
39278,0.06320431
39279,0.16258603
39280,0.024378479
39281,0.10496423
39282,0.022958435
39283,0.0989512
39284,0.030627728
39285,0.0070201233
39286,0.02770336
39287,0.05879668
39288,0.06616032
39289,0.019362941
39290,0.067476824
39291,0.010166876
39292,0.015675128
39293,0.13048398
39294,0.034279794
39295,0.039576743
39296,0.03336947
39297,0.07678882
39298,0.113881834
39299,0.0566963
39300,0.96927464
39301,0.049914025
39302,0.120955914
39303,0.048999485
39304,0.037310805
39305,0.050069876
39306,0.047585566
39307,0.016152285
39308,0.018785693
39309,0.27805257
39310,0.025118925
39311,0.0074679554
39312,0.012486272
39313,0.14153913
39314,0.014877401
39315,0.11128356
39316,0.034924675
39317,0.045371715
39318,0.37106985
39319,0.012271047
39320,0.014177538
39321,0.015977114
39322,0.04132038
39323,0.024359182
39324,0.111999236
39325,0.06466863
39326,0.01313258
39327,0.009285949
39328,0.06812664
39329,0.25404188
39330,0.10804838
39331,0.09835969
39332,0.08150143
39333,0.028606586
39334,0.057690933
39335,0.07471931
39336,0.28367653
39337,0.120086506
39338,0.012606375
39339,0.017741509
39340,0.011145636
39341,0.010266788
39342,0.020016588
39343,0.015531778
39344,0.014861733
39345,0.025342561
39346,0.05946792
39347,0.05486852
39348,0.112480074
39349,0.1595397
39350,0.29562825
39351,0.023165517
39352,0.022649258
39353,0.010887772
39354,0.016028546
39355,0.020131014
39356,0.015233539
39357,0.03495819
39358,0.01679343
39359,0.015435882
39360,0.009909801
39361,0.078302056
39362,0.054417655
39363,0.013767593
39364,0.057528764
39365,0.098104395
39366,0.04603796
39367,0.029953443
39368,0.016486622
39369,0.1158287
39370,0.01124195
39371,0.47494668
39372,0.0615137
39373,0.075957045
39374,0.086725414
39375,0.01658789
39376,0.06737617
39377,0.019596525
39378,0.011276506
39379,0.0905273
39380,0.014838792
39381,0.108605444
39382,0.14862272
39383,0.043680087
39384,0.032214634
39385,0.025648497
39386,0.011512756
39387,0.00818976
39388,0.032074288
39389,0.009703822
39390,0.09835349
39391,0.07904455
39392,0.19235957
39393,0.026398785
39394,0.03077937
39395,0.043467093
39396,0.021573633
39397,0.017208144
39398,0.03330148
39399,0.036313843
39400,0.3134795
39401,0.25682536
39402,0.017730094
39403,0.12118098
39404,0.017752975
39405,0.021847248
39406,0.051746808
39407,0.018349752
39408,0.017454691
39409,0.017827533
39410,0.036900096
39411,0.016769215
39412,0.040146265
39413,0.038839463
39414,0.036041416
39415,0.07426018
39416,0.04474826
39417,0.036607686
39418,0.026481323
39419,0.2895549
39420,0.04138684
39421,0.064168476
39422,0.04576681
39423,0.12883082
39424,0.27581254
39425,0.01876378
39426,0.02550453
39427,0.2584366
39428,0.038016956
39429,0.26220775
39430,0.26036277
39431,0.069181375
39432,0.02311422
39433,-0.0047429428
39434,0.009526581
39435,0.0114157945
39436,0.12068326
39437,0.047078744
39438,0.83243495
39439,0.08860959
39440,0.04955004
39441,0.28154162
39442,0.0470255
39443,0.009234026
39444,0.023591265
39445,0.078959234
39446,0.11597971
39447,0.51606405
39448,0.47490558
39449,0.03459016
39450,0.07126431
39451,0.09317389
39452,0.27937517
39453,0.0070427507
39454,0.057445597
39455,0.041728605
39456,0.05604155
39457,0.12075685
39458,0.43614057
39459,0.14920625
39460,0.27395016
39461,0.5707385
39462,0.20669718
39463,0.021840096
39464,0.5094413
39465,0.070541486
39466,0.08543685
39467,0.040263843
39468,0.047567636
39469,0.035268687
39470,0.070995726
39471,0.10443923
39472,0.13502145
39473,0.1273152
39474,0.08380383
39475,0.39347753
39476,0.050112702
39477,0.036734268
39478,0.057500917
39479,0.04073113
39480,0.08309553
39481,0.03825125
39482,0.039432522
39483,0.029968962
39484,0.05772545
39485,0.10100593
39486,0.17657626
39487,0.039080355
39488,0.009347416
39489,0.49622035
39490,0.13946459
39491,0.22287747
39492,0.43109152
39493,0.45511192
39494,0.0051523447
39495,0.069103405
39496,0.05794836
39497,0.016441189
39498,0.042823758
39499,0.064267054
39500,0.07130628
39501,0.09571837
39502,0.15888163
39503,0.43245474
39504,0.014634609
39505,0.18157187
39506,0.056391913
39507,0.034551796
39508,0.27147534
39509,0.03435524
39510,0.056796137
39511,0.038400702
39512,0.1389463
39513,0.45542282
39514,0.10910389
39515,0.0147461
39516,0.020444907
39517,0.052232053
39518,0.054884814
39519,0.01911775
39520,0.03369987
39521,0.12978725
39522,0.16999656
39523,0.10362681
39524,0.10033919
39525,0.050917003
39526,0.037273545
39527,0.03541334
39528,0.034048557
39529,0.039446592
39530,0.14239287
39531,0.06777564
39532,0.11922989
39533,0.016205676
39534,0.043966223
39535,0.02841337
39536,0.017462097
39537,0.02399028
39538,0.044622514
39539,0.02193617
39540,0.058373027
39541,0.4911091
39542,0.3942215
39543,0.038305875
39544,0.038618784
39545,0.08897481
39546,0.052239217
39547,0.013913952
39548,0.05472774
39549,0.028408483
39550,0.15970016
39551,0.026738495
39552,0.024273127
39553,0.0368496
39554,0.0057777613
39555,0.06623658
39556,0.077856705
39557,0.24682656
39558,0.38507688
39559,0.23927334
39560,0.07394171
39561,0.04181993
39562,0.020920612
39563,0.04926117
39564,0.045287058
39565,0.012704112
39566,0.3800353
39567,0.048518382
39568,0.5005551
39569,0.12126139
39570,0.013405234
39571,0.1138609
39572,0.05010077
39573,0.04751576
39574,0.009397626
39575,0.039734185
39576,0.027128205
39577,0.013381645
39578,0.020400569
39579,0.022666134
39580,0.075355925
39581,0.042860597
39582,0.08952492
39583,0.06836568
39584,0.1163002
39585,0.26094282
39586,0.38700423
39587,0.07520448
39588,0.076648675
39589,0.015617661
39590,0.0394029
39591,0.08154481
39592,0.053242117
39593,0.11573163
39594,0.063210465
39595,0.10064012
39596,0.039109267
39597,0.018381782
39598,0.015856147
39599,0.13219193
39600,0.009278551
39601,0.059462182
39602,0.022943951
39603,0.02123852
39604,0.040315304
39605,0.06541304
39606,0.08084686
39607,0.12214422
39608,0.118829094
39609,0.2633946
39610,0.24364424
39611,0.18254611
39612,0.010065794
39613,0.08576486
39614,0.012707181
39615,0.04855125
39616,0.043116674
39617,0.087700196
39618,0.021335453
39619,0.01687961
39620,0.050852392
39621,0.05671196
39622,0.009611912
39623,0.07543356
39624,0.05625943
39625,0.07707319
39626,0.042038057
39627,0.27722022
39628,0.061947584
39629,0.15094957
39630,0.32531333
39631,0.12060596
39632,0.12041224
39633,0.067870006
39634,0.08839876
39635,0.071175314
39636,0.08755675
39637,0.0407065
39638,0.015511349
39639,0.2520777
39640,0.060664423
39641,0.058384717
39642,0.045396347
39643,0.058592033
39644,0.021435797
39645,0.016222946
39646,0.051180284
39647,0.49407667
39648,0.07931132
39649,0.044173747
39650,0.11016102
39651,0.85376847
39652,0.11296221
39653,0.016727656
39654,0.11708031
39655,0.061410286
39656,0.2559951
39657,0.42152458
39658,0.060691874
39659,0.018610202
39660,0.057479884
39661,0.045488074
39662,0.10124256
39663,0.23427469
39664,0.043633
39665,0.16014934
39666,0.06380387
39667,0.054894414
39668,0.023098
39669,0.070189886
39670,0.074712664
39671,0.016286597
39672,0.12356712
39673,0.13236144
39674,0.26669082
39675,0.08577117
39676,0.032631494
39677,0.114185974
39678,0.16533315
39679,0.27179715
39680,0.05080306
39681,0.017219365
39682,0.007875487
39683,0.06540723
39684,0.45516804
39685,0.048810165
39686,0.15857969
39687,0.43210188
39688,0.15157358
39689,0.015448391
39690,0.00705003
39691,0.044094414
39692,0.061090242
39693,0.40292123
39694,0.26402393
39695,0.10681403
39696,0.110443175
39697,0.13388638
39698,0.14405003
39699,0.12529138
39700,0.17931113
39701,0.2538875
39702,0.07677509
39703,0.039242417
39704,0.09972627
39705,0.044974655
39706,0.19159463
39707,0.87146175
39708,0.052552097
39709,0.259253
39710,0.038241092
39711,0.20747556
39712,0.0155306235
39713,0.040476263
39714,0.082381226
39715,0.018034607
39716,0.05733808
39717,0.55107194
39718,0.051821586
39719,0.08084618
39720,0.27417448
39721,0.16028078
39722,0.19932863
39723,0.25551295
39724,0.16244242
39725,0.024635732
39726,0.14028215
39727,0.11362977
39728,0.1167297
39729,0.98098636
39730,0.41025242
39731,0.2771583
39732,0.022969864
39733,0.1357842
39734,0.057907734
39735,0.02432689
39736,0.01515229
39737,0.01728075
39738,0.05806616
39739,0.010107033
39740,0.010679074
39741,0.04416714
39742,0.0685204
39743,0.11397104
39744,0.10513558
39745,0.12208159
39746,0.08452277
39747,0.1304599
39748,0.108065434
39749,0.091063954
39750,0.16601175
39751,0.01437398
39752,0.056046624
39753,0.95100653
39754,0.9797716
39755,0.5927761
39756,0.02450537
39757,0.01475022
39758,0.1012747
39759,0.44752324
39760,0.07883972
39761,0.006829232
39762,0.050192814
39763,0.06832804
39764,0.06182303
39765,0.4485817
39766,0.01873625
39767,0.035072777
39768,0.11642636
39769,0.1046907
39770,0.055040136
39771,0.03974686
39772,0.3606123
39773,0.09249023
39774,0.12239309
39775,0.10784596
39776,0.106552504
39777,0.93527985
39778,0.97432274
39779,0.48372406
39780,0.06630569
39781,0.02275481
39782,0.009495594
39783,0.49742848
39784,0.0913152
39785,0.1850492
39786,0.036891785
39787,0.10077539
39788,0.021671906
39789,0.1080635
39790,0.1118562
39791,0.12894204
39792,0.13673621
39793,0.4906539
39794,0.49941158
39795,0.17783943
39796,0.15687257
39797,0.08904258
39798,0.06501329
39799,0.10674024
39800,0.042508457
39801,0.031154133
39802,0.025537312
39803,0.109147474
39804,0.11583795
39805,0.113805905
39806,0.021621771
39807,0.95987296
39808,1.0238377
39809,0.93730104
39810,0.054821394
39811,0.13160181
39812,0.013767414
39813,0.45488033
39814,0.022275254
39815,0.016416699
39816,0.019471698
39817,0.058364432
39818,0.101144165
39819,0.052211378
39820,0.41701007
39821,1.022715
39822,0.06934033
39823,0.13532284
39824,0.10953895
39825,0.12637615
39826,0.059803467
39827,0.15232055
39828,0.12045334
39829,0.031948365
39830,0.08134034
39831,0.08447267
39832,0.111221746
39833,0.27707452
39834,0.2694522
39835,0.13792314
39836,0.064473465
39837,0.10530287
39838,0.064055085
39839,0.19092384
39840,0.027741395
39841,0.041822378
39842,0.0485453
39843,0.017689362
39844,0.020188726
39845,0.040811524
39846,0.046829715
39847,0.26477316
39848,0.6310684
39849,0.14970022
39850,0.1336267
39851,0.12087262
39852,0.15127411
39853,0.14666356
39854,0.5444599
39855,0.06262612
39856,0.037032735
39857,0.14602947
39858,0.15208015
39859,0.24731329
39860,0.43435508
39861,0.20308986
39862,0.12192686
39863,1.0257415
39864,0.13975659
39865,0.014365554
39866,0.23393211
39867,0.17135334
39868,0.015050583
39869,0.5407894
39870,0.064564034
39871,0.03902625
39872,0.043034792
39873,0.04451296
39874,0.136991
39875,0.45254266
39876,0.26110575
39877,0.2786574
39878,0.29153067
39879,0.1426605
39880,0.13508423
39881,0.24943358
39882,0.014684334
39883,0.16677216
39884,0.07711838
39885,0.04968155
39886,0.5057617
39887,0.25196674
39888,0.44302952
39889,0.27458066
39890,0.07909584
39891,0.12280768
39892,0.08422518
39893,0.036831953
39894,0.016361944
39895,0.028694138
39896,0.05316517
39897,0.11494972
39898,0.10430428
39899,0.21959946
39900,0.45628744
39901,0.7750181
39902,0.41568932
39903,0.2999822
39904,0.53082263
39905,0.09980256
39906,0.059971586
39907,0.05962854
39908,0.14067483
39909,0.26118526
39910,0.05679082
39911,0.019892909
39912,0.053028155
39913,0.13278829
39914,0.0436318
39915,0.10189915
39916,0.013883188
39917,0.01344499
39918,0.03427241
39919,0.07905061
39920,0.05821019
39921,0.077787295
39922,0.26818794
39923,0.26938057
39924,0.35215977
39925,0.69819075
39926,0.5774005
39927,0.26415375
39928,0.12076703
39929,0.03621859
39930,0.015182376
39931,0.048117828
39932,0.09047232
39933,0.029261068
39934,0.9416188
39935,0.04738251
39936,0.017747186
39937,0.06589077
39938,0.051311754
39939,0.3758509
39940,0.060103275
39941,0.04539445
39942,0.010789774
39943,0.043033123
39944,0.01415012
39945,0.015907548
39946,0.028229907
39947,0.10616974
39948,0.11178244
39949,0.6041381
39950,0.41769764
39951,0.38780993
39952,1.027697
39953,0.42298043
39954,0.3111189
39955,0.14115378
39956,0.029531889
39957,0.028137803
39958,0.049837865
39959,0.052769914
39960,0.03642235
39961,0.055229645
39962,0.42988303
39963,0.097774096
39964,0.26622847
39965,0.028966658
39966,0.111844674
39967,0.13390535
39968,0.13155529
39969,0.14861043
39970,0.057977654
39971,0.031643726
39972,0.041030463
39973,0.13232183
39974,0.99818474
39975,0.3904061
39976,0.78120863
39977,0.42265508
39978,0.25716123
39979,0.15292801
39980,0.09447559
39981,0.023475274
39982,0.052411266
39983,0.023046717
39984,0.09903985
39985,0.103863545
39986,0.18486243
39987,0.025400028
39988,0.06852551
39989,0.26952744
39990,0.045809463
39991,0.10783312
39992,0.19225217
39993,0.04429019
39994,0.14846364
39995,0.14595926
39996,0.07369716
39997,0.13935618
39998,0.032694645
39999,0.10100578
40000,0.07371445
40001,0.055609193
40002,0.11364651
40003,0.121396266
40004,0.122520514
40005,0.012383059
40006,0.10346876
40007,0.036733516
40008,0.037499595
40009,0.12260251
40010,0.03853658
40011,0.06086769
40012,0.05828533
40013,0.1950039
40014,0.2725919
40015,0.6981212
40016,0.112753935
40017,0.01451309
40018,0.014919497
40019,0.027789012
40020,0.054629955
40021,0.065776676
40022,0.11945701
40023,0.012225069
40024,0.033229787
40025,0.03229641
40026,0.08752828
40027,0.10073123
40028,0.4006922
40029,0.012705088
40030,0.019118212
40031,0.0698951
40032,0.075721726
40033,0.109448336
40034,0.423529
40035,0.14279506
40036,0.15716818
40037,0.027931683
40038,0.017490178
40039,0.06377765
40040,0.24389791
40041,0.049289826
40042,0.2724063
40043,0.037633963
40044,0.02752801
40045,0.12744175
40046,0.061820175
40047,0.045457274
40048,0.028559178
40049,0.070479274
40050,0.28508145
40051,0.026848897
40052,0.014718853
40053,0.02577997
40054,0.037472147
40055,0.056360517
40056,0.2543062
40057,0.05555051
40058,0.18677622
40059,0.10010868
40060,0.022822574
40061,0.016540281
40062,0.040953577
40063,0.048086066
40064,0.031417765
40065,0.2926272
40066,0.30442148
40067,0.020708956
40068,0.09489869
40069,0.050950773
40070,0.008816712
40071,0.42814994
40072,0.7573656
40073,0.16483219
40074,0.10439039
40075,0.017591543
40076,0.08833539
40077,0.05222156
40078,0.053858664
40079,0.10934016
40080,0.068523794
40081,0.11975568
40082,1.0585846
40083,0.06751117
40084,0.057285752
40085,0.0799687
40086,0.017091647
40087,0.029287226
40088,0.12325577
40089,0.4124605
40090,0.057638835
40091,0.1448955
40092,0.025817402
40093,0.09813064
40094,0.023527592
40095,0.08746637
40096,0.027559519
40097,0.006813213
40098,0.02773121
40099,0.058785208
40100,0.07214446
40101,0.020071186
40102,0.018230148
40103,0.06442118
40104,0.010754675
40105,0.14345278
40106,0.030810744
40107,0.046487797
40108,0.012868799
40109,0.032985862
40110,0.082315646
40111,0.093596414
40112,0.017281443
40113,0.055546667
40114,0.98803693
40115,0.047978442
40116,0.13044237
40117,0.035870768
40118,0.04183523
40119,0.01641959
40120,0.2803796
40121,0.022268824
40122,0.0047961846
40123,0.002937071
40124,0.0052904487
40125,0.11314828
40126,0.1266198
40127,0.3839412
40128,0.01222612
40129,0.016623534
40130,0.011113428
40131,0.03150604
40132,0.022563562
40133,0.14577274
40134,0.063440934
40135,0.005183734
40136,0.011171356
40137,0.067547336
40138,0.14035654
40139,0.10731377
40140,0.083199166
40141,0.08035056
40142,0.02424682
40143,0.04716247
40144,0.07329686
40145,0.14341818
40146,0.11794534
40147,0.013069794
40148,0.013108775
40149,0.0122029185
40150,0.018843964
40151,0.016946971
40152,0.0084695
40153,0.013981938
40154,0.012424156
40155,0.023894243
40156,0.07055529
40157,0.05036468
40158,0.09869577
40159,0.011137269
40160,0.13387153
40161,0.29559788
40162,0.009538569
40163,0.02060812
40164,0.008935161
40165,0.006679632
40166,0.016297482
40167,0.03432687
40168,0.016063936
40169,0.048681192
40170,0.013385147
40171,0.050372656
40172,0.09839955
40173,0.020063944
40174,0.034380607
40175,0.011239216
40176,0.03059218
40177,0.018509641
40178,0.10088018
40179,0.4641555
40180,0.062370785
40181,0.054898813
40182,0.06879707
40183,0.04049415
40184,0.019365855
40185,0.011304162
40186,0.06224093
40187,0.013894953
40188,0.09883878
40189,0.14745288
40190,0.020292334
40191,0.02184499
40192,0.034374624
40193,0.034455553
40194,0.02227664
40195,0.01056543
40196,0.028100282
40197,0.0071035773
40198,0.09784559
40199,0.07690643
40200,0.1594558
40201,0.009690598
40202,0.024152063
40203,0.024706088
40204,0.014804773
40205,0.05156379
40206,0.022669017
40207,0.037023474
40208,0.15842414
40209,0.2588729
40210,0.13570881
40211,0.008175157
40212,0.039864663
40213,0.014720708
40214,0.047597196
40215,0.009132974
40216,0.022091016
40217,0.008968309
40218,0.019274913
40219,0.019630246
40220,0.033690322
40221,0.040842
40222,0.041264456
40223,0.024642587
40224,0.09224566
40225,0.043533254
40226,0.035788257
40227,0.024298549
40228,0.29716823
40229,0.038139224
40230,0.20910017
40231,0.12663493
40232,0.14091839
40233,0.021707304
40234,0.13757159
40235,0.36265182
40236,0.06450732
40237,0.107957914
40238,0.059855353
40239,0.021433555
40240,0.014862515
40241,0.012630001
40242,0.09707037
40243,0.7955725
40244,0.11708592
40245,0.03941968
40246,0.028479688
40247,0.10674523
40248,0.05089677
40249,0.023127437
40250,0.023514926
40251,0.08380605
40252,0.11575027
40253,0.54588187
40254,0.44101006
40255,0.037227485
40256,0.05115452
40257,0.09158538
40258,0.27884173
40259,0.04276035
40260,0.05417567
40261,0.095213994
40262,0.03333849
40263,0.39009014
40264,0.14487576
40265,0.1377166
40266,0.55553085
40267,0.20837004
40268,0.023031622
40269,0.5049265
40270,0.068729535
40271,0.09435049
40272,0.045234527
40273,0.03282219
40274,0.08656066
40275,0.10002525
40276,0.1323582
40277,0.12724139
40278,0.02823522
40279,0.069060415
40280,0.39191607
40281,0.04494792
40282,0.0528906
40283,0.0708381
40284,0.03301721
40285,0.030560508
40286,0.06317839
40287,0.133385
40288,0.17273569
40289,0.042350512
40290,0.29556385
40291,0.24372429
40292,0.0805853
40293,0.43094108
40294,0.4334748
40295,0.00326889
40296,0.07425199
40297,0.049981438
40298,0.02050893
40299,0.015487649
40300,0.006377451
40301,0.037719663
40302,0.0684576
40303,0.074447036
40304,0.09797084
40305,0.15464029
40306,0.45865154
40307,0.029133849
40308,0.05501166
40309,0.033269297
40310,0.38765094
40311,0.03435524
40312,0.04140857
40313,0.035537574
40314,0.036199234
40315,0.12949437
40316,0.46929982
40317,0.110633545
40318,0.013714477
40319,0.020638958
40320,0.049290806
40321,0.066132866
40322,0.018051915
40323,0.1428506
40324,0.17285632
40325,0.099003136
40326,0.09495617
40327,0.022791855
40328,0.03534478
40329,0.034941692
40330,0.035990417
40331,0.14495143
40332,0.067801096
40333,0.12083896
40334,0.012889661
40335,0.04530996
40336,0.030494228
40337,0.018676564
40338,0.015204944
40339,0.024017856
40340,0.044658612
40341,0.060206015
40342,0.48448065
40343,0.4036401
40344,0.03622123
40345,0.035937145
40346,0.03524195
40347,0.099754535
40348,0.050201643
40349,0.0148066655
40350,0.05773169
40351,0.028178625
40352,0.24693763
40353,0.022820212
40354,0.025192373
40355,0.032935943
40356,0.06589324
40357,0.070678964
40358,0.16489628
40359,0.25481442
40360,0.24489331
40361,0.069661394
40362,0.04554522
40363,0.019411296
40364,0.04780189
40365,0.03789266
40366,0.26266584
40367,0.050370734
40368,0.47175443
40369,0.11787288
40370,0.10904449
40371,0.043476854
40372,0.026933327
40373,0.0210502
40374,0.080649756
40375,0.09716375
40376,0.07087147
40377,0.12748943
40378,0.2570907
40379,0.4348066
40380,0.075399324
40381,0.023760632
40382,0.09161328
40383,0.017439365
40384,0.10177706
40385,0.036849238
40386,0.11309114
40387,0.058283053
40388,0.08724173
40389,0.03779163
40390,0.047993213
40391,0.030059636
40392,0.016075164
40393,0.13396412
40394,0.011437684
40395,0.05309575
40396,0.025735326
40397,0.02208314
40398,0.036768645
40399,0.059922144
40400,0.07741004
40401,0.11700117
40402,0.123604685
40403,0.26494408
40404,0.14959724
40405,0.16116333
40406,0.012716651
40407,0.09970339
40408,0.045812756
40409,0.046188917
40410,0.082707755
40411,0.01893752
40412,0.04239436
40413,0.044303223
40414,0.041038804
40415,0.07796511
40416,0.028936304
40417,0.06285035
40418,0.079491116
40419,0.035391483
40420,0.13566831
40421,0.058605816
40422,0.14735422
40423,0.5515694
40424,0.13135473
40425,0.113685064
40426,0.06763786
40427,0.088224396
40428,0.06614766
40429,0.0853314
40430,0.04956833
40431,0.016386852
40432,0.26401737
40433,0.065047234
40434,0.06732758
40435,0.048693597
40436,0.05492424
40437,0.017353676
40438,0.04910447
40439,0.3022629
40440,0.07608563
40441,0.044129368
40442,0.11911754
40443,0.8377267
40444,0.111876935
40445,0.017237157
40446,0.1268747
40447,0.062357195
40448,0.17367843
40449,0.2858978
40450,0.06434454
40451,0.022123769
40452,0.055025708
40453,0.052525718
40454,0.09253097
40455,0.24030432
40456,0.033469338
40457,0.16397277
40458,0.06705658
40459,0.06397103
40460,0.012175202
40461,0.018670894
40462,0.023011588
40463,0.069604255
40464,0.07372742
40465,0.016085915
40466,0.13240904
40467,0.14412645
40468,0.2583778
40469,0.08704827
40470,0.03676913
40471,0.09744213
40472,0.16705126
40473,0.2744473
40474,0.056912817
40475,0.0503584
40476,0.008144803
40477,0.0410161
40478,0.47083464
40479,0.046449378
40480,0.16159621
40481,0.40251705
40482,0.15292658
40483,0.04413088
40484,0.057124607
40485,0.2617408
40486,0.25726652
40487,0.10371076
40488,0.11395182
40489,0.1317793
40490,0.13995849
40491,0.124274686
40492,0.17092678
40493,0.2599115
40494,0.07493207
40495,0.04574201
40496,0.09968921
40497,0.052211747
40498,0.19361731
40499,0.9087108
40500,0.059421744
40501,0.26152822
40502,0.0122804865
40503,0.040893354
40504,0.20496695
40505,0.048077203
40506,0.08076621
40507,0.018439747
40508,0.055555668
40509,0.54339945
40510,0.052175622
40511,0.08949209
40512,0.164368
40513,0.15482914
40514,0.19811758
40515,0.2526041
40516,0.16457617
40517,0.025902003
40518,0.14928475
40519,0.108568266
40520,0.11190389
40521,0.9935263
40522,0.41707885
40523,0.28701234
40524,0.019813694
40525,0.12575243
40526,0.008332856
40527,0.060206413
40528,0.02009599
40529,0.055790048
40530,0.009923346
40531,0.010987252
40532,0.04619451
40533,0.06949268
40534,0.111791775
40535,0.10481888
40536,0.11758481
40537,0.08558886
40538,0.13487698
40539,0.100077026
40540,0.023105234
40541,0.10654133
40542,0.27644733
40543,0.053266697
40544,0.9800363
40545,0.9708877
40546,0.5891717
40547,0.022276506
40548,0.10341259
40549,0.4437461
40550,0.0781352
40551,0.04413926
40552,0.009010807
40553,0.04889603
40554,0.07194868
40555,0.060868848
40556,0.0126016885
40557,0.45517763
40558,0.016766869
40559,0.03633993
40560,0.121325135
40561,0.10750351
40562,0.052611355
40563,0.041631073
40564,0.13136393
40565,0.085600145
40566,0.11373841
40567,0.10110784
40568,0.09678275
40569,0.9497514
40570,0.99277943
40571,0.5125715
40572,0.060157523
40573,0.024583466
40574,0.006719388
40575,0.48529184
40576,0.0899616
40577,0.26086846
40578,0.041267905
40579,0.11047995
40580,0.1021638
40581,0.117222585
40582,0.12589541
40583,0.14327687
40584,0.5317479
40585,0.53505594
40586,0.16496275
40587,0.150826
40588,0.09259042
40589,0.061587173
40590,0.100043684
40591,0.04438212
40592,0.029886805
40593,0.02135282
40594,0.12186181
40595,0.1273143
40596,0.04897586
40597,0.109272555
40598,0.019671164
40599,0.97598046
40600,1.0461594
40601,0.95195913
40602,0.05428214
40603,0.12469948
40604,0.012828581
40605,0.44234577
40606,0.023181386
40607,0.016353823
40608,0.056740843
40609,0.111427054
40610,0.06555747
40611,0.4030404
40612,1.0138187
40613,0.06127025
40614,0.13738558
40615,0.12223763
40616,0.119181976
40617,0.054725207
40618,0.15369523
40619,0.11804071
40620,0.031345733
40621,0.086993635
40622,0.097416595
40623,0.11229022
40624,0.049765497
40625,0.27252805
40626,0.19502836
40627,0.122997686
40628,0.06369261
40629,0.026526272
40630,0.10822736
40631,0.05606759
40632,0.19222395
40633,0.029129133
40634,0.038811322
40635,0.0429526
40636,0.017801099
40637,0.021119304
40638,0.037671525
40639,0.043112863
40640,0.26801598
40641,0.6511212
40642,0.16217819
40643,0.2884501
40644,0.09953283
40645,0.14413026
40646,0.1377387
40647,0.57464314
40648,0.06753796
40649,0.03606941
40650,0.02765242
40651,0.1379311
40652,0.14805944
40653,0.25820518
40654,0.4413643
40655,0.19708042
40656,0.11634229
40657,1.0591575
40658,0.124793984
40659,0.0143440515
40660,0.11990807
40661,0.24211031
40662,0.015472598
40663,0.047997147
40664,0.525833
40665,0.052563883
40666,0.03524188
40667,0.049462784
40668,0.04133534
40669,0.13883561
40670,0.4695899
40671,0.40163374
40672,0.2708914
40673,0.28692728
40674,0.1370967
40675,0.1453229
40676,0.24835044
40677,0.16681083
40678,0.07301932
40679,0.05125842
40680,0.49693406
40681,0.24741668
40682,0.044607665
40683,0.46925884
40684,0.2739022
40685,0.07281475
40686,0.121552184
40687,0.07651633
40688,0.039851304
40689,0.016751647
40690,0.031655394
40691,0.05659597
40692,0.10680253
40693,0.105866395
40694,0.11515651
40695,0.4503169
40696,0.74413735
40697,0.2731932
40698,0.3005947
40699,0.5271569
40700,0.10174644
40701,0.019644901
40702,0.06976679
40703,0.060557082
40704,0.13829392
40705,0.26484603
40706,0.056145493
40707,0.020500638
40708,0.05052201
40709,0.12988225
40710,0.039987456
40711,0.08621692
40712,0.020303652
40713,0.02745916
40714,0.014414668
40715,0.019413203
40716,0.0142878
40717,0.035067152
40718,0.06746201
40719,0.06442846
40720,0.08795839
40721,0.2537541
40722,0.13194533
40723,0.3956389
40724,0.70645463
40725,0.6169497
40726,0.26920187
40727,0.104796045
40728,0.040914644
40729,0.014184631
40730,0.049903706
40731,0.09614712
40732,0.96419907
40733,0.043445133
40734,0.015643962
40735,0.063862205
40736,0.04791811
40737,0.23989633
40738,0.05200734
40739,0.050848305
40740,0.0131454095
40741,0.037489474
40742,0.028089456
40743,0.10049012
40744,0.11388515
40745,0.6140554
40746,0.377879
40747,0.40585855
40748,1.0566955
40749,0.25946134
40750,0.3220093
40751,0.1395882
40752,0.028236419
40753,0.052673176
40754,0.058538936
40755,0.03853784
40756,0.059144612
40757,0.43422467
40758,0.10141205
40759,0.254594
40760,0.034181375
40761,0.11154358
40762,0.12883058
40763,0.14342487
40764,0.156566
40765,0.06250522
40766,0.0314247
40767,0.04320654
40768,0.12787372
40769,1.003407
40770,0.39487606
40771,0.8306262
40772,0.3742852
40773,0.17624676
40774,0.15294048
40775,0.09263696
40776,0.0155181065
40777,0.0141897425
40778,0.02363649
40779,0.012313567
40780,0.05319783
40781,0.100301325
40782,0.10281272
40783,0.036953032
40784,0.19812867
40785,0.02443555
40786,0.066111214
40787,0.27235618
40788,0.043590136
40789,0.11893335
40790,0.18976036
40791,0.038864378
40792,0.004239306
40793,0.14535493
40794,0.14356375
40795,0.071207255
40796,0.1489596
40797,0.09962101
40798,0.070895195
40799,0.05220241
40800,0.11416491
40801,0.112238735
40802,0.032801673
40803,0.011741452
40804,0.12448551
40805,0.012630433
40806,0.11878567
40807,0.037810765
40808,0.1254762
40809,0.04090172
40810,0.06247572
40811,0.054882187
40812,0.17618603
40813,0.26480016
40814,0.6990223
40815,0.11363115
40816,0.032564733
40817,0.05467854
40818,0.015663154
40819,0.06601905
40820,0.11362206
40821,0.010419436
40822,0.024391837
40823,0.024065062
40824,0.011885464
40825,0.0318902
40826,0.07898984
40827,0.105579756
40828,0.41232798
40829,0.0148463845
40830,0.02010765
40831,0.07112925
40832,0.074569464
40833,0.09954726
40834,0.2803628
40835,0.28900543
40836,0.011892572
40837,0.2580734
40838,0.027879387
40839,0.014252558
40840,0.0645323
40841,0.25374392
40842,0.046422657
40843,0.20117044
40844,0.028928146
40845,0.13325915
40846,0.062090017
40847,0.042302508
40848,0.019169852
40849,0.027633294
40850,0.062575586
40851,0.18620707
40852,0.027100123
40853,0.01812198
40854,0.0294023
40855,0.039142255
40856,0.055994347
40857,0.26404056
40858,0.04974662
40859,0.2597951
40860,0.085225545
40861,0.023989595
40862,0.051345214
40863,0.023811601
40864,0.28140152
40865,0.01555796
40866,0.29416424
40867,0.020525195
40868,0.093924105
40869,0.05204594
40870,0.008816712
40871,0.414963
40872,0.7513388
40873,0.14689082
40874,0.11521265
40875,0.012600683
40876,0.083063126
40877,0.04879286
40878,0.048479464
40879,0.109764285
40880,0.076467626
40881,0.11146153
40882,1.008324
40883,0.07799938
40884,0.013596207
40885,0.06466537
40886,0.07828933
40887,0.017774276
40888,0.030003592
40889,0.13574475
40890,0.2938695
40891,0.051625162
40892,0.15425637
40893,0.10298724
40894,0.023505792
40895,0.09076546
40896,0.028319001
40897,0.031083431
40898,0.054356024
40899,0.067199
40900,0.022051342
40901,0.05982788
40902,0.013120085
40903,0.2794531
40904,0.030527793
40905,0.04396744
40906,0.013923451
40907,0.033219125
40908,0.06800115
40909,0.09744878
40910,0.01747799
40911,0.05062489
40912,1.0065233
40913,0.054842416
40914,0.13476294
40915,0.048049703
40916,0.033871625
40917,0.03937971
40918,0.034406148
40919,0.014820218
40920,0.017867789
40921,0.26918977
40922,0.023836814
40923,0.0051085427
40924,0.005208768
40925,0.13758184
40926,0.016318798
40927,0.10269324
40928,0.034919325
40929,0.043534197
40930,0.2663025
40931,0.011814326
40932,0.015542991
40933,0.015073173
40934,0.028253578
40935,0.027947485
40936,0.1292405
40937,0.0661586
40938,0.012141973
40939,0.01714456
40940,0.045534637
40941,0.16888216
40942,0.10314122
40943,0.074882835
40944,0.062208116
40945,0.025319353
40946,0.04878719
40947,0.017414436
40948,0.06361781
40949,0.14449683
40950,0.15399706
40951,0.009824239
40952,0.026638225
40953,0.061765812
40954,0.05143345
40955,0.09801847
40956,0.011091605
40957,0.14354171
40958,0.3260917
40959,0.018732466
40960,0.02412092
40961,0.01810047
40962,0.031453356
40963,0.045964144
40964,0.029500626
40965,0.05191787
40966,0.015164442
40967,0.054248028
40968,0.10554239
40969,0.019310832
40970,0.032642342
40971,0.009831309
40972,0.031454355
40973,0.09953625
40974,0.32655206
40975,0.0530009
40976,0.0580215
40977,0.07124996
40978,0.053315986
40979,0.01870235
40980,0.012102112
40981,0.0813304
40982,0.014815718
40983,0.1162483
40984,0.0062715933
40985,0.14887396
40986,0.01592888
40987,0.028781198
40988,0.01231344
40989,0.010212533
40990,0.0323808
40991,0.098048136
40992,0.07741357
40993,0.15289062
40994,0.021655925
40995,0.046784822
40996,0.025852017
40997,0.033844978
40998,0.30289686
40999,0.28312108
41000,0.10227877
41001,0.041756466
41002,0.018595837
41003,0.0037400275
41004,0.0428982
41005,0.021374315
41006,0.048127133
41007,0.0449745
41008,0.14118943
41009,0.051510625
41010,0.053287856
41011,0.12692325
41012,0.13888212
41013,0.023646548
41014,0.013498165
41015,0.15013953
41016,0.19234669
41017,0.060447782
41018,0.10510699
41019,0.056238838
41020,0.011890486
41021,0.13034864
41022,0.05114938
41023,0.8201567
41024,0.11517658
41025,0.26835647
41026,0.048835836
41027,0.023779668
41028,0.023711137
41029,0.012256347
41030,0.10828096
41031,0.51829505
41032,0.46603492
41033,0.03759589
41034,0.051796976
41035,0.021505214
41036,0.12943709
41037,0.13731915
41038,0.038618743
41039,0.04188633
41040,0.059421286
41041,0.11389068
41042,0.2745538
41043,0.14623865
41044,0.12408945
41045,0.6156208
41046,0.20508587
41047,0.5240185
41048,0.05906823
41049,0.100609295
41050,0.046587788
41051,0.031956792
41052,0.08447864
41053,0.10788847
41054,0.123115905
41055,0.123979546
41056,0.025754958
41057,0.032225084
41058,0.068743944
41059,0.25765577
41060,0.044828646
41061,0.03400136
41062,0.0452517
41063,0.06966862
41064,0.040444642
41065,0.060178295
41066,0.10533097
41067,0.17076388
41068,0.037491214
41069,0.013831645
41070,0.12744968
41071,0.14636832
41072,0.07698725
41073,0.4386024
41074,0.4383055
41075,0.07879658
41076,0.054301903
41077,0.013460055
41078,0.041471362
41079,0.06900297
41080,0.09640297
41081,0.15569298
41082,0.48051924
41083,0.033642303
41084,0.0572505
41085,0.02709619
41086,0.0282017
41087,0.035147253
41088,0.15391801
41089,0.036657467
41090,0.048786424
41091,0.038931184
41092,0.116392985
41093,0.5115048
41094,0.101482324
41095,0.016020477
41096,0.022300236
41097,0.04565949
41098,0.05665925
41099,0.12929758
41100,0.17394304
41101,0.101320855
41102,0.0886511
41103,0.051132314
41104,0.038304824
41105,0.033552945
41106,0.032647647
41107,0.03498771
41108,0.14214405
41109,0.07526026
41110,0.116225585
41111,0.014295362
41112,0.04301664
41113,0.03192474
41114,0.017352037
41115,0.015998423
41116,0.024739392
41117,0.04495677
41118,0.025082402
41119,0.05655743
41120,0.5324683
41121,0.40207487
41122,0.033033058
41123,0.035283905
41124,0.08616586
41125,0.04524734
41126,0.016032614
41127,0.053092346
41128,0.014861241
41129,0.025093801
41130,0.2550305
41131,0.024743602
41132,0.022627473
41133,0.035504565
41134,0.066912025
41135,0.07534425
41136,0.15104766
41137,0.26697233
41138,0.24584529
41139,0.072996534
41140,0.038301043
41141,0.021427207
41142,0.05392169
41143,0.034127332
41144,0.4213055
41145,0.046436097
41146,0.5094031
41147,0.13080144
41148,0.11219694
41149,0.046284385
41150,0.044324175
41151,0.036937635
41152,0.017938063
41153,0.019803703
41154,0.07267492
41155,0.042616505
41156,0.09839711
41157,0.06672284
41158,0.1244104
41159,0.16672452
41160,0.37027636
41161,0.08094275
41162,0.023158632
41163,0.09127713
41164,0.01875358
41165,0.038009997
41166,0.09773143
41167,0.05725344
41168,0.11694252
41169,0.060977895
41170,0.08894562
41171,0.037749704
41172,0.055261005
41173,0.019087136
41174,0.11675022
41175,0.058000136
41176,0.026241839
41177,0.02358251
41178,0.030042984
41179,0.063504465
41180,0.08430062
41181,0.12604819
41182,0.12546226
41183,0.26393807
41184,0.15274063
41185,0.26209497
41186,0.012901977
41187,0.095775984
41188,0.05104627
41189,0.04262768
41190,0.088747635
41191,0.02121412
41192,0.01876504
41193,0.04606945
41194,0.04354217
41195,0.030079737
41196,0.058754265
41197,0.006699495
41198,0.069914564
41199,0.039366305
41200,0.13865419
41201,0.06753135
41202,0.14236726
41203,0.5525823
41204,0.11694038
41205,0.12997043
41206,0.06774695
41207,0.08721616
41208,0.066102386
41209,0.08558859
41210,0.043952856
41211,0.010124654
41212,0.26081067
41213,0.06325753
41214,0.06257125
41215,0.04762468
41216,0.06381858
41217,0.019313037
41218,0.047252063
41219,0.19415492
41220,0.082084954
41221,0.04519525
41222,0.10500133
41223,0.85499275
41224,0.10434297
41225,0.016146235
41226,0.11640386
41227,0.062911354
41228,0.1692121
41229,0.29260263
41230,0.058515735
41231,0.022716574
41232,0.055957872
41233,0.05280503
41234,0.08970749
41235,0.16189998
41236,0.046961058
41237,0.2382682
41238,0.064641654
41239,0.07094796
41240,0.01815109
41241,0.024341978
41242,0.06917535
41243,0.076873586
41244,0.015511662
41245,0.1296782
41246,0.13514194
41247,0.1658637
41248,0.080465294
41249,0.034100387
41250,0.12034433
41251,0.15600333
41252,0.27788913
41253,0.056870576
41254,0.048400838
41255,0.007636316
41256,0.06388333
41257,0.43924296
41258,0.29030812
41259,0.4064572
41260,0.15299986
41261,0.013807736
41262,0.012977429
41263,0.04690885
41264,0.05297322
41265,0.41275662
41266,0.25197545
41267,0.105165616
41268,0.10493583
41269,0.12974502
41270,0.14976
41271,0.13732634
41272,0.17673752
41273,0.25572413
41274,0.07066128
41275,0.039242417
41276,0.10079941
41277,0.04821418
41278,0.19146897
41279,0.8762548
41280,0.059133656
41281,0.3997623
41282,0.038191713
41283,0.19666892
41284,0.015001684
41285,0.05172061
41286,0.0826196
41287,0.017823532
41288,0.054797377
41289,0.56213945
41290,0.054574195
41291,0.087687455
41292,0.17622918
41293,0.15312396
41294,0.1986483
41295,0.26688728
41296,0.1504862
41297,0.022667974
41298,0.25214842
41299,0.11460109
41300,0.10918113
41301,0.9639241
41302,0.42068747
41303,0.29665834
41304,0.02043821
41305,0.23030987
41306,0.056380656
41307,0.023962244
41308,0.059600137
41309,0.043076858
41310,0.0688948
41311,0.11517597
41312,0.10882835
41313,0.11648624
41314,0.07553605
41315,0.12755345
41316,0.098643385
41317,0.024571769
41318,0.10760468
41319,0.38761228
41320,0.015600845
41321,0.05225047
41322,0.9554003
41323,0.992217
41324,0.5895339
41325,0.094555214
41326,0.48215505
41327,0.076667555
41328,0.04590886
41329,0.045831
41330,0.07155454
41331,0.06315578
41332,0.01234033
41333,0.44196767
41334,0.017082915
41335,0.032938227
41336,0.12033356
41337,0.10664265
41338,0.04864982
41339,0.042487178
41340,0.13897774
41341,0.087103166
41342,0.022329874
41343,0.12651445
41344,0.103935696
41345,0.09708608
41346,0.95083654
41347,0.930796
41348,0.5142287
41349,0.0661906
41350,0.021607824
41351,0.0072137043
41352,0.5220552
41353,0.08789267
41354,0.26666513
41355,0.03871022
41356,0.10381459
41357,0.019247651
41358,0.088094234
41359,0.108010165
41360,0.13556701
41361,0.14795628
41362,0.51958704
41363,0.5563562
41364,0.17352955
41365,0.15733229
41366,0.094723426
41367,0.06108999
41368,0.096986145
41369,0.043730635
41370,0.029603831
41371,0.020729892
41372,0.1224442
41373,0.12677348
41374,0.04387613
41375,0.1040777
41376,0.02028998
41377,0.97729
41378,1.0444565
41379,0.9476092
41380,0.05288052
41381,0.12981358
41382,0.4605076
41383,0.017645322
41384,0.020013407
41385,0.05780494
41386,0.10938105
41387,0.053890307
41388,0.4219309
41389,1.0134524
41390,0.06899589
41391,0.12294796
41392,0.1346117
41393,0.12728746
41394,0.050810203
41395,0.15856889
41396,0.11631229
41397,0.036217306
41398,0.08925204
41399,0.0915217
41400,0.11079928
41401,0.0472718
41402,0.2725823
41403,0.26811886
41404,0.13181919
41405,0.07037031
41406,0.10461138
41407,0.056047868
41408,0.2800961
41409,0.028124101
41410,0.041385625
41411,0.05373485
41412,0.017035395
41413,0.022795454
41414,0.047617737
41415,0.04696142
41416,0.27334464
41417,0.6337271
41418,0.12505293
41419,0.14157203
41420,0.12224946
41421,0.13711917
41422,0.14166686
41423,0.57904744
41424,0.069873825
41425,0.0278242
41426,0.12822784
41427,0.13977107
41428,0.2684533
41429,0.4413643
41430,0.2743985
41431,0.12033271
41432,1.0343546
41433,0.13122654
41434,0.015045404
41435,0.1178026
41436,0.174151
41437,0.013729341
41438,0.047505386
41439,0.5186325
41440,0.05173024
41441,0.039432086
41442,0.04681679
41443,0.047632396
41444,0.1376366
41445,0.47277296
41446,0.25662047
41447,0.27833682
41448,0.279444
41449,0.13951036
41450,0.13130294
41451,0.24452838
41452,0.0135703385
41453,0.15737507
41454,0.07660849
41455,0.048566915
41456,0.49205804
41457,0.24838617
41458,0.042504165
41459,0.28141764
41460,0.39379492
41461,0.07674848
41462,0.12290748
41463,0.08019795
41464,0.015538052
41465,0.032164328
41466,0.059543118
41467,0.11341317
41468,0.108570546
41469,0.13204508
41470,0.44214857
41471,0.76117516
41472,0.45475274
41473,0.16123211
41474,0.55932456
41475,0.09886537
41476,0.021603003
41477,0.063395
41478,0.061264098
41479,0.1451913
41480,0.26118526
41481,0.053846918
41482,0.021083772
41483,0.055500768
41484,0.13677765
41485,0.043790795
41486,0.095447466
41487,0.015971027
41488,0.012841836
41489,0.028050333
41490,0.018119462
41491,0.018467471
41492,0.011923492
41493,0.034716718
41494,0.07273256
41495,0.06544793
41496,0.08384411
41497,0.26265496
41498,0.13891964
41499,0.36354756
41500,0.6687255
41501,0.5975151
41502,0.20447019
41503,0.11109698
41504,0.05190754
41505,0.10229756
41506,0.015575111
41507,0.029847004
41508,0.97314036
41509,0.046954114
41510,0.059547946
41511,0.04491607
41512,0.23062563
41513,0.042400833
41514,0.013114817
41515,0.03535855
41516,0.016850993
41517,0.0300797
41518,0.11421556
41519,0.11650422
41520,0.6097873
41521,0.41660497
41522,0.28198624
41523,1.0394205
41524,0.2573224
41525,0.3125797
41526,0.13882682
41527,0.035870317
41528,0.02835618
41529,0.025509082
41530,0.04843901
41531,0.050418854
41532,0.06453096
41533,0.43811318
41534,0.09664209
41535,0.37992176
41536,0.030555643
41537,0.11199261
41538,0.13233839
41539,0.1452311
41540,0.15665346
41541,0.058453996
41542,0.043846563
41543,0.12786037
41544,0.9897232
41545,0.4475953
41546,0.7876634
41547,0.3981531
41548,0.18876831
41549,0.1455902
41550,0.09508756
41551,0.033665765
41552,0.022262767
41553,0.012652598
41554,0.052626576
41555,0.11578181
41556,0.10717449
41557,0.048063267
41558,0.19621809
41559,0.07301896
41560,0.2723963
41561,0.044817284
41562,0.010844633
41563,0.11345893
41564,0.18818894
41565,0.03840747
41566,0.0056038275
41567,0.23662692
41568,0.15689957
41569,0.070391424
41570,0.13281004
41571,0.10498451
41572,0.070754156
41573,0.052544124
41574,0.12634173
41575,0.11417647
41576,0.03136602
41577,0.009774506
41578,0.13449721
41579,0.013047673
41580,0.10701732
41581,0.03796026
41582,0.13738105
41583,0.035139263
41584,0.05972436
41585,0.009842023
41586,0.062344395
41587,0.17353803
41588,0.25412062
41589,0.6967817
41590,0.117320545
41591,0.015165761
41592,0.030109309
41593,0.052244645
41594,0.015052378
41595,0.059585236
41596,0.11635199
41597,0.014191225
41598,0.022521242
41599,0.020499408
41600,0.011671431
41601,0.030532576
41602,0.0796081
41603,0.0958262
41604,0.43947604
41605,0.012977399
41606,0.019506738
41607,0.06741436
41608,0.08080754
41609,0.09457496
41610,0.41744852
41611,0.29063278
41612,0.0101745725
41613,0.25310847
41614,0.030299403
41615,0.01478941
41616,0.07118123
41617,0.15849325
41618,0.047125846
41619,0.20985267
41620,0.013023235
41621,0.017861344
41622,0.027502932
41623,0.1237524
41624,0.059632666
41625,0.04480872
41626,0.018620089
41627,0.027439684
41628,0.06938129
41629,0.27370855
41630,0.028390534
41631,0.011729158
41632,0.01990287
41633,0.025601156
41634,0.058804836
41635,0.26536947
41636,0.05298045
41637,0.25817376
41638,0.08833311
41639,0.015008025
41640,0.04509647
41641,0.047019105
41642,0.025276259
41643,0.38017857
41644,0.29576856
41645,0.02136936
41646,0.09806591
41647,0.050163116
41648,0.012647092
41649,0.2662167
41650,0.7508028
41651,0.17054167
41652,0.09777822
41653,0.01305934
41654,0.09018504
41655,0.049637344
41656,0.0498912
41657,0.10210759
41658,0.07554238
41659,0.11844582
41660,1.0386311
41661,0.07871449
41662,0.057754498
41663,0.072755784
41664,0.12565537
41665,0.3123045
41666,0.057633433
41667,0.15617663
41668,0.10669136
41669,0.021520272
41670,0.087259546
41671,0.03023076
41672,0.028607853
41673,0.058864273
41674,0.0726517
41675,0.028565258
41676,0.06013613
41677,0.012277946
41678,0.2880179
41679,0.03136044
41680,0.044450838
41681,0.0138041675
41682,0.032655124
41683,0.080820724
41684,0.09249625
41685,0.054846376
41686,0.98419744
41687,0.05399689
41688,0.13189206
41689,0.046364382
41690,0.039865717
41691,0.042644124
41692,0.0364485
41693,0.014310442
41694,0.015851371
41695,0.2746732
41696,0.021091789
41697,0.01368513
41698,0.15227531
41699,0.1179988
41700,0.03781946
41701,0.041031286
41702,0.2610788
41703,0.034598187
41704,0.021139093
41705,0.289517
41706,0.063674584
41707,0.015298553
41708,0.015317157
41709,0.058055233
41710,0.13743913
41711,0.091548935
41712,0.08854662
41713,0.068979666
41714,0.03994052
41715,0.15780023
41716,0.2357561
41717,0.0133600235
41718,0.012388438
41719,0.010327682
41720,0.01766283
41721,0.015549213
41722,0.008461483
41723,0.012612626
41724,0.023610443
41725,0.067610785
41726,0.059191905
41727,0.106042586
41728,0.14377233
41729,0.29475588
41730,0.0234176
41731,0.010394797
41732,0.016537823
41733,0.017557174
41734,0.014380962
41735,0.03253757
41736,0.0061514005
41737,0.013497375
41738,0.006497249
41739,0.056384448
41740,0.03185218
41741,0.05383321
41742,0.015085146
41743,0.09852232
41744,0.03573735
41745,0.031077724
41746,0.09441794
41747,0.010627843
41748,0.31513923
41749,0.055543393
41750,0.045470368
41751,0.07870009
41752,0.048027493
41753,0.018347062
41754,0.06042653
41755,0.015719518
41756,0.11616529
41757,0.15203282
41758,0.01635702
41759,0.012437224
41760,0.03915507
41761,0.033151582
41762,0.008955196
41763,0.024809085
41764,0.019960918
41765,0.09782287
41766,0.07809063
41767,0.033806935
41768,0.16198573
41769,0.022376396
41770,0.025856994
41771,0.03947218
41772,0.032129843
41773,0.30041233
41774,0.15468638
41775,0.014126867
41776,0.11378889
41777,0.016178653
